﻿web-scraper-order,web-scraper-start-url,name,price,descr,image src,versionsupoort
"1642957117-34","https://landofcoder.com/magento-2-brand-extension.html","Brand Extension for Magento 2","null","Create and show flexible professional brand carousel, most inspirational brand pages with our Magento 2 brand extensionDisplay brand image block anywhere on your siteBrand Logo with Owl CarouselNice Brand PageShow brands page with multiple layoutsEasy to use & customizeSeo Optimization[New] GraphQL is availableExplore Other Best Magento 2 ExtensionsThis product is free now. For free license, we DON'T provide support service. Hence, if you want to get our support service for this product, please purchase extended support packages.","https://landofcoder.com/media/catalog/product/cache/1/image/9df78eab33525d08d6e5fb8d27136e95/m/a/magento-2-brand-extension-main.png","Community Edition:  2.1.x, 2.2.x, 2.3.x, 2.4.x"
"1642957234-52","https://landofcoder.com/magento-2-admin-theme.html","Free Magento 2 Admin Theme","null","Are you looking for a tool to better your Magento Store Management? But it still exists some complicated issues at the backend. By the way, let our Magento 2 Admin Theme help you. It gives your Magento Admin a facelift and improves the admin theme and makes it better and more user-friendly.Responsive Design & Retina ReadyMobile-OptimizedUser-friendly & Modern DesignFrequent UpdateNew Interface Of Login & Forgot PasswordTranslation Ready & support RTLEasy To Use & Customize (Coming soon)Attractive Admin Font IconsClean CodeProduct recommendations: Advanced Reports, Page Builder, Mega MenuExplore Other Best Magento 2 ExtensionsThis product is free now. For free license, we DON'T provide support service. Hence, if you want to get our support service for this product, please purchase one of our extended support packages.","https://landofcoder.com/media/catalog/product/cache/1/image/9df78eab33525d08d6e5fb8d27136e95/m/2/m2-admin-theme.jpg","Community Edition:  2.0.x, 2.1.x, 2.2.x, 2.3.x, 2.4.x"
"1642957318-62","https://landofcoder.com/magento-2-login-as-customer.html","Magento 2 Login As Customer","null","Magento 2 Login As Customer extension supports store Admin to log in and have full control of customers’ accounts in a click without filling a security code or changing authentication data. 
This module allows the admin to manage all account data on behalf of customers, gets a deeper insight on how the store works, and performs tests/ detect all issues within the “ My Account” area.Compatible with Magento 2 Guest to CustomerLog in Customer Account from the Back-end Login As Customer button in the account pageEasy-to-use entrance logSet the Login Permissions & RestrictionPage Cache Disabling For Admin UserGuest Shopping Cart ItemsProduct recommendations: Guest to Customer, Product Reviews, Customer AttributesYou may concern in other products, browse the Magento 2 Extension CategoriesThis product is free now. For free licenses, we DON'T provide support services. Hence, if you want to get our support service for this product, please purchase extended support packages.","https://landofcoder.com/media/catalog/product/cache/1/image/9df78eab33525d08d6e5fb8d27136e95/m/2/m2-login-as-customer.png","Community Edition:  2.3.x, 2.4.x"
"1642957147-38","https://landofcoder.com/faq-extension-for-magento2.html","FAQ Extension for Magento 2","null","The FAQ page is an important part of any eCommerce site, and with the help of our Magento 2 FAQs, you can create an FAQ page of your own to suit any of your business goals.This module helps to create an informative and even SEO-friendly FAQ page to address common questions for the customers. The customers that come to your store can find it much more convenient when they come to your Magento 2 store.Optimized for MobilesAjax live search based on content, keyword, tagUnlimited FAQs divided into categories FEATUREDView answers to each questionShow frequently asked questions to save customer's time Place FAQs anywhere using FAQ blocks  FEATUREDShow FAQ on product detail PageMultiple beautiful layouts & stylesLive Editor: Change font size, text color, background color, border-color[New] Change question icon as your expectation[New] Multiple animations effects supportedShow related questions & products[New] Social Networks Integrated[New] Question Vote: Like or DislikeImprove SEO score FEATUREDSupport PWA, REST API, GraphQLFAQ extension for Magento 2 is the part of Business Kit and loyalty program.Explore Other Best Magento 2 ExtensionsThis product is free now. For free license, we DON'T provide support service. Hence, if you want to get our support service for this product, please purchase one of our extended support packages.","https://landofcoder.com/media/catalog/product/cache/1/image/9df78eab33525d08d6e5fb8d27136e95/m/a/magento-2-faq-main.png","Community Edition:  2.0.x, 2.1.x, 2.2.x, 2.3.x, 2.4.x"
"1642957506-78","https://landofcoder.com/magento-2-gdpr-extension.html","Magento 2 GDPR Extension","null","Free Magento 2 GDPR extension comes with General Data Protection Regulation Compliance to protect the rights of both merchants and customers. This module can work well with Landofcoder Magento 2 Marketplace Extension and Marketplace Pro.Able to delete customer accountsAllow to delete default addressesPermanently delete seller accountsCustomize a message for deleted accountsEasily configure GDPR in Magento 2Support Composer InstallExplore Other Best Magento 2 ExtensionsThis product is free now. For free license, we DON'T provide support service. Hence, if you want to get our support service for this product, please purchase extended support packages.","https://landofcoder.com/media/catalog/product/cache/1/image/9df78eab33525d08d6e5fb8d27136e95/m/a/magento-2-gdpr-extension-main.png","Community Edition:  2.3.x, 2.4.x"
"1642957226-50","https://landofcoder.com/magento-2-slack-integration-extension.html","Magento 2 Slack Integration Extension","null","Are you looking for the best solution for your Magento 2 Store with Slack Chat? Don't waste time anymore. This Free Magento 2 Slack Integration will help you receive Notification Sale on your store such as New order, New Customers, New Review Submitted immediately.Also, thanks to integrating Slack Chat in Magento 2 Store, you can control all notification about order, customers, review effectively, without login Admin Panel. So you can save tons of time and cost.Immediately announce Customer Review ProductsInstantly Notified New Order on SlackInstantly Notified New CustomerEase to Configure at the backendDifferent Notification Types for each ChannelsNotified Shipping Status quicklyConvenient to Get notification all Storeview in one place at the same timeDisplayed RTL Languages and MultilingualEffectively record Daily Sale, Weekly Summarise at the current timeProduct recommendations: Social Login, Gift Card, Live ChatExplore Other Best Magento 2 ExtensionsThis product is free now. For free license, we DON'T provide support service. Hence, if you want to get our support service for this product, please purchase extended support packages.","https://landofcoder.com/media/catalog/product/cache/1/image/9df78eab33525d08d6e5fb8d27136e95/m/2/m2-slack-integration.png","Community Edition:  2.1.x, 2.2.x, 2.3.x, 2.4.x"
"1642957200-45","https://landofcoder.com/magento-2-infinite-scroll.html","Magento 2 Infinite Scroll","null","Ajax scroll without interruptionFreely scroll down & See what page of the catalog they're onAutomatically loading pagesShow Loading ButtonPossibility to give/ share links to certain positionEasy to customizeSimilar technique as seen on Twitter, FacebookIncrease the conversion rate at your store.Easy to Change Button and Loading TextUse in category page and search pageProduct recommendations: Reward Points, Image Slider, Layered NavigationExplore Other Best Magento 2 ExtensionsThis product is free now. For free license, we DON'T provide support service. Hence, if you want to get our support service for this product, please purchase extended support packages.","https://landofcoder.com/media/catalog/product/cache/1/image/9df78eab33525d08d6e5fb8d27136e95/m/2/m2-infinite-scroll.png","Community Edition:  2.1.x, 2.2.x, 2.3.x, 2.4.x"
"1642957473-74","https://landofcoder.com/magento-2-one-page-reviews.html","Magento 2 One Page Reviews","null","Magento 2 One Page Reviews supports Magento 2 store to collect and display all customers' reviews on a single page.Let's get a better picture of your products & encourage more purchases by creating an effective review page for your store.Magento 2 One Page Reviews is the part of Business Kit and loyalty program.Explore Other Best Magento 2 ExtensionsThis product is free now. For free licenses, we DON'T provide support services. Hence, if you want to get our support service for this product, please purchase extended support packages.","https://landofcoder.com/media/catalog/product/cache/1/image/9df78eab33525d08d6e5fb8d27136e95/m/a/magento-2-one-page-review-2.png","Community Edition:  2.3.x, 2.4.x"
"1642957492-77","https://landofcoder.com/magento-2-pincode-checker.html","Magento 2 Pincoder Checker","null","Magento 2 Pincode Checker FREE provides the admin the opportunity to check the availability of Pincode for the product. Or even exclude Pincode by product. This module supports to add, edit, update, and delete product Pincodes by the admin. import bulk of Pincodes via CSV files.Check pproduct pincode on the product pageImport Pincodes with ease from the backendBulk import Pincodes by using .csv filesExplore Other Best Magento 2 ExtensionsThis product is free now. For free license, we DON'T provide support service. Hence, if you want to get our support service for this product, please purchase extended support packages.","https://landofcoder.com/media/catalog/product/cache/1/image/9df78eab33525d08d6e5fb8d27136e95/m/a/magento-2-pincode-checker.png","Community Edition:  2.3.x, 2.4.x"
"1642957511-79","https://landofcoder.com/magento-2-multiple-cart-delete.html","Magento 2 Multiple Cart Delete","null","How to delete items from cart in Magento 2? Your customers will need this functionality for more convenient shopping.Our free Magento 2 Multiple Cart Delete extension allows customers to delete multiple products in the shopping cart at once without refresh the page.Explore other Magento 2 Extensions and Free Magento 2 Extensions.This product is free now. For free license, we DON'T provide support service. Hence, if you want to get our support service for this product, please purchase extended support packages.","https://landofcoder.com/media/catalog/product/cache/1/image/9df78eab33525d08d6e5fb8d27136e95/m/a/magento-2-multiple-cart-delete-main.png","Community Edition:  2.3.x, 2.4.x"
"1642957409-68","https://landofcoder.com/magento-2-we-miss-you.html","Magento 2 We Miss You Email Extension","null","This product is FREE now. For free licenses, we DON'T provide free support services. Hence, if you want to get our support service for this product, please purchase extended support packages.","https://landofcoder.com/media/catalog/product/cache/1/image/9df78eab33525d08d6e5fb8d27136e95/m/a/magento-2-we-miss-you-main.png","Community Edition:  2.3.x, 2.4.x"
"1642957270-56","https://landofcoder.com/magento-2-live-chat-extension.html","Magento 2 Live Chat Extension","null","Magento 2 Live Chat Extension FREE help you chat directly with customers and clear their doubts about all the product’s aspects. The higher levels of satisfaction with online chat are partially due to the efficiency and immediacy of the experience in your site. Let’s look at some powerful features of Magento 2 Live Chat Extension:Directly Online ChattingConvenient Login & SignupClean & Clear InterfaceFlexible Join & End ChatboxReminding Chat NotificationAuto Record Customer InformationInstant Chat BoxActively Chatting With Desired CustomersProduct recommendations: Reward Points, One Step Checkout, FAQExplore Other Best Magento 2 ExtensionsThis product is FREE now. For free licenses, we DON'T provide free support services. Hence, if you want to get our support service for this product, please purchase extended support packages.","https://landofcoder.com/media/catalog/product/cache/1/image/9df78eab33525d08d6e5fb8d27136e95/m/a/magento-2-live-chat-main.png","Community Edition:  2.3.x, 2.4.x"
"1642957197-44","https://landofcoder.com/magento-2-order-tracking-extension.html","Magento 2 Order Tracking","null","Magento 2 order tracking extension will take your customers directly to the tracking page without login, then they can easily track Magento 2 orders after filling in only order ID and email address.As a result, you can reduce the customer's concerns that contribute to your store's credibility and improve customer experiences as well as their loyalty at the same time.Tracking order information Without LoginEasily tracking order summary in the front enPlace anywhere with track order widget support FEATUREDMobile & Tablet OptimizedAdd a link on the main-menu & top linkSupport for all the Magento Product TypesDisplay custom messages if the order is not foundReorder without login FEATUREDMulti-Language & RTL ReadyEasy To ConfigurationFast speed with Magento Block CachingMagento 2 Order Tracking Extension is part of the Business Kit and loyalty program.Explore Other Best Magento 2 ExtensionsThis product is FREE now. For free licenses, we DON'T provide free support services. Hence, if you want to get our support service for this product, please purchase extended support packages.","https://landofcoder.com/media/catalog/product/cache/1/image/9df78eab33525d08d6e5fb8d27136e95/m/a/magento-2-order-tracking-main.png","Community Edition:  2.0.x, 2.1.x, 2.2.x, 2.3.x, 2.4.x"
"1642957330-63","https://landofcoder.com/magento-2-product-question-extension.html","Magento 2 Product Question Extension","null","Magento 2 Product Question Extension FREE improves communication with guests/ registered customers by allowing them to raise questions for merchants at the question and answer blocks. With an advanced SEO-optimized effect, the store admin can effectively handle and answer the FAQ to provide well-organized information of asked questions.Outstanding Features:Build customers’ trust and loyaltyGood for SEO On PageAllow customers to ask and answer on the product pageSupport guests to leave a question and answerApprove new questions and answer automaticallyEase-to-use Question rule pageSet up the number of question per pageConveniently manage Q&A from the backendMagento 2 Question and Answer is available for both B2C & B2B Business - Explore the B2B PackageYou may concern in other products, browse the Magento 2 Extension CategoriesThis product is free now. For free licenses, we DON'T provide support services. Hence, if you want to get our support service for this product, please purchase extended support packages.","https://landofcoder.com/media/catalog/product/cache/1/image/9df78eab33525d08d6e5fb8d27136e95/m/2/m2-question-and-answer.png","Community Edition:  2.3.x, 2.4.x"
"1642957464-73","https://landofcoder.com/magento-2-payment-restrictions.html","Magento 2 Payment Restrictions","null","Payment restriction Magento 2 extension helps store owner flexibly create various restrictions to payment methods according to certain criteria such as store views, customer groups, product attributes, shipping address, etc. This is a useful tool to help you achieve successful payment process that satisfies all your desires.Prominent features:Restrict payment methods at checkoutApply restrictions on multiple payment methods FEATUREDSet payment restrictions based on customer groupsEdit payment restriction rule informationApply conditions for payment restriction rulesApply actions per payment restriction rule Create new orders for a specific customerManage payment restriction rules by actionsEnable/disable payment restriction quicklyExplore Other Best Magento 2 Extensions","https://landofcoder.com/media/catalog/product/cache/1/image/9df78eab33525d08d6e5fb8d27136e95/p/a/paymen-restriction-magento-2-extension-main.png","Community Edition:  2.3.x, 2.4.x"
"1642957221-49","https://landofcoder.com/magento-2-layered-navigation.html","Magento 2 Layered Navigation","null","Are you looking for a fast, user-friendly navigation system?Magento 2 Layered Navigation Extension allows your customers to browse your product catalog comfortably and impressively.Also, our new Layered Navigation Extension can satisfy you at the very first sight with its multiple filters, ajax load and user-friendly interface.Fully Responsive & Mobile OptimizedFast Ajax Product FilterFlexible Vertical & Horizontal FilterApply Multiple Filter At OnceSelect multiple values at the same timeAmazing Price SliderRemove All Selected Options At OnceFilter Products By Stock AvailabilityFilter Product By BrandMultiple Stores SupportedProduct recommendations: Mega Menu Pro, Store Pickup, Dealer Store LocatorMagento 2 Layered Navigation is the part of Business Kit and loyalty program.Explore Other Best Magento 2 ExtensionsThis product is free now. For free license, we DON'T provide support service. Hence, if you want to get our support service for this product, please purchase extended support packages.","https://landofcoder.com/media/catalog/product/cache/1/image/9df78eab33525d08d6e5fb8d27136e95/m/2/m2-layer-navigation.png","Community Edition:  2.1.x, 2.2.x, 2.3.x, 2.4.x"
"1642957135-37","https://landofcoder.com/magento-2-product-list.html","Magento 2 Product List","null","Displaying product list ( Latest, New Arrival, Special, Most Popular, Best Seller, Top Rated, Random, Featured, Deals) will increase your customer's average order; simultaneously, decrease abandon rate.Especially, Magento 2 product list extension simply helps your customers browse through the store looking for what they need easier.Nevertheless, create a product list in Magento 2 is a time-consuming task. We offer you a Free Magento 2 product list extensionShow Product List by rule with 9 rule typesSupport ajax load to improve load speedWidget Support - Place on any pagesFlexible Position SupportEasy tab effectMultiple Row SupportOWL Carousel and Bootstrap CarouselSupport 2 types of widgetLayout CustomizationRule conditionsSupport PWA, REST API, GraphQLProduct recommendations: One Step Checkout, Auto Search, Mega MenuExplore Other Best Magento 2 ExtensionsThis product is free now. For free license, we DON'T provide support service. Hence, if you want to get our support service for this product, please purchase extended support packages.","https://landofcoder.com/media/catalog/product/cache/1/image/9df78eab33525d08d6e5fb8d27136e95/m/2/m2-product-list.png","Community Edition:  2.1.x, 2.2.x, 2.3.x, 2.4.x"
"1642957516-80","https://landofcoder.com/magento-2-instagram.html","Free Magento 2 Instagram","null","Magento 2 Instagram supports e-commerce businesses to integrate high-quality product pictures from Instagram to any pages on Magento store. Store admins can configure all product images on single, multiple, or customized rows to fit business purposes. Empower Magento 2 Instagram extension to deliver a professional and engaging Instagram block on any pages and any positions, which better draw customers’ attention.Integrate Instagram block on any placesSelect any Instagram photos layoutsClick to zoom in on a photoSet the number of displayed photosDisplay number of Likes and CommentsSort images based on conditionsProduct recommendations: Advanced Reports, Page Builder, Mega MenuExplore Other Best Magento 2 ExtensionsThis product is free now. For free license, we DON'T provide support service. Hence, if you want to get our support service for this product, please purchase one of our extended support packages.","https://landofcoder.com/media/catalog/product/cache/1/image/9df78eab33525d08d6e5fb8d27136e95/p/r/product-img2-insta.png","Community Edition:  2.3.x, 2.4.x"
"1642957305-60","https://landofcoder.com/magento-2-designer.html","Magento 2 Designer","null","LandOfCoder provide a best FREE Magento 2 Designer Extension for your eCommerce website. The module allows the admin to manage all product designers from the backend. Also, the store owner can assign personalized or custom products to specific designers.What's more? This Magento 2 product designer gives your customers possibility to filter designers to find out the one they prefer on the frontend. They also can view all information of any designer on the product detail page with ease.Display designers on various designers page layoutsView detail designer page Show designer info at the end of product pageFast assign products to designerAdd multiple product designers in backend Easily add / edit designer informationCreate multiple designer groupsQuickly add / edit specific designer groupsManage products of particular designersSet stunning designer page layoutOptimize SEO remarkably for designer pagesAdd product designer attributeGeneral SettingsMigration SettingsDesigner Info On Product View PageDesigner List PageGroup PageDesigner BlockEasy to install via composerProduct recommendations: Image Gallery, Product Reviews, Product AttachmentsYou may concern in other products, browse the Magento 2 Extension CategoriesThis product is free now. For free licenses, we DON'T provide support services. Hence, if you want to get our support service for this product, please purchase extended support packages.","https://landofcoder.com/media/catalog/product/cache/1/image/9df78eab33525d08d6e5fb8d27136e95/m/2/m2-designer.png","Community Edition:  2.3.x"
"1642957523-82","https://landofcoder.com/magento-payment-fee.html","Magento Payment Fee","$0.00","Magento 2 Payment Fee is a must-have extension for any e-commerce merchants to automatically calculate extra fees for specific shipment options and display the cost on the checkout page, invoice, and credit memo.Store admins can easily configure the extra charge based on certain conditions and preset such as percentage price, fixed price, or per item thanks to Magento 2 Payment Fee.Automatically calculate extra payment feeDisplay payment fee in multiple placesEasily configure the extra payment costSupports all common payment methodsExplore Other Best Magento 2 ExtensionsThis product is free now. For free license, we DON'T provide support service. Hence, if you want to get our support service for this product, please purchase one of our extended support packages.","https://landofcoder.com/media/catalog/product/cache/1/image/9df78eab33525d08d6e5fb8d27136e95/m/2/m2-payment-fee.png","Community Edition:  2.3.x, 2.4.x"
"1642957519-81","https://landofcoder.com/magento-2-webp-images.html","Magento 2 WebP Images","null","Magento 2 WebP Images supports e-commerce businesses in converting images on the web page from standard JPEG, PNG and GIF formats into WebP picture format without losing quality. This extension provides compression for all images and files that greatly boost up store web performance.Empower Magento 2 WebP Images to deliver a seamless browsing experience for customers at your online stores.Convert Pictures To WebP Format & Reduce SizeImprove Website PerformanceSEO OptimizationCompatible with All BrowsersExplore Other Best Magento 2 ExtensionsThis product is free now. For free license, we DON'T provide support service. Hence, if you want to get our support service for this product, please purchase one of our extended support packages.","https://landofcoder.com/media/catalog/product/cache/1/image/9df78eab33525d08d6e5fb8d27136e95/m/a/magento-2-webp-image-ava.png","Community Edition:  2.3.x, 2.4.x"
"1642957267-55","https://landofcoder.com/magento-2-product-designer.html","Magento 2 Product Designer Extension","null","It's obvious that customers are tend to purchase personalized products than conventional ones. Giving customers incentives to spread their creativity and uniqueness means showing more concrete reasons to buy your products!Free Magento 2 Product Designer offers customers amazing product customization service. Store owners have ability to enable product designer tool on all products and configure any design elements. Customers are allowed to personalize products online with image, text, google fonts; download pdf design, print or share their fancy designs via social networks.Let's check out Magento 2 product designer extension features:For Customer:One-click Product CustomizationDesign Product On Different SidesAdd Custom Text In SecondsPersonalize Text On ProductMultiple Layer Mask Allowed Easy Image Uploading & EditingShare Personalized Products On SocialPreview & Download Customized DesignQuick Print Personalized DesignFor Store Owner:Dynamic Design LayersDefault Images AddingDefault Text AddingFlexible Text ConfigurationQuick Images ConfigurationUser-friendly Library ConfigurationPrice For Customized DesignsUseful Help ConfigurationSocial Media IntegrationFrontend Settings - Product Designer On All ProductsProduct Designer General SettingsProduct recommendations: Product Attachments, Gift Card, Ajax SuiteExplore Other Best Magento 2 ExtensionsThis product is FREE now. For free licenses, we DON'T provide free support services. Hence, if you want to get our support service for this product, please purchase extended support packages.","https://landofcoder.com/media/catalog/product/cache/1/image/9df78eab33525d08d6e5fb8d27136e95/m/2/m2-product-designer.png","Community Edition:  2.3.x, 2.4.x"
"1642957207-47","https://landofcoder.com/magento-2-lazy-load.html","Magento 2 Lazy Load","null","Load Magento 2 images with beautiful transitionSaves web server resourcesReduce Loading TimeOptimizes Magento 2 site speedImprove Google page rankingUpload desired loading iconsSet advanced time point for loading imagesEnable or Disable Lazy Load For Each PageOffload for the server (reduce server requests) and save bandwidthLazy load images with smooth blur effect transitionProduct recommendations: Page Builder, Infinite Scroll, Image SliderExplore Other Best Magento 2 ExtensionsThis product is free now. For free license, we DON'T provide support service. Hence, if you want to get our support service for this product, please purchase extended support packages.","https://landofcoder.com/media/catalog/product/cache/1/image/9df78eab33525d08d6e5fb8d27136e95/m/2/m2-lazy-load.png","Community Edition:  2.1.x, 2.2.x, 2.3.x, 2.4.x"
"1642957238-53","https://landofcoder.com/magento-2-coupon-extension.html","Magento 2 Coupon Extension","null","Magento 2 Coupon Code Extension Free helps to manage and generate coupons on your Magento 2 store via email templates.It’s no doubt that coupon code is a brilliant and wise way to help customers engage more with your store and at the same time attract them as well as increase their loyalty to your store. For that reason, you can totally drive your store to the next level and keep track of all of your campaigns in an easy and smooth way with the support of our Magento 2 Coupon Code.Generate barcodes or QRCode from your unique coupon codeLimit coupon code generated for an email addressVerify email before applying the coupon code on frontendLimit times to use the coupon code by each customerGenerate Coupon Code AutomaticallyMass Action To Save Your TimeInclude coupons into emails, newsletters, follow up emailCheck & edit coupons easilyCoupon Condition: Get coupons automaticallyCoupon status and Coupon infoInsert coupons & coupon information into emails instantlyImport promo codes in bulkExport coupon code with easeTrack coupons usage statistic[New] API supportFully Compatible with Follow Up EmailEasy To ConfigureProduct recommendations: Follow Up Email, Abandoned Cart Email, One Step CheckoutThis product is free now. For free licenses, we DON'T provide support services. Hence, if you want to get our support service for this product, please purchase extended support packages.Explore Other Best Magento 2 Extensions","https://landofcoder.com/media/catalog/product/cache/1/image/9df78eab33525d08d6e5fb8d27136e95/m/a/magento-2-coupon-main.png","Community Edition:  2.2.x, 2.3.x, 2.4.x"
"1642957316-61","https://landofcoder.com/magento-2-quantity-dropdown.html","Magento 2 Quantity Dropdown","null","Magento 2 Quantity Dropdown imposes certain limitations on the quantity of the purchase and price, allows admin to set up the fixed purchased quantity drop-down options for customers to select instead of the quantity input box.Set a minimum and maximum range in the drop-down list from the back-end, the admin can control the sale volume, and increase sale effectively.Outstanding Features:Open the default quantity box/ dropdown listChange the quantity dropdown list value with easeDiverse quantity recommendations with discountsPurchase a group of products with a selected quantity dropdownQuantity options are displayed by various template labelsSupport multiple categories and product typesDisplay the Qty Dropdown in various pagesExtension CompatibilityExplore Other Best Magento 2 Extensions This product is free now. For free license, we DON'T provide support service. Hence, if you want to get our support service for this product, please purchase one of our extended support packages.","https://landofcoder.com/media/catalog/product/cache/1/image/9df78eab33525d08d6e5fb8d27136e95/m/a/magento-2-quantity-dropdown.png","Community Edition:  2.3.x, 2.4.x"
"1642957128-35","https://landofcoder.com/magento-2-page-builder.html","Page Builder Extension for Magento 2","null","Magento 2 page builder extension supports you to create and manage your website without knowing and writing a line of code. Just by carrying out some simple actions, you will have a website that meets the demand for beauty, creativity, harmony, and professionalism.Drag & Drop Interface FEATUREDMagento WYSIWYG Integration50+ Elements SupportedResponsive Design OptionsTime-saving & Money-savingWork with any Magento TemplatesConvert Page & Elements into Content CMS Page/BlockCreate Unlimited LayoutsBlock Builder & Bootstrap Grid View SystemEasy To extend with 3rd Party extensionsCms Page Builder & CSS Skin BuilderSchedule Time To Display Your Page on FrontendEnhance page load time incredibly FEATUREDLive Preview For Easier EditingThis product is free now. For free licenses, we DON'T provide support services. Hence, if you want to get our support service for this product, please purchase extended support packages.Explore Other Best Magento 2 Extensions","https://landofcoder.com/media/catalog/product/cache/1/image/9df78eab33525d08d6e5fb8d27136e95/m/a/magento-2-page-builder-main-1.png","Community Edition:  2.0.x, 2.1.x, 2.2.x, 2.3.x, 2.4.x"
"1642957378-66","https://landofcoder.com/magento-2-shipping-calculator-on-product-page.html","Magento 2 Shipping Calculator On Product Page","null","Free Magento 2 Shipping Calculator enables customers to check shipping cost on product page. The extension helps to estimate shipping rates for each item based on postcode.Quickly Check Shipping Cost On Product PageOne Click Estimate Shipping ButtonSuggest Best Shipping Method & RateEasy To Install Via ComposerWork well with multiple shipping methodsCompatible with the latest version Magento 2.3Explore Other Best Magento 2 ExtensionsThis product is free now. For free licenses, we DON'T provide free support services. Hence, if you want to get our support service for this product, please purchase extended support packages.","https://landofcoder.com/media/catalog/product/cache/1/image/9df78eab33525d08d6e5fb8d27136e95/m/a/magento-2-shipping-calculator-on-product-page-main.png","Community Edition:  2.3.x, 2.4.x"
"1642957241-54","https://landofcoder.com/magento-2-price-comparison.html","Magento 2 Price Comparison","null","If you are looking for a comprehensive solution that can help you to improve the customer’s shopping experience when it comes to price comparison, you can consider choosing our Magento 2 Price Comparison. With this amazing Magento 2 extension, the Magento 2 store admins can bring to the customers the option of comparing the price of the same product that is provided by different vendors so that they can make better business decisions.Moreover, with our Magento 2 Price Comparison extension free, store owners can gain more chances of attracting new customers and increase sales significantly.Various Types of Products CompatibilityIncredible Shopping Cart OperationUseful Price Comparison MenuOne-click Customization Price SettingFunctional Product PageOptimized Assigned Product SearchingEasily Customize Assigned ProductsInformative Product ShowingMultiple Images AddingPowerful Management SystemAttractive Custom Work ServiceProduct recommendations: Customer Quotation, Product Recommendations, Product ReviewsThis product is free now. For free license, we DON'T provide support service. Hence, if you want to get our support service for this product, please purchase extended support packages.Explore Other Best Magento 2 Extensions","https://landofcoder.com/media/catalog/product/cache/1/image/9df78eab33525d08d6e5fb8d27136e95/m/a/magento-2-price-comparison-main.png","Community Edition:  2.3.x, 2.4.x"
"1642957435-71","https://landofcoder.com/magento-2-bulk-order-processing.html","Magento 2 Bulk Order Processing","null","Magento 2 Bulk Order Processing helps the Magento 2 store owners in managing a big number of orders at the same time.With this amazing Magento 2 modular solution, the Magento 2 store admins can save hours of workload simply by being able to process a bulk of orders at the same time instead of having to go to each order page and process them manually.Easy management of orders in bulkSupport mass order processing actionsCreate an invoice, add the tracking number, generate shipment easily FEATUREDSupport various combinations of actionsView detailed order information Explore Other Best Magento 2 ExtensionsThis product is free now. For free license, we DON'T provide support service. Hence, if you want to get our support service for this product, please purchase one of our extended support packages.","https://landofcoder.com/media/catalog/product/cache/1/image/9df78eab33525d08d6e5fb8d27136e95/m/2/m2-bulk-orders.png","Community Edition:  2.3.x, 2.4.x"
"1642957172-42","https://landofcoder.com/magento-2-social-login.html","Magento 2 Social Login","null","Magento 2 Social Login extension free brings the best user experience to your customers.Quick Ajax Login In The Blink Of An EyeSupport Multiple Styles & pre-made template[NEW] Support 25+ Most Popular Social NetworksDrag n Drop To Change The Order Of Social Login ButtonsEasy To Customize, Create Your Own Social LoginDisplay On Any Position & PagesAdvanced Report For Each ChannelImprove Your Conversion Rates IncrediblyCollect Rich Customer Profile Data: Name, Gender, Email, AddressDisplay Customer Photo VisuallySend Welcome Email AutomaticallyProvide Secure Way to Login and Register AccountPopover Login Form, Popup form with Magnific Popup, FancyboxAttractive Login ButtonAuto Integrate on checkout pageContent ProtectionMuch more ....Product recommendations: Gift Card, Testimonials, One Step CheckoutExplore Other Best Magento 2 ExtensionsThis product is free now. For free licenses, we DON'T provide support services. Hence, if you want to get our support service for this product, please purchase extended support packages.","https://landofcoder.com/media/catalog/product/cache/1/image/9df78eab33525d08d6e5fb8d27136e95/m/a/magento-2-social-login-main.png","Community Edition:  2.1.x, 2.2.x, 2.3.x, 2.4.x"
"1642957272-57","https://landofcoder.com/magento-2-order-attributes.html","Magento 2 Order Attributes PRO Extension","null","Are you not satisfied about Magento 2 Checkout Default ? And your marketing strategy need more data for order or products with no cost? Come with us. Our Magento 2 Order Attributes will help you as well.It is possible to create unlimited attributes with premade 09+ Diverse Input Order Attributes Types to get better data for your marketing.They are text field, textarea, date, date with time, yes/no, drop down, checkbox group, radio button, etc.09+ Input Field Types Order AttributesMultiple Extra Fields on Checkout PageCreate Multiple Checkout Form Time-saving to Collect Huge DataTarget Different Datas for Marketing Get Necessary Order Data Process Intuitive Order Attributes At Checkout PagePowerful Management Order Attributes SettingsCustomize Checkout Steps in your handSpecify Attributes Order for Any Checkout Steps PositionSet Conditions for Order Attributes Field DisplayDiversity Order Attributes CreatedChange Order Attributes Position on Checkout PageHandy Set Date/Time in Calendar SupportFully Works with Default Checkout PageCompatible with Landofcoder One Step Checkout, Gift CardThis product is one of Magento 2 One Step Checkout Combo on Landofcoder. It is the best complete solution for your Checkout Page in Magento 2.Explore Other Best Magento 2 ExtensionsFor free license, we DON'T provide support service. Hence, if you want to get our support service for this product, please purchase extended support packages.","https://landofcoder.com/media/catalog/product/cache/1/image/9df78eab33525d08d6e5fb8d27136e95/m/2/m2-order-attributes.png","Community Edition:  2.2.x, 2.3.x, 2.4.x"
"1642957420-69","https://landofcoder.com/magento-2-affiliate-extension-free.html","Magento 2 Affiliate Extension Free","null","Are you looking for a perfect extension to create your affiliate program?Affiliate marketing is one of the most important marketing tools for selling online.  Magento 2 Affiliate Extension Free helps you to drive more sales from your affiliate channels and let your affiliate earn money. The extension is fully responsive, fast, and easy for affiliate partners to join your program.Pay Per LeadPay Per ClickPay Per SalePay Per New Customer’s OrderMultiple affiliate programsMulti-level marketingSet commission, discountsEasy to set conditions & requirementsManage banner & links in one placePayout requirementsTransaction management.Set withdrawal limitsManage partner's account with easeMass paymentsWithdraw commissions via Paypal & Bank TransferClear and Easy To UseProduct recommendations: Store Locator, Gift Card, Store CreditExplore Other Best Magento 2 ExtensionsThis product is FREE now. For free licenses, we DON'T provide free support services. Hence, if you want to get our support service for this product, please purchase extended support packages.","https://landofcoder.com/media/catalog/product/cache/1/image/9df78eab33525d08d6e5fb8d27136e95/m/2/m2-affiliate-extension_2.png","Community Edition:  2.3.x, 2.4.x"
"1642957190-43","https://landofcoder.com/magento-2-help-desk-extension.html","Magento 2 Help Desk Extension","null","Magento 2 Help Desk Extension helps you to collect all requests, inquiries, offline chat messages, emails in one place.All messages will be assigned to the proper department without leaking information. Furthermore, utilize the ticket system is very important to bring a powerful and flexible solution for Store Support in Magento.[New] Auto Convert Email To Ticket[New] Compatible With SendGridLive Chat With Many Customer At OnceOffer Multiple Ways For Customer To Get Support FEATUREDCreate Unlimited Departments, Agents, and CategoriesAble to Create & Reply to Ticket directly to EmailFile Attachment to the ticketSet Priority, Status, and Category section for each ticketQuick Reply or Close a ticketEasy to Check ticket historyCheck Ticket Status In SecondSatisfaction Star Rating For EffectivenessQuick Responses With Answer ShortcutTicket auto-expiration & Auto-reminder FEATURED[New] Support GraphQLThis product is FREE now. For free licenses, we DON'T provide support services. Hence, if you want to get our support service for this product, please purchase extended support packages.Explore Other Best Magento 2 Extensions","https://landofcoder.com/media/catalog/product/cache/1/image/9df78eab33525d08d6e5fb8d27136e95/m/a/magento-2-help-desk-main.png","Community Edition:  2.0.x, 2.1.x, 2.2.x, 2.3.x, 2.4.x"
"1642957362-65","https://landofcoder.com/magento-2-onepay-payment-gateway.html","OnePay Payment Gateway for Magento 2","null","Free Magento 2 onepay extension is integrated with OnePay payment gateway. Magento 2 onepay payment gateway supports customers to make payment by Domestic ATM card or International card via OnePay. Admin can limit order total and allow certain countries to apply this payment gateway.Let’s explore prominent features:Integrate OnePay payment gatewaySupport OnePay domestic ATM cardDomestic ATM card payment gateway pageConfigure OnePay domestic ATM cardSupport OnePay international cardInternational card payment gateway pageConfigure OnePay international cardSet min/max order totalApply OnePay to specific countriesOnePay order success pageCompatible with Magento 2.3.xProduct recommendations: One Page Checkout, Pay COD Online, Order TrackingExplore Other Best Magento 2 ExtensionsThis product is free now. For free licenses, we DON'T provide free support services. Hence, if you want to get our support service for this product, please purchase extended support packages.","https://landofcoder.com/media/catalog/product/cache/1/image/9df78eab33525d08d6e5fb8d27136e95/m/2/m2-onepay-payment.png","Community Edition:  2.3.x, 2.4.x"
"1642957218-48","https://landofcoder.com/magento-2-advanced-reports.html","Magento 2 Advanced Reports","null","Magento 2 Advanced Reports offer sales performance status with 28+ premade reports. Get new insights over how customers utilize and get predict sales trends. Using Magento 2 custom reports extension, you will get a variety of sale reports with priceless statistical data.Support multi currencies reports NEW28 Ready-made reports FEATUREComprehensive sale overviewReport drill down to explore data fast & easilyTrace sales performance in a real-time modeVisual graphs (bar, pie, line) to illustrate trendsFilter data for different dates & daysGoogle Analytics-like visualized sales data metrics & chartsData totals toolbarCustomize chart displayEquipped with a profit-calculating formula28+ Types REST API discover salesREST API for third-party MagentoShowcase typically Margin Profits Report (cost & tax)Easily Cron Job to send report export file via emailsFlexible CalendarEarning ComparisonReports of Abandoned Carts, Customers, Orders, ProductsMagento 2 Advanced Reports is the part of Business Kit and loyalty program.Explore Other Best Magento 2 ExtensionsThis product is free now. For free license, we DON'T provide support service. Hence, if you want to get our support service for this product, please purchase one of our extended support packages.","https://landofcoder.com/media/catalog/product/cache/1/image/9df78eab33525d08d6e5fb8d27136e95/m/2/m2-advanced-report.png","Community Edition:  2.0.x, 2.1.x, 2.2.x, 2.3.x, 2.4.x"
"1642957203-46","https://landofcoder.com/magento-2-follow-up-email.html","Magento 2 Follow Up Email","null","Magento 2 Follow Up Email is a brilliant extension for Magento 2 if you are still in the search for an automatic marketing tool. With our Follow Up Email for Magento 2, you can send customers the custom emails based on their activities. And with faster follow-ups, you and your brand can eventually increase conversion and facilitate converting sales.The Magento 2 extension comes with these amazing featuresGenerate & send numerous triggered emails based on customer activities, order statusMultiple Event TypesSupport Multiple Premade Templates For Each EventIncrease Repeated Purchases with Custom Email TemplatesCreate Unlimited Rules & Condition For Different EventsCustomize Design Of Any Email TemplateUse Google Analytics to measure email campaign efficiencySend Test Emails to check if templates are generated correctlySend emails automaticallySchedule To Auto-send Emails On Different TimeCreate An Email BlacklistSchedule To Send SMS MessageSend emails suggesting Up-selling, Related, Cross-selling ItemsAbandoned Shopping Cart ReminderQuickly Send Reminder EmailSend Notification To New RegistrationTrack Email Sending StatusMagento 2 Follow Up Email is the part of Business Kit and loyalty program.Explore Other Best Magento 2 ExtensionsThis product is free now. For free license, we DON'T provide support service. Hence, if you want to get our support service for this product, please purchase one of our extended support packages.","https://landofcoder.com/media/catalog/product/cache/1/image/9df78eab33525d08d6e5fb8d27136e95/m/a/magento-2-follow-up-email-main.png","Community Edition:  2.0.x, 2.1.x, 2.2.x, 2.3.x, 2.4.x"
"1642957133-36","https://landofcoder.com/magento-2-image-slider.html","Image Slider Extension for Magento 2","null","Fully responsive Magento 2 Slider ExtensionSupport editor for image, video textTouch Optimized OWL CarouselImage slider can be displayed anywhere in your store with CMS and WidgetMagento 2 Slider Extension support up to 10 slidersEasy-to-use & intuitive interfaceTons of Animation with Live PreviewImage slider can be displayed anywhere in your store with CMS & WidgetSupport 10 slidersProduct recommendations: Image Gallery, Infinite Scroll, Layered NavigationExplore Other Best Magento 2 ExtensionsThis product is free now. For free license, we DON'T provide support service. Hence, if you want to get our support service for this product, please purchase extended support packages.","https://landofcoder.com/media/catalog/product/cache/1/image/9df78eab33525d08d6e5fb8d27136e95/m/2/m2-image-slider.png","Community Edition:  2.1.x, 2.2.x, 2.3.x, 2.4.x"
"1642957349-64","https://landofcoder.com/magento-2-contact-form.html","Magento 2 Advanced Contact Form","null","To replace the default Magento contact form, we offer an advanced contact form - professional contact page. Magento 2 contact form extension free supports store owners to create an advanced contact template for online store. It allows the administrator to add multiple custom fields to the contact form in needed. All requests will be sent in email to the store admin.Outstanding Features:Replace default contact formAdd multiple custom fields to contact formSet advanced contact email templateSet email address to receive requestsManage each customers' contact in detailInformative contact list in backendQuick enable/disable advanced contact Magento 2 Advanced Contact Graph-QlYou may concern in other products, browse the Magento 2 Extension CategoriesThis product is free now. For free licenses, we DON'T provide support services. Hence, if you want to get our support service for this product, please purchase extended support packages.","https://landofcoder.com/media/catalog/product/cache/1/image/9df78eab33525d08d6e5fb8d27136e95/m/a/magento-2-contact-form-main.png","Community Edition:  2.3.x, 2.4.x"
"1642957287-59","https://landofcoder.com/magento-2-product-tags.html","Magento 2 Product Tags","null","Magento 2 Product Tags extension Free supports all users and admins in adding one or more tags ( keywords or phrases) to determine products and their features, improve navigation for customers and save time to search for the desired product.Narrowing the search results by tags in product filters, Product Tags in Magento 2 gives shoppers another way to filter products based on their personal preferences.Outstanding Features:Lightening your products for customerNarrow the search results by tags.Display product tags on product detail page.View product tags on the sidebar.Frontend controller to view a page of filter products by tag.Frontend REST API for the extensionEasily add new and update tags in the management area.Flexible delete product tags in bulksManage Tags In The Backend>Backend REST API for the extensionProduct recommendations: Image Gallery, Product Reviews, Product AttachmentsThis product is the part of the loyalty programExplore Other Best Magento 2 ExtensionsThis product is free now. For free licenses, we DON'T provide support services. Hence, if you want to get our support service for this product, please purchase extende support packages.","https://landofcoder.com/media/catalog/product/cache/1/image/9df78eab33525d08d6e5fb8d27136e95/m/2/m2-product-tag.png","Community Edition:  2.3.x, 2.4.x"
"1642957166-40","https://landofcoder.com/magento-2-image-gallery.html","Magento 2 Image Gallery","null","Magento 2 Image Gallery Extension FREE makes your eCommerce website more aesthetic and charming by displaying the photo albums on an attractively designed gallery layout. It is not only your product images but also your team or company pictures.Show Image in eye catching & light box100% Responsive Magento Image GalleryDisplay Image Gallery with Multiple LayoutsSupport Video: Youtube, VimeoAttach Image Gallery to Any Product PageFreely Add & Edit Photo DescriptionsLink images to related product pagesCreate Unlimited ImageAdd/manage images into various galleryPlace it anywhere with Gallery Image WidgetSpecify metadata for images and picturesAttach image gallery on a separate Photo Gallery Page[New] Lookbook LayoutAttach image gallery on a separate Photo Gallery PageDisplay High-Quality Image in Touch Optimized & Attractive SlideshowFast speed with Magento Block CachingProduct recommendations: Social Login, Follow Up Email, Order Tracking ProThis product is FREE now. For free licenses, we DON'T provide free support services. Hence, if you want to get our support service for this product, please purchase extended support packages.Explore Other Best Magento 2 Extensions","https://landofcoder.com/media/catalog/product/cache/1/image/9df78eab33525d08d6e5fb8d27136e95/m/a/magento-2-image-gallery.png","Community Edition:  2.1.x, 2.2.x, 2.3.x, 2.4.x"
"1642957447-72","https://landofcoder.com/magento-2-base-price.html","Magento 2 Base Price","null","Our free Magento 2 Base Price will help store owners in displaying the base price per unit next to the product on both the product page and the product list block. This Magento 2 Get Base Price comes in handy especially when the store owners are selling products based on package units and you need a powerful tool to help you calculate the specific base amount and unit.Prominent features:Display base price on homepageShow base price on category pageEnable base price on product pageSupport to convert various metricsEasily set base price per productAutomatic conversion mappingCustomize base price templateQuick enable in ConfigurationRecommended products to work with: Pre-Order, Customer Quotation, Hide PriceExplore Other Best Magento 2 ExtensionsThis product is free now. For free licenses, we DON'T provide free support services. Hence, if you want to get our support service for this product, please purchase extended support packages.","https://landofcoder.com/media/catalog/product/cache/1/image/9df78eab33525d08d6e5fb8d27136e95/m/a/magento-2-base-price-extension-main.png","Community Edition:  2.3.x, 2.4.x"
"1642957481-75","https://landofcoder.com/magento-2-customer-avatar.html","Magento 2 Customer Avatar","null","Magento 2 Customer Avatar FREE provides the customers the opportunity to personalize their accounts by uploading an avatar.Let your customers upload a profile photo and specify additional information.Magento 2 Customer Avatar is the part of Business Kit and loyalty program.Explore Other Best Magento 2 ExtensionsThis product is free now. For free licenses, we DON'T provide support services. Hence, if you want to get our support service for this product, please purchase extended support packages.","https://landofcoder.com/media/catalog/product/cache/1/image/9df78eab33525d08d6e5fb8d27136e95/m/a/magento-2-customer-avater-2.png","Community Edition:  2.3.x, 2.4.x"
"1642957160-39","https://landofcoder.com/testimonial-extension-for-magento2.html","Magento 2 Testimonial Extension","null","Magento 2 testimonial extension support monitoring customer reviews & testimonials easily on a daily basis.Impress customers and enhance Magento store credibility by letting customers tell about your products & create stunning testimonial slider.Display Testimonials With 16 Beautiful Styles FEATUREDStar Rating & Social Network IntegratedFully Compatible with Rich SnippetsFrontend Submission( Direct Form, Popup) Place In Any Position As You WantEasy To Upload Images, AvatarReCaptcha System/ Google Captcha To Avoid SpamSupport You To Add on Multiple Store FEATUREDShow Testimonials Widget By Owl Carousel[New] Widget: Filter testimonial by categories [New] Show Testimonials On Related Product Right To Left Language Support[New] Choose multiple categories for categoriesShow Relevant Schema For Rating On Google Search EngineFEATUREDRetina Ready Support PWA, REST API, GraphQLTestimonials for Magento is the part of Business Kit and loyalty program.Explore Other Best Magento 2 ExtensionsThis product is free now. For free license, we DON'T provide support service. Hence, if you want to get our support service for this product, please purchase one of our extended support packages.","https://landofcoder.com/media/catalog/product/cache/1/image/9df78eab33525d08d6e5fb8d27136e95/m/a/magento-2-testimonial-main.png","Community Edition:  2.0.x, 2.1.x, 2.2.x, 2.3.x, 2.4.x"
"1642957423-70","https://landofcoder.com/magento-2-manage-shopping-cart.html","Magento 2 Manage Shopping Cart","null","Free Magento 2 manage shopping cart allows the admin of the online store to simply and effectively keep track of all shopping carts of customers from the backend.This module helps store owner view and get the shopping cart data quickly whenever necessary.Manage frontend shopping cart from the admin panelKeep track of all shopping carts from the backendView details of each shopping cart displayed in the backendSearch for specific cart with smart filterContact and offer promotion for customer of particular shopping cartProduct recommendations: Supplier Management, Purchase order manager, Product ManagerThis product is the part of the loyalty programExplore Other Best Magento 2 ExtensionsThis product is free now. For free license, we DON'T provide support service. Hence, if you want to get our support service for this product, please purchase extended support packages.","https://landofcoder.com/media/catalog/product/cache/1/image/9df78eab33525d08d6e5fb8d27136e95/m/2/m2-manage-shopping-cart.png","Community Edition:  2.3.x, 2.4.x"
"1642957229-51","https://landofcoder.com/free-magento-2-facebook-live-chat-extension.html","Free Magento 2 Facebook Live Chat Extension","null","The integration of Facebook Messenger into your store can make the communication in business enhanced remarkably. Using Magento 2 Facebook Live Chat Extension, you can easily keep in touch with various of customers at a time. The chatbox of this extension will help you send and receive messages from users instantly. Let's see outstanding advantages of this extension.One step log in with FacebookConfigure all features of ChatboxGet user information easilySet greeting, upcoming event, store Facebook profileShow site/product/category on the chat box (Coming soon)Unlimted History ChatIncrease Fanpage View and LikeMultiple and RLT LanguagesFamiliar chat box with Facebook Messenger InterfaceEnable/disable the extension by one clickProduct recommendations: Coupon Code, Gift Card, Social LoginExplore Other Best Magento 2 ExtensionsThis product is free now. For free license, we DON'T provide support service. Hence, if you want to get our support service for this product, please purchase extended support packages.","https://landofcoder.com/media/catalog/product/cache/1/image/9df78eab33525d08d6e5fb8d27136e95/m/2/m2-facebook-live-chat.jpg","Community Edition:  2.1.x, 2.2.x, 2.3.x, 2.4.x"
"1642957393-67","https://landofcoder.com/magento-2-sendgrid-extension.html","Magento 2 Sendgrid Extension","null","Magento 2 Sendgrid Extension supports to take control over your email marketing strategy effectively.This Magento 2 solution allows configuring your Magento 2 online store to send emails via using Sendgrid. With this module, your store is ensured of a better and more powerful way to send as well as to organize manage Sendgrid emails.[ New] Support SMTP SendGrid FEATUREDSynchronize all contacts and campaign FEATUREDCustom emails and send to customer in bulkManage email campaignTracking via Sendgrid reportsManage & sync subscribe/ unsubscribe groupSupport notifications of eventThis product is the part of the loyalty programExplore Other Best Magento 2 ExtensionsThis product is free now. For a free license, we DON'T provide support service. Hence, if you want to get our support service for this product, please purchase one of our Extended Support Packages.","https://landofcoder.com/media/catalog/product/cache/1/image/9df78eab33525d08d6e5fb8d27136e95/m/2/m2-sendgrid-extension.png","Community Edition:  2.3.x, 2.4.x"
"1642957169-41","https://landofcoder.com/magento-2-search.html","Magento 2 Auto Search","null","Need solution for your customers search product fast?Our Magento 2 Search Extension offers Ajax Search with Lightening Fast Speed.Engage customers from the very first typed character.Notably, with the new version, visitors can search ves blog, ves brand, cms pages, and lof faq questions fast and easily.Search as you type from the first typed characterAjax Search With Lightening Fast SpeedSearch Autocomplete & Relevant SuggestionsTrending Keyword SuggestionOptimize search for phones and tabletsMagento 2 Search Autocomplete with Filter CategoriesCustomized AppearanceRight-to-left languages are supportedDisplay ADD TO CART ButtonNew Auto-search OptionsSearch ves blog, ves brand, cms pages & Lof Faq questionsProduct recommendations: Store Locator, Store Pickup, Dealer Store LocatorMagento 2 Search is the part of Business Kit and loyalty program.Explore Other Best Magento 2 ExtensionsThis product is free now. For free license, we DON'T provide support service. Hence, if you want to get our support service for this product, please purchase extended support packages.","https://landofcoder.com/media/catalog/product/cache/1/image/9df78eab33525d08d6e5fb8d27136e95/m/2/m2-auto-search.png","Community Edition:  2.1.x, 2.2.x, 2.3.x, 2.4.x"
"1642957487-76","https://landofcoder.com/magento-2-shipping-restriction.html","Magento 2 Shipping Restrictions","null","Magento 2 Shipping Restrictions allows limiting shipping methods based on specific conditions such as customer attributes, product parameters, order info, cart, store view, customer groups, and locations, etcBy only using effective shipping methods & gets rid of risks and eliminate shipping issues, Magento 2 restrict shipping optimizes the shipping process both legal and cost-effective.Restrict certain methods of the shipping carrierRestrict Shipping by Customer GroupsCreate restrictions based on store viewRestrict shipping based on order info/ cart attributesLimit shipping by countries and postcodeCreate Multiple Restriction Rules FEATUREDSchedule to Activate Shipping Methods & Set PrioritiesHide/ Show the restricted shipping methods on Back/ Front-endExplore Other Best Magento 2 Extensions","https://landofcoder.com/media/catalog/product/cache/1/image/9df78eab33525d08d6e5fb8d27136e95/m/a/magento-2-shipping-restrictions_1.jpg","Community Edition:  2.3.x, 2.4.x"
"1642957279-58","https://landofcoder.com/advanced-magento-2-product-reviews.html","Magento 2 Product Reviews Extension","null","This product is FREE now. For free licenses, we DON'T provide free support services. Hence, if you want to get our support service for this product, please purchase extended support packages.","https://landofcoder.com/media/catalog/product/cache/1/image/9df78eab33525d08d6e5fb8d27136e95/m/a/magento-2-product-review-main.png","Community Edition:  2.2.x, 2.3.x, 2.4.x"
"1642957115-33","https://landofcoder.com/magento-2-blog-extension.html","Blog PRO for Magento 2","null","Magento 2 Blog Extension attracts more target audiences to the online store through quality content.Moreover, the module improves marketing efforts & smoothly transfer promotion messages to beloved customers.Boost the sale of the Magento website and earn more benefits with best blog extension for Magento 2.[New] Compatible with a Smile_ElasticSuite addon now[New] Create Unlimited Importers Smartly[New] WordPress DB Importer Management[New] Run Import Mananually or Enable Cron jobSupport Generate SitemapSupport Google Rich Snippets codeSupport Open Graph codeMultiple Beautiful Page LayoutsTouch-Optimized Owl CarouselMobile & Multi-Devices Optimized Display Images or Video With EaseMultiple Color, Background color, Border colorRelated Post Widget SupportedEasily Arrange Posts In Each CategoryMultiple Comment Types Supported Showcase Tag Cloud AttractivelyEasily Add Nick Name, Avatar, Biographical Info14+ Social Networks IntegratedImport Blog From WordPress Live & FastSupport PWA, REST API, GraphQLThis product is free now. For free licenses, we DON'T provide support services. Hence, if you want to get our support service for this product, please purchase extended support packages.Explore Other Best Magento 2 Extensions","https://landofcoder.com/media/catalog/product/cache/1/image/9df78eab33525d08d6e5fb8d27136e95/m/a/magento-2-blog-extension-main-1.png","Community Edition:  2.0.x, 2.1.x, 2.2.x, 2.3.x, 2.4.x"
