web-scraper-order,web-scraper-start-url,title,version,image,descr,versionsupoort,github,github-href,pwa
1642961316-221,https://www.mageplaza.com/magento-2-smtp,The Most Popular SMTP for Magento 2,v1.11.0,https://www.mageplaza.com/assets/img/extensions/magento-2-smtp.png,"Magento 2 SMTP helps improve your email reputation which is vital for every email marketing campaign. Say GOODBYE to SPAMBOX now! With friendly configurable port and host, brief modules along with user guide line stick below the fields, this extension is surely be useful for every online store.","CE/EE/B2B/Cloud/


Adobe Commerce

2.2.x, 2.3.x, 2.4.x",Contribute on Github,https://github.com/mageplaza/magento-2-smtp,null
1642961184-194,https://www.mageplaza.com/magento-2-google-sitemap,"Magento 2 XML, HTML Sitemap Extension",null,https://www.mageplaza.com/assets/img/extensions/magento-2-sitemap.png,"XML Google Sitemap is one of the most effective solutions which may optimize your site. Sitemap helps to navigate your site more easily. It is not only good for your users but also your search engines. There are two types of sitemap: HTML sitemap and XML sitemap. HTML sitemap can help your customers easily navigate the site and find product quickly. XML sitemap helps search engines understand your site better; hence the index process is much faster and your site will have higher ranking, then attract more customers, generate more organic traffic.","CE/EE/B2B/Cloud/


Adobe Commerce

2.2.x, 2.3.x, 2.4.x",Contribute on Github,https://github.com/mageplaza/magento-2-google-xml-sitemap,null
1642961312-220,https://www.mageplaza.com/magento-2-multi-flat-rates-shipping,Magento 2 Multiple Shipping Flat Rates extension,v1.1.2,https://www.mageplaza.com/assets/img/extensions/mulitple-shipping-flat-rates.png,Magento 2 Multiple Shipping Flat Rates Shipping by Mageplaza is regarded as a must-have extension which assists store owners to diversify the shipping charges based on different countries. This brings benefits to both store owners and customers.,"CE/EE/B2B/Cloud/


Adobe Commerce

2.2.x, 2.3.x, 2.4.x",Contribute on Github,https://github.com/mageplaza/magento-2-multi-flat-rates,null
1642961266-210,https://www.mageplaza.com/magento-2-share-cart,Share Cart for Magento 2,v4.0.3,https://www.mageplaza.com/assets/img/extensions/share-cart.png,Magento 2 Share Cart extension allows customers to share their shopping cart with friends and family. This is a useful way to promote store’s products via the existing users efficiently and improve stores’ conversion rate.,"CE/EE/B2B/Cloud/


Adobe Commerce

2.2.x, 2.3.x, 2.4.x",Contribute on Github,https://github.com/mageplaza/magento-2-share-cart,PWA-Ready
1642961298-216,https://www.mageplaza.com/magento-2-better-blog,Magento 2 Blog Extension,v3.2.3,https://www.mageplaza.com/assets/img/extensions/magento-2-blog-extension.png,"Magento 2 Blog extension is a must-have tool for any online store owner who wishes to manage blogs right on the Magento store without relying on other platforms. Once integrated into the backend, this powerful module allows you to open a blog and manage categories, posts, comments with ease. Noticeably, free Blog extension is extremely easy to set up and update.","CE/EE/B2B/Cloud/


Adobe Commerce

2.2.x, 2.3.x, 2.4.x",Contribute on Github,https://github.com/mageplaza/magento-2-blog,PWA-Ready
1642961192-196,https://www.mageplaza.com/magento-2-quick-flush-cache,Quick Flush Cache for Magento 2,v4.0.0,https://www.mageplaza.com/assets/img/extensions/quick-flush-cache.png,"Magento 2 Quick Flush Cache is the solution to save a lot of time flushing cache at the admin backend. With Quick Flush Cache, clearing cache becomes easily with the automatic process or ajax flushing on the current page",null,Contribute on Github,https://github.com/mageplaza/magento-2-quick-flush-cache,null
1642961219-203,https://www.mageplaza.com/magento-2-two-factor-authentication,Two-Factor Authentication for Magento 2,v1.1.2,https://www.mageplaza.com/assets/img/extensions/two-factor-authentication.png,Magento 2 Two-Factor Authentication extension is the effective solution with the latest advancement to help e-commerce business increase system security and be better protected from unauthorized access.,"CE/EE/B2B/Cloud/


Adobe Commerce

2.2.x, 2.3.x, 2.4.x",Contribute on Github,https://github.com/mageplaza/magento-2-two-factor-authentication,null
1642961249-205,https://www.mageplaza.com/magento-2-social-share,Magento 2 Social Share Extension,v4.0.1,https://www.mageplaza.com/assets/img/extensions/social-share.png,"Social Share for Magento 2 is proper solution to public customers’ sharing experience to multiple social channels. This is an excellent method to promote store brand, increase traffic and improve site ranking effectively.","CE/EE/B2B/Cloud/


Adobe Commerce

2.2.x, 2.3.x, 2.4.x",Contribute on Github,https://github.com/mageplaza/magento-2-social-share,null
1642961319-222,https://www.mageplaza.com/magento-2-delete-orders,Magento 2 Delete Orders,v4.0.1,https://www.mageplaza.com/assets/img/extensions/magento-2-delete-order.png,"Magento 2 Delete Orders allows admin to delete orders and all the related documents - invoices, shipments, credit memos with ease. This is the perfect solution to delete all test orders which can make you confused and make sure admin backends well-organized.","CE/EE/B2B/Cloud/


Adobe Commerce

2.2.x, 2.3.x, 2.4.x",null,https://github.com/mageplaza/magento-2-delete-orders,null
1642961256-207,https://www.mageplaza.com/magento-2-webhook,Webhook for Magento 2,v1.3.2,https://www.mageplaza.com/assets/img/extensions/webhook.png,"Mageplaza Webhook for Magento 2 helps online store to configure to send an API request to a configurable destination (URL) when specific event entities occur. This is a very useful tool supporting stores updates instant, real-time notifications.","CE/EE/B2B/Cloud/


Adobe Commerce

2.2.x, 2.3.x, 2.4.x",Contribute on Github,https://github.com/mageplaza/magento-2-webhook,null
1642961246-204,https://www.mageplaza.com/magento-2-instagram-feed,Instagram Feed for Magento 2,v1.2.0,https://www.mageplaza.com/assets/img/extensions/instagram-feed.png,"Instagram Feed is an effective extension to integrate Instagram images to Magento 2 stores. This trendy module allows placing eye-catching Instagram photos block to any pages, which will draw customer retention and bring a modern look to online stores.","CE/EE/B2B/Cloud/


Adobe Commerce

2.2.x, 2.3.x, 2.4.x",null,https://github.com/mageplaza/magento-2-instagram-feed,null
1642961259-208,https://www.mageplaza.com/magento-2-same-order-number,Same Order Number for Magento 2,v1.0.6,https://www.mageplaza.com/assets/img/extensions/same-order-number.png,"Magento 2 Same Order Number by Mageplaza helps store owners easily create the same Increment ID for associated billing documents including Order, Shipment, Invoice and Credit Memo.","CE/EE/B2B/Cloud/


Adobe Commerce

2.2.x, 2.3.x, 2.4.x",Contribute on Github,https://github.com/mageplaza/magento-2-same-order-number,null
1642961274-212,https://www.mageplaza.com/magento-2-facebook-plugin,Facebook Plugin for Magento 2,v1.0.4,https://www.mageplaza.com/assets/img/extensions/facebook-plugin.png,"Magento 2 Facebook Plugin, Comments, Widget, Feed allows store owners to embed and promote the Facebook page right on the main shopping sites. This brings an easy way for visitors to interact with the Facebook page right from the websites they are visiting.","CE/EE/B2B/Cloud/


Adobe Commerce

2.2.x, 2.3.x, 2.4.x",Contribute on Github,https://github.com/mageplaza/magento-2-facebook-plugin,null
1642961212-201,https://www.mageplaza.com/magento-2-backend-reindex,Backend Reindex for Magento 2,v1.0.2,https://www.mageplaza.com/assets/img/extensions/backend-reindex.png,Magento 2 Backend Reindex extension allows store admins to update individual or all indexes manually right from the admin backend easily instead of running the command line.,"CE/EE/B2B/Cloud/


Adobe Commerce

2.2.x, 2.3.x, 2.4.x",Contribute on Github,https://github.com/mageplaza/magento-2-backend-reindex,null
1642961209-200,https://www.mageplaza.com/magento-2-twitter-widget,Twitter Widget for Magento 2,v4.0.1,https://www.mageplaza.com/assets/img/extensions/twitter-widget.png,Twitter Widget for Magento 2 allows stores to attach Twitter account in store websites. This is the trendy way to connect more Twitter users with the stores easily. Twitter Widget is a way to better interact with customers and make the shopping site look up-to-date and professional.,"CE/EE/B2B/Cloud/


Adobe Commerce

2.2.x, 2.3.x, 2.4.x",null,https://github.com/mageplaza/magento-2-twitter-widget,null
1642961199-198,https://www.mageplaza.com/magento-2-better-maintenance,Better Maintenance for Magento 2,v1.1.1,https://www.mageplaza.com/assets/img/extensions/better-maintenance.png,"Magento 2 Maintenance extension helps you notify customers that your site is currently under maintenance or upgradation, and prepare for upcoming products/ services. Thanks to Better Maintenance module, store visitors are well informed about maintenance progress as well as the launch date with comfort.",null,Contribute on Github,https://github.com/mageplaza/magento-2-better-maintenance,PWA-Ready
1642961305-218,https://www.mageplaza.com/magento-2-better-popup,Exit Intent Popup for Magento 2,v4.1.2,https://www.mageplaza.com/assets/img/extensions/better-popup.png,"Mageplaza Better Popup / Exit Intent Popup for Magento 2 improves customer retention and converts abandoning store visitors to customers/subscribers. With the support of exit-intent popups, online stores can draw attention to subscription, discount coupons and other content on their page.","CE/EE/B2B/Cloud/


Adobe Commerce

2.2.x, 2.3.x, 2.4.x",Contribute on Github,https://github.com/mageplaza/magento-2-better-popup,null
1642961322-223,https://www.mageplaza.com/magento-2-newsletter-popup,Magento 2 Newsletter Popup Extension,v4.1.2,https://www.mageplaza.com/assets/img/extensions/newsletter-popup.png,Magento 2 Newsletter popup is a key solution for Brand awareness and marketing strategies that help inform a great deal of hot and last-updated information from your websites to customers. Online stores get sales increase and generate more loyal customers as consequently.,"CE/EE/B2B/Cloud/


Adobe Commerce

2.2.x, 2.3.x, 2.4.x",Contribute on Github,https://github.com/mageplaza/magento-2-better-popup,null
1642961309-219,https://www.mageplaza.com/magento-2-product-slider-extension,The Most Popular Product Slider for Magento 2,v4.0.2,https://www.mageplaza.com/assets/img/extensions/magento-2-product-slider.jpg,Magento 2 Product Slider module allows showing all suggested products friendly that match to customer’s expectation.,"CE/EE/B2B/Cloud/


Adobe Commerce

2.2.x, 2.3.x, 2.4.x",Contribute on Github,https://github.com/mageplaza/magento-2-product-slider,null
1642961195-197,https://www.mageplaza.com/magento-2-currency-formatter,Magento 2 Currency Formatter extension,v4.0.5,https://www.mageplaza.com/assets/img/extensions/currency-formatter.png,"Magento 2 Currency Formatter extension brings the flexibility in formatting the price currency appearance in Magento stores. With the support of Currency Formatter, customers from multi-nations will feel familiar to the price format and avoid risks of misunderstanding.",null,null,https://github.com/mageplaza/magento-2-currency-formatter,null
1642961263-209,https://www.mageplaza.com/magento-2-banner-slider-extension,Banner Slider for Magento 2,v2.0.7,https://www.mageplaza.com/assets/img/extensions/magento-2-banner-slider.jpg,Magento 2 Banner Slider extension is a powerful marketing tool that helps store owners insert unlimited eye-catching banner sliders. Banner Slider extension enhances visual effects and UX of visitors then increases CTR for your promotional campaigns.,"CE/EE/B2B/Cloud/


Adobe Commerce

2.2.x, 2.3.x, 2.4.x",Contribute on Github,https://github.com/mageplaza/magento-2-banner-slider,null
1642961188-195,https://www.mageplaza.com/magento-2-lazy-loading,Lazy Loading for Magento 2,v1.0.3,https://www.mageplaza.com/assets/img/extensions/lazy-loading.png,Magento 2 Lazy Loading extension allows speeding up the site load by showing the image only at the demanding time. Lazy Loading improves site performance and reduces bounce rate due to slow loading.,null,null,https://github.com/mageplaza/magento-2-lazy-loading,null
1642961302-217,https://www.mageplaza.com/magento-2-ajax-layered-navigation,Ajax Layered Navigation for Magento 2,null,https://www.mageplaza.com/assets/img/extensions/ajax-layered-navigation.png,Magento 2 Ajax Layered Navigation by Mageplaza is a clever solution to improve user experience during their shopping on online stores. This extension applies the modern AJAX technology to enhance the filtering systems to boost the satisfaction of customers towards every filtering action on pages.,"CE/EE/B2B/Cloud/


Adobe Commerce

2.2.x, 2.3.x, 2.4.x",null,https://github.com/mageplaza/magento-2-ajax-layered-navigation,null
1642961326-224,https://www.mageplaza.com/magento-2-social-login-extension,The most popular Social Login for Magento 2,v2.10.2,https://www.mageplaza.com/assets/img/extensions/magento-2-social-login-extension.png,Magento 2 Social Login extension is designed for quick login to your Magento 2 store without processing complex register steps,"CE/EE/B2B/Cloud/


Adobe Commerce

2.2.x, 2.3.x, 2.4.x",Contribute on Github,https://github.com/mageplaza/magento-2-social-login,null
1642961202-199,https://www.mageplaza.com/magento-2-cron-schedule,Magento 2 Cron Schedule extension,v4.0.0,https://www.mageplaza.com/assets/img/extensions/cron-schedule.png,"Magento 2 Cron Schedule extension helps store admins view, manage and schedule cron tasks in an easy way from store backend. The module contributes significantly to prevent errors and improve store performance.",null,null,https://github.com/mageplaza/magento-2-cron-schedule,null
1642961288-213,https://www.mageplaza.com/magento-2-google-recaptcha,Magento 2 Google reCaptcha - Invisible CAPTCHA extension,v1.2.3,https://www.mageplaza.com/assets/img/extensions/google-recaptcha.png,Magento 2 Google reCaptcha extension helps you create a shield which protects your store from spams and bots. Invisible reCaptcha is implemented into the module to help improve user experience and conversion rates.,"CE/EE/B2B/Cloud/


Adobe Commerce

2.2.x, 2.3.x, 2.4.x",Contribute on Github,https://github.com/mageplaza/magento-2-google-recaptcha,null
1642961253-206,https://www.mageplaza.com/magento-2-login-as-customer,Login As Customer for Magento 2,v1.0.6,https://www.mageplaza.com/assets/img/extensions/login-as-customer.png,Magento 2 Login As Customer is the helpful extension which provides store administrators the access capabilities the same as customers. This will support stores on behalf of customers to take charge of their accounts in specific necessary or urgent cases.,"CE/EE/B2B/Cloud/


Adobe Commerce

2.2.x, 2.3.x, 2.4.x",Contribute on Github,https://github.com/mageplaza/magento-2-login-as-customer,null
1642961291-214,https://www.mageplaza.com/magento-2-email-attachments,Email Attachments for Magento 2,v4.0.2,https://www.mageplaza.com/assets/img/extensions/email-attachments.png,"Magento 2 Email Attachments extension allows attaching important billing documents as PDF invoice, Credit Memo, Shipment and adds Terms and Conditions to sales emails. This helps customers follow all purchasing information while checking emails from stores.","CE/EE/B2B/Cloud/


Adobe Commerce

2.2.x, 2.3.x, 2.4.x",Contribute on Github,https://github.com/mageplaza/magento-2-email-attachments,null
1642961216-202,https://www.mageplaza.com/magento-2-customer-approval,Customer Approval for Magento 2,v4.0.4,https://www.mageplaza.com/assets/img/extensions/customer-approval.png,Magento 2 Customer Approval extension is a solution which helps store owner to approve or reject new account registration from customers in specific cases. This is regarded as an effective control method of customer accounts in e-commerce stores.,"CE/EE/B2B/Cloud/


Adobe Commerce

2.2.x, 2.3.x, 2.4.x",null,https://github.com/mageplaza/magento-2-customer-approval,null
1642961270-211,https://www.mageplaza.com/magento-2-google-maps,Google Maps extension for Magento 2,v1.0.5,https://www.mageplaza.com/assets/img/extensions/google-maps.png,"Magento 2 Google Maps extension allows displaying the location of the store on Contact us Page, which makes the site look more informative and professional.","CE/EE/B2B/Cloud/


Adobe Commerce

2.2.x, 2.3.x, 2.4.x",Contribute on Github,https://github.com/mageplaza/magento-2-google-maps,null
1642961295-215,https://www.mageplaza.com/magento-2-social-suite,Social Suite for Magento 2,v4.0.0,https://www.mageplaza.com/assets/img/extensions/social-suite.png,"Magento 2 Social Suite is the mixture extension for Magento 2 store to optimize the sales effectiveness in social channels via the integration of multiple applications including Social Login, Social Share, Facebook Plugin, Instagram Feed, Twitter Widget, and Share Cart.","CE/EE/B2B/Cloud/


Adobe Commerce

2.2.x, 2.3.x, 2.4.x",null,null,null
