web-scraper-order,web-scraper-start-url,title,reviewstars,reviewcount,thurdparty,image,vendor,price,descr,current_version,updated,seller,categories
1643441656-122,https://marketplace.magento.com/bloomreach-bloomreach-connector-magento.html,Bloomreach Discovery,null,(0),This is an Integration with a Third Party Service. Other charges and fees may be required to use this extension on your Store,https://marketplace.magento.com/media/catalog/product/cache/adc9a2293be371a515eb30a463d80c57/d/0/d003_primarybrandicon240.jpg,Bloomreach,$0.00,"Bloomreach offers a premiere Product Discovery solution, designed for fast growing digital commerce companies. This extension now makes it easy to inject the Bloomreach Search, Merchandising, Autosuggest, Recommendations, & Pathways APIs directly into your Magento Store! Backed by a commerce-specific AI engine that is powered with 12+ years of data, Bloomreach helps you create a sophisticated product discovery experience so customers can find and convert on products faster. Go beyond the search box with modules for advanced merchandising and smart product recommendations.",1.0.0,"30 August, 2021",Bloomreach,"Extensions, Content & Customizations, Site Search & Navigation"
1643441575-114,https://marketplace.magento.com/phpstudios-oim.html,Order Inquiry Messenger,null,(0),null,https://marketplace.magento.com/media/catalog/product/cache/adc9a2293be371a515eb30a463d80c57/b/6/b622_melogooim.png,PHP Studios,$0.00,"Usually, customers (s) are eager to know the status of their orders. Or sometimes they want answers to some specific queries related to their order from the store manager directly. PHPStudios provides an ultimate solution for this. Order Inquiry Messenger (OIM) extension provides a chatbox through which customer and store managers can interact with each other. It also contains an email notification feature to notify both the customers and managers when they receive a new message. This extension works for the community, enterprise, and cloud versions.",1.0.0,"20 August, 2021",PHP Studios,"Extensions, Customer Support, Live Chat"
1643442443-164,https://marketplace.magento.com/openpix-pix.html,OpenPix Payment,null,(0),This is an Integration with a Third Party Service. Other charges and fees may be required to use this extension on your Store,https://marketplace.magento.com/media/catalog/product/cache/adc9a2293be371a515eb30a463d80c57/f/9/f97a_icon-240x240.png,OpenPix,$0.00,"OpenPix is a Pix payment management platform that integrates modules that can be used together or separately to adapt to your demand. OpenPix, in addition to its own modules, also integrates e-commerce plugins, platforms, ERPs, CRM, performing bank reconciliation with your bank and delivering in an easy and simple way all the information your company needs in one place. We are a technology platform with APIs, Webhooks and Plugins focused on Pix.",1.0.20,"25 November, 2021",OpenPix,"Extensions, Payments & Security, Payment Integration"
1643442717-191,https://marketplace.magento.com/gerencianet-module-magento2.html,Gerencianet Payment,null,(0),This is an Integration with a Third Party Service. Other charges and fees may be required to use this extension on your Store,https://marketplace.magento.com/media/catalog/product/cache/adc9a2293be371a515eb30a463d80c57/f/9/f954_novoprojeto14.png,Gerencianet,$0.00,"Gerencianet is a partner company with all the solutions you need to process payments in you store. With technology and all the human potential of more than 200 employees, Gerencianet serves around 210 thousand customers and is responsible for more than 60 million annual collection issues. This is our way of making a difference in the financial market! With Gerencianet, you have everything you need in the palm of your hand: Digital Account with prepaid card with no annual fee, payment slips, payment slips and links, transfers, customer and money management, as well as a team that cares about you, just a click away.",1.0.4,"27 October, 2021",Gerencianet,"Extensions, Payments & Security, Payment Integration"
1643442593-177,https://marketplace.magento.com/mageplaza-magento-2-product-slider.html,Product Slider,null,(0),null,https://marketplace.magento.com/media/catalog/product/cache/adc9a2293be371a515eb30a463d80c57/6/0/6046_product-slider-mkp.png,Mageplaza,$0.00,Mageplaza's Product Slider extension is another valuable product created by Mageplaza. The tool is a customer experience booster. It gives recommendations for customers who are searching for store products. The Product Slider module will help reduce customer hesitation and saves time for buyers to find their preferred products.,4.0.0,"08 July, 2021",Mageplaza,"Extensions, Content & Customizations, Personalization & Experience Management, Product Content, Rich Media"
