web-scraper-order,web-scraper-start-url,title,image,url,url-href,descr
1642958661-153,https://www.sparsh-technologies.com/magento-extensions,Quick View,https://www.sparsh-technologies.com/images/extensions/quick-view-img.jpg,Quick View,https://www.sparsh-technologies.com/magento-extensions/magento-2-quick-view-extension,"Have you checked the Magento 2 Quick View extension yet? The extension is intended to give a helpful encounter to the end clients by essentially clicking it just once. What's more, you can get everything rolling from all the product info to adding relevant ones to the cart. And you know whats most interesting aspect of the extention is? Here one no longer requires stacking page back and forth."
1642958661-146,https://www.sparsh-technologies.com/magento-extensions,Social Share,https://www.sparsh-technologies.com/images/extensions/social-share-img.jpg,Social Share,https://www.sparsh-technologies.com/magento-extensions/magento-2-social-share-extension,"The Magento 2 Social Share extension is an effective tool to allow your customers to instantly share their favorite products, categories or any other CMS pages on the popular social networks like Facebook, Twitter, Google, WhatsApp, Pinterest, LinkedIn and more."
1642958661-134,https://www.sparsh-technologies.com/magento-extensions,Sales Email Attachments,https://www.sparsh-technologies.com/images/extensions/sales-email-attachments-img.jpg,Sales Email Attachments,https://www.sparsh-technologies.com/magento-extensions/magento-2-sales-email-attachments-extension,"The Magento 2 Sales Email Attachments extension allows to automatically attach PDF documents, terms & conditions or policy documents to sales emails like invoices, shipments and credit memos."
1642958661-135,https://www.sparsh-technologies.com/magento-extensions,Ajax Infinite Scroll,https://www.sparsh-technologies.com/images/extensions/ajax-infinite-scroll-img.jpg,Ajax Infinite Scroll,https://www.sparsh-technologies.com/magento-extensions/magento-2-ajax-infinite-scroll-extension,The Magento 2 Ajax Infinite Scroll extension reduces product load time by automatically loads products as users scroll down the website without reloading the whole page.
1642958661-133,https://www.sparsh-technologies.com/magento-extensions,All Product Reviews,https://www.sparsh-technologies.com/images/extensions/all-product-reviews-img.jpg,All Product Reviews,https://www.sparsh-technologies.com/magento-extensions/magento-2-all-product-reviews-extension,The Magento 2 All Product Reviews extension allows the store admin to show all product reviews on one page using a widget.
1642958661-132,https://www.sparsh-technologies.com/magento-extensions,Auto Cancel Order,https://www.sparsh-technologies.com/images/extensions/auto-cancel-order-img.jpg,Auto Cancel Order,https://www.sparsh-technologies.com/magento-extensions/magento-2-auto-cancel-order-extension,"The Magento 2 Auto Cancel Order extension allows store owners to auto-cancel orders of the specified order statuses and payment methods after a specific period of time, which helps in order management."
1642958661-130,https://www.sparsh-technologies.com/magento-extensions,Easy Product Tabs,https://www.sparsh-technologies.com/images/extensions/easy-product-tabs-img.jpg,Easy Product Tabs,https://www.sparsh-technologies.com/magento-extensions/magento-2-easy-product-tabs-extension,"The Magento 2 Easy Product Tabs extension allows the admin to replace, re-order, customize, rename, and hide the default Magento tabs. It also allows us to create unlimited rule-based informative custom tabs, based on content from cms blocks or widgets or product attributes and attach them to specific products, store views, and customer groups."
1642958661-161,https://www.sparsh-technologies.com/magento-extensions,Video Gallery,https://www.sparsh-technologies.com/images/extensions/video-gallery-img.jpg,Video Gallery,https://www.sparsh-technologies.com/magento-extensions/magento-2-video-gallery-extension,"Videos are growing in terms of popularity – coping with the ever-expanding world of advertising is not that easy. And maybe that’s the reason businesses are seen striving hard to add video content to their webpage. The Magento 2 extension comprises of the block, template, layout, and widget for customer engagement."
1642958661-157,https://www.sparsh-technologies.com/magento-extensions,Custom Shipping Method,https://www.sparsh-technologies.com/images/extensions/custom-shipping-method-img.jpg,Custom Shipping Method,https://www.sparsh-technologies.com/magento-extensions/magento-2-custom-shipping-method-extension,"Have you ever wondered why would any company consider using custom shipping packages? I mean is what advantage can be achieved in creating something which is distinct, customized packaging for shipping the products to be sold. Of course, there are a wide range of advantages offered by Custom Shipping Method such as brand recognition, professional appearance, cost-effectiveness, easier shipping method and so more."
1642958661-156,https://www.sparsh-technologies.com/magento-extensions,Buy Now,https://www.sparsh-technologies.com/images/extensions/buy-now-img.jpg,Buy Now,https://www.sparsh-technologies.com/magento-extensions/magento-2-buy-now-extension,"I am sure you exactly know what the extension brings to the table. Developed by Sparsh Technologies, Buy now extension allows you to be a better marketer. Fueled by several impulse buys, shoppers are highly prone to making impulse purchases. The extension permits a client to legitimately go to the checkout page to accelerate the checkout procedure and increment transformation rate on your Magento store."
1642958661-165,https://www.sparsh-technologies.com/magento-extensions,Product Label,https://www.sparsh-technologies.com/images/extensions/product-label-img.jpg,Product Label,https://www.sparsh-technologies.com/magento-extensions/magento-2-product-label-extension,"Product promotion is no longer optional, it’s a necessity. Incorporating Magento extension like a product label is one of the most effective marketing tactics to take into account. Whether a product is out of stock, new arrival, deals or much more, the product label is one of the finest ways to draw consumers’ interest and boost your sales."
1642958661-127,https://www.sparsh-technologies.com/magento-extensions,Sms Notification,https://www.sparsh-technologies.com/images/extensions/sms-notification-img.jpg,Sms Notification,https://www.sparsh-technologies.com/magento-extensions/magento-2-sms-notification-extension,The Magento 2 SMS Notification extension enhances the user experience by instantly notify customers and administrators via SMS about their order/invoice/shipment/credit memo creation.
1642958661-145,https://www.sparsh-technologies.com/magento-extensions,Referrer Url Tracking,https://www.sparsh-technologies.com/images/extensions/referrer-url-tracking-img.jpg,Referrer Url Tracking,https://www.sparsh-technologies.com/magento-extensions/magento-2-referrer-url-tracking-extension,The Magento 2 Referrer URL Tracking extension allows admin to track which website refers to customers and orders to the Magento store and provide referrer domain reports.
1642958661-129,https://www.sparsh-technologies.com/magento-extensions,Auto Related Products,https://www.sparsh-technologies.com/images/extensions/auto-related-products-img.jpg,Auto Related Products,https://www.sparsh-technologies.com/magento-extensions/magento-2-auto-related-products-extension,"The Magento 2 Auto Related Products is an extension that uses sets of conditions and actions as rules to dynamically showcase related, cross-sell, and up-sell items in your store to help customers easily find necessary products on the product, category, shopping cart, and checkout pages."
1642958661-162,https://www.sparsh-technologies.com/magento-extensions,Featured Products,https://www.sparsh-technologies.com/images/extensions/featured-products-img.jpg,Featured Products,https://www.sparsh-technologies.com/magento-extensions/magento-2-featured-products-extension,"It is quite disappointing to know that most of the store owners have no idea how they can make the most of the featured products. Bestsellers and New arrivals are the two best categories which must be placed as featured items. Lastly, featured products shouldn’t remain permanent they must be changed on a regular basis."
1642958661-160,https://www.sparsh-technologies.com/magento-extensions,Product Attachment,https://www.sparsh-technologies.com/images/extensions/products-attachment-img.jpg,Product Attachment,https://www.sparsh-technologies.com/magento-extensions/magento-2-product-attachment-extension,"Product attachment, many of you might not know this but this can be called as emotional bond a consumer experience with a product. Online buyers often wish to receive information about the product before placing the order. Moreover, it makes quite easy for buyers to purchase the right product."
1642958661-139,https://www.sparsh-technologies.com/magento-extensions,Facebook Pixel,https://www.sparsh-technologies.com/images/extensions/facebook-pixel-img.jpg,Facebook Pixel,https://www.sparsh-technologies.com/magento-extensions/magento-2-facebook-pixel-extension,The Magento 2 Facebook Pixel extension allows adding Facebook Pixel Code in your store to track your visitors’ events and the effectiveness of your Facebook ads.
1642958661-158,https://www.sparsh-technologies.com/magento-extensions,Faq,https://www.sparsh-technologies.com/images/extensions/faq-img.jpg,Faq,https://www.sparsh-technologies.com/magento-extensions/magento-2-faq-extension,"Have you ever wondered what completes a website? It’s the Frequently Asked Questions (FAQ) page where you find an organized set of questions and answers (valuable ones) that your customer would like to know regarding your product or service. Improve customer experience, providing quick information, boosting instant sales are some long-term benefits availed by using this extension."
1642958661-154,https://www.sparsh-technologies.com/magento-extensions,Gdpr,https://www.sparsh-technologies.com/images/extensions/gdpr-img.jpg,Gdpr,https://www.sparsh-technologies.com/magento-extensions/magento-2-gdpr-extension,"Having a store in compliance with the General Data Protection Regulation (GDPR) is no longer a luxury? It has become more like a norm where companies have become more careful regarding several aspects like privacy policy consents, cookie restriction notice and even if it comes to deleting or handling anonymous customer data like personal information, orders, newsletters, etc."
1642958661-128,https://www.sparsh-technologies.com/magento-extensions,Login With Mobile Number,https://www.sparsh-technologies.com/images/extensions/login-with-mobile-number-img.jpg,Login With Mobile Number,https://www.sparsh-technologies.com/magento-extensions/magento-2-login-with-mobile-number-extension,The Magento 2 Login With Mobile Number extension provides an option for the customer to log in using a mobile number or email address.
1642958661-148,https://www.sparsh-technologies.com/magento-extensions,Advanced Sorting,https://www.sparsh-technologies.com/images/extensions/advanced-sorting-img.jpg,Advanced Sorting,https://www.sparsh-technologies.com/magento-extensions/magento-2-advanced-sorting-extension,"The Magento 2 Advanced Sorting extension allows customers to sort products by Best Sellers, Top Rated, New Arrivals, Most Viewed, Reviews Count, and Low to High Price and High to Low Price options on catalog listing page."
1642958661-147,https://www.sparsh-technologies.com/magento-extensions,Split Order,https://www.sparsh-technologies.com/images/extensions/split-order-img.jpg,Split Order,https://www.sparsh-technologies.com/magento-extensions/magento-2-split-order-extension,"The Magento 2 Split Order extension allows admin to split a pending order into separate orders. The admin can generate separate invoices and shipments for each order id. Shipping charges, tax, and discounts are also divided among multiple orders based on items."
1642958661-150,https://www.sparsh-technologies.com/magento-extensions,Banner Slider,https://www.sparsh-technologies.com/images/extensions/banner-slider-img.jpg,Banner Slider,https://www.sparsh-technologies.com/magento-extensions/magento-2-banner-slider-extension,"Managing banners effectively can be insanely tricky these days but at the same time it is very important to increase customer’s awareness of the brand. Now setting up a slider image on your website can be your game changer, whereas on the contrary, slider image has the potential to improve user experience (UX). The Magento 2 extension has a potential to achieve your digital marketing goals."
1642958661-152,https://www.sparsh-technologies.com/magento-extensions,Paypal Recurring Payment,https://www.sparsh-technologies.com/images/extensions/paypal-recurring-payment-img.jpg,Paypal Recurring Payment,https://www.sparsh-technologies.com/magento-extensions/magento-2-paypal-recurring-payment-extension,"Have you ever wondered how recurring payments can benefit your business? PayPal Recurring Payments extension cannot just save your time but also retain customers which will sooner or later lead to creating long lasting relationships, reducing your billing costs, and making payments more convenient."
1642958661-142,https://www.sparsh-technologies.com/magento-extensions,Abandoned Cart Email,https://www.sparsh-technologies.com/images/extensions/abandoned-cart-email-img.jpg,Abandoned Cart Email,https://www.sparsh-technologies.com/magento-extensions/magento-2-abandoned-cart-email-extension,The Magento 2 Abandoned Cart Email extension is the perfect tool to convert visitors or guests into real customers. Send email reminders to bring customers back to the store to complete orders by giving lucrative offers.
1642958661-138,https://www.sparsh-technologies.com/magento-extensions,Facebook Shop Integration,https://www.sparsh-technologies.com/images/extensions/facebook-shop-integration-img.jpg,Facebook Shop Integration,https://www.sparsh-technologies.com/magento-extensions/magento-2-facebook-shop-integration-extension,The Magento 2 Facebook Shop Integration extension allows the store admin to showcase their products on Facebook Shop by synchronizing their online Magento 2 store products with the Facebook store.
1642958661-131,https://www.sparsh-technologies.com/magento-extensions,Free Shipping Bar,https://www.sparsh-technologies.com/images/extensions/free-shipping-bar-img.jpg,Free Shipping Bar,https://www.sparsh-technologies.com/magento-extensions/magento-2-free-shipping-bar-extension,"The Magento 2 Free Shipping Bar extension allows store owners to create and display a free shipping bar, which encourages customers to buy more products to avail of free shipping on their purchase."
1642958661-166,https://www.sparsh-technologies.com/magento-extensions,Product Inquiry With Hide Price,https://www.sparsh-technologies.com/images/extensions/product-inquiry-img.jpg,Product Inquiry With Hide Price,https://www.sparsh-technologies.com/magento-extensions/magento-2-product-inquiry-with-hide-price-extension,"Have you ever wondered certain products must carry hidden prices from the visitors? Psychologically speaking, hiding product prices creates a lot of friction in shoppers' minds. So what you can do is hide prices from casual visitors but showing prices to your logged in customers. This surely leads to an increase in engagement and long-term benefits."
1642958661-143,https://www.sparsh-technologies.com/magento-extensions,Review Reminder,https://www.sparsh-technologies.com/images/extensions/review-reminder-img.jpg,Review Reminder,https://www.sparsh-technologies.com/magento-extensions/magento-2-review-reminder-extension,The Magento 2 Review Reminder extension automatically emails customers after every x number of days for defined order statuses and asks to share their shopping experience and reminds to give feedback/review for the product.
1642958661-164,https://www.sparsh-technologies.com/magento-extensions,Maintenance Mode,https://www.sparsh-technologies.com/images/extensions/maintenance-mode-img.jpg,Maintenance Mode,https://www.sparsh-technologies.com/magento-extensions/magento-2-maintenance-mode-extension,"Have you ever thought about creating simple maintenance or coming soon page? Well, if not its high time. Maintaining page offers a wide range of benefits starting from compatible with any WordPress theme to being responsive, customized look and feel, use of HTML5 & CSS3, multiple support, and so forth."
1642958661-163,https://www.sparsh-technologies.com/magento-extensions,Most Viewed Products,https://www.sparsh-technologies.com/images/extensions/most-viewed-products-img.jpg,Most Viewed Products,https://www.sparsh-technologies.com/magento-extensions/magento-2-most-viewed-products-extension,"When anybody visits your online store to make a purchase, you as a store owner want him to get the best one. Normally customer does not open each product in a different tab and it can be very tiring but by incorporating most viewed products extension you can display additional products which are viewed by other customers while visiting the same product."
1642958661-126,https://www.sparsh-technologies.com/magento-extensions,Reindex From Admin,https://www.sparsh-technologies.com/images/extensions/reindex-from-admin.png,Reindex From Admin,https://www.sparsh-technologies.com/magento-extensions/magento-2-reindex-from-admin-extension,The Magento 2 Reindex From Admin extension developed by Sparsh magento development team helps store owner to reindex their Magento 2 store data from the admin panel itself with just one click.
1642958661-155,https://www.sparsh-technologies.com/magento-extensions,Order Comments,https://www.sparsh-technologies.com/images/extensions/order-comments-img.jpg,Order Comments,https://www.sparsh-technologies.com/magento-extensions/magento-2-order-comments-extension,"Developed by Sparsh Technologies, the following extension turns out to be useful for those (customers) who wish to add any kind of special comments/notes/messages while placing the order on the checkout page. And yes, the comment, note or message can be easily viewed by both admins as well as the customer."
1642958661-141,https://www.sparsh-technologies.com/magento-extensions,Custom Order Number,https://www.sparsh-technologies.com/images/extensions/custom-order-number-img.jpg,Custom Order Number,https://www.sparsh-technologies.com/magento-extensions/magento-2-custom-order-number-extension,"The Magento 2 Custom Order Number extension allows the store admin to customize starting numbers and prefixes of billing documents such as orders, invoices, shipments, credit memos."
1642958661-137,https://www.sparsh-technologies.com/magento-extensions,Login As Customer,https://www.sparsh-technologies.com/images/extensions/login-as-customer-img.jpg,Login As Customer,https://www.sparsh-technologies.com/magento-extensions/magento-2-login-as-customer-extension,The Magento 2 Login As Customer extension allows the store admin to log in to the customer account from the admin panel to provide better services by assisting at checkout or helping with any other shopping-related difficulties.
1642958661-136,https://www.sparsh-technologies.com/magento-extensions,Ajax Layered Navigation,https://www.sparsh-technologies.com/images/extensions/ajax-layered-navigation-img.jpg,Ajax Layered Navigation,https://www.sparsh-technologies.com/magento-extensions/magento-2-ajax-layered-navigation-extension,"The Magento 2 Ajax Layered Navigation extension extends the Magento 2 layered navigation by allowing your customers to filter, sort and paginate your product catalog with AJAX technology without page refresh."
1642958661-168,https://www.sparsh-technologies.com/magento-extensions,Whatsapp Chat,https://www.sparsh-technologies.com/images/extensions/whatsapp-chat-text-img.jpg,Whatsapp Chat,https://www.sparsh-technologies.com/magento-extensions/magento-2-whatsapp-chat-extension,Whatsapp messaging app has been quite a buzz in the business realm. I mean nobody can deny the go-to messaging app for over 1.6 billion consumers around the globe. More and more companies are clamoring to make the most of it.
1642958661-167,https://www.sparsh-technologies.com/magento-extensions,Testimonials,https://www.sparsh-technologies.com/images/extensions/testimonials-img.jpg,Testimonials,https://www.sparsh-technologies.com/magento-extensions/magento-2-testimonials-extension,Another interesting way of promoting your business cost-effectively is by making the most of the testimonials. Let your potential customers know what your current customers think of you. And nothing is worth reading than hearing from real people regarding the product and what their honest opinions are.
1642958661-140,https://www.sparsh-technologies.com/magento-extensions,Smtp,https://www.sparsh-technologies.com/images/extensions/smtp-img.jpg,Smtp,https://www.sparsh-technologies.com/magento-extensions/magento-2-smtp-extension,"The Magento 2 SMTP extension is a free e-mail marketing solution that supports all main SMTP providers to solve issues like spamming, HTML/Plain-text in emails and many others."
1642958661-144,https://www.sparsh-technologies.com/magento-extensions,Share Shopping Cart,https://www.sparsh-technologies.com/images/extensions/share-shopping-cart-img.jpg,Share Shopping Cart,https://www.sparsh-technologies.com/magento-extensions/magento-2-share-shopping-cart-extension,The Magento 2 Share Shopping Cart extension allows the users to share their shopping cart via email to family/friends.
1642958661-159,https://www.sparsh-technologies.com/magento-extensions,Shop By Brand,https://www.sparsh-technologies.com/images/extensions/shop-by-brands-img.jpg,Shop By Brand,https://www.sparsh-technologies.com/magento-extensions/magento-2-shop-by-brand-extension,"Brand extensions have become quite popular these days. However if not done properly, it can be a complete failure. Products being easily accepted, improved overall brand image, availability of more variety, effective packaging, and labeling, are some of its crucial benefits to take into account."
1642958661-151,https://www.sparsh-technologies.com/magento-extensions,Ajax Search Autocomplete,https://www.sparsh-technologies.com/images/extensions/ajax-search-autocomplete-img.jpg,Ajax Search Autocomplete,https://www.sparsh-technologies.com/magento-extensions/magento-2-ajax-search-autocomplete-extension,"The Magento 2 Ajax Search Autocomplete extension improves customer's search experience by providing instant results and makes it simple to find exactly what they need, quickly and conveniently from products, categories, CMS pages and provide search suggestions."
1642958661-149,https://www.sparsh-technologies.com/magento-extensions,Delete Orders,https://www.sparsh-technologies.com/images/extensions/delete-orders-img.jpg,Delete Orders,https://www.sparsh-technologies.com/magento-extensions/magento-2-delete-orders-extension,"The Magento 2 Delete Orders extension allows eCommerce stores to delete all test or ad-hoc orders, invoices, shipments and credit memos either one-by-one or in bulk on a single click for allowed order statuses."
