﻿web-scraper-order,web-scraper-start-url,name,description,url,url-href,price,reviews,activeCategory
"1587584593-227","https://amasty.com/product-pages-extensions-for-magento-2.html","Full Page Cache Warmer","null","Full Page Cache Warmer","https://amasty.com/full-page-cache-warmer-for-magento-2.html","$219","null","Product Page Improvement"
"1587584585-190","https://amasty.com/user-experience-extensions-for-magento-2.html","Cross-Sell / Upsell Products M2","Increase trust in your shop by delivering offers with a higher value to customers. Use Magento 2 Cross Sells extension to increase the number of spontaneous purchases, average cart value, total sales and customer satisfaction.","Cross-Sell / Upsell Products M2","https://amasty.com/magento-2-upsell-cross-sell-extension.html","$299","4.5","User Experience"
"1587584585-193","https://amasty.com/user-experience-extensions-for-magento-2.html","HTML Sitemap M2","Generate a clear HTML sitemap to help customers easily navigate your website. Include/exclude particular pages from the sitemap and customize its layout to make it perfectly structured.","HTML Sitemap M2","https://amasty.com/html-sitemap-for-magento-2.html","$99","5.0","User Experience"
"1587584596-238","https://amasty.com/shipping-extensions-for-magento-2.html","Shipping & Payment By Customer Groups M2","Show or hide shipping and payment methods for various customer groups according to your business needs","Shipping & Payment By Customer Groups M2","https://amasty.com/shipping-payment-by-customer-group-for-magento-2.html","$139","5.0","Shipping"
"1587584588-204","https://amasty.com/seo-optimization-extensions-for-magento-2.html","SEO Toolkit M2","SEO Toolkit is the all-in-one Magento 2 SEO Extension designed to make your store stand out in Google Search. Maximize your Magento SEO effectiveness: make your store more visible in search results, get more organic traffic, increase your customer flow.","SEO Toolkit M2","https://amasty.com/seo-toolkit-for-magento-2.html","$249","4.9","SEO"
"1587584596-233","https://amasty.com/shipping-extensions-for-magento-2.html","Shipping Table Rates M2","Create an unlimited number of flexible shipping methods with individual rates. Use combinations of a destination address, cart weight, order subtotal and price to accurately calculate shipping.","Shipping Table Rates M2","https://amasty.com/shipping-table-rates-for-magento-2.html","$199","4.7","Shipping"
"1587584585-175","https://amasty.com/user-experience-extensions-for-magento-2.html","Subscriptions & Recurring Payments M2","Grow revenue by selling products on the subscription basis and getting sustainable recurring payments with Magento 2 Subscription extension.","Subscriptions & Recurring Payments M2","https://amasty.com/subscriptions-recurring-payments-for-magento-2.html","$399","4.7","User Experience"
"1587584593-225","https://amasty.com/product-pages-extensions-for-magento-2.html","Magento 2 Automatic Related Products","null","Magento 2 Automatic Related Products","https://amasty.com/automatic-related-products-for-magento-2.html","$299","null","Product Page Improvement"
"1587584599-242","https://amasty.com/promotions-extensions-for-magento-2.html","Special Promotions Pro M2","Shape your discounts with clever conditions. Create promotions based on customers' info and purchase history. Use 20 actions to be sure that your promotions are unique and relevant.","Special Promotions Pro M2","https://amasty.com/special-promotions-pro-for-magento-2.html","$319","4.8","Promotions"
"1587584596-236","https://amasty.com/shipping-extensions-for-magento-2.html","Store Pickup M2","Drive more sales with Magento 2 Store Pickup extension! Offer improved shopping experience by allowing your customers pickup their orders from the nearest store.","Store Pickup M2","https://amasty.com/store-pickup-for-magento-2.html","$129","4.8","Shipping"
"1587584613-308","https://amasty.com/addons-for-magento-2.html","Reports for Free Gift (Add-On) M2","See the efficiency of your promo campaigns in one click with Reports for Free Gift for Magento 2 add-on. Get actionable insights on how special offers impact sales to timely manage your marketing strategy and save money.","Reports for Free Gift (Add-On) M2","https://amasty.com/reports-add-on-for-free-gift-for-magento-2.html","$79","null","Add-ons"
"1587584609-301","https://amasty.com/b2b-extensions-for-magento-2.html","Google Account Login M2","Instantly access your store backend without remembering complex passwords with Magento 2 Google Account Login. Reduce manual efforts onboarding new employees automatically and securely.","Google Account Login M2","https://amasty.com/google-account-login-for-magento-2.html","$99","5.0","B2B Products"
"1587584585-202","https://amasty.com/user-experience-extensions-for-magento-2.html","Optimization Service M2","Place your website at the top of Google rating and drive more traffic to your store. Get remarkable store performance with the high-level Magento 2 code and images optimization by Amasty service. We provide:","Optimization Service M2","https://amasty.com/optimization-service-for-magento-2.html","null","null","User Experience"
"1587584581-169","https://amasty.com/checkout-extensions-for-magento-2.html","Store Credit & Refund M2","Turn refunds into revenue, apply the automated return system to scale up sales. Thank customers for shopping in your store with credit and build their loyalty.","Store Credit & Refund M2","https://amasty.com/store-credit-and-refund-for-magento-2.html","$149","4.7","Checkout"
"1587584601-265","https://amasty.com/catalog-management-extensions-for-magento-2.html","Duplicate Categories M2","Save your time on store management and duplicate Magento 2 categories in seconds. Use this tool for effective multi-store setup, too!","Duplicate Categories M2","https://amasty.com/duplicate-categories-for-magento-2.html","$139","5.0","Catalog Management"
"1587584601-269","https://amasty.com/catalog-management-extensions-for-magento-2.html","Admin Actions Log M2","Magento 2 Admin Actions log is designed to enhance your store security and protect data from possible hacker and other malicious attacks. Get complete visibility of every change made in your store admin panel!","Admin Actions Log M2","https://amasty.com/admin-actions-log-for-magento-2.html","$249","4.8","Catalog Management"
"1587584581-165","https://amasty.com/checkout-extensions-for-magento-2.html","Payment Restrictions M2","Effectively manage payments in your store. Feel free to restrict payment methods by shipping address, customer groups, store view or product attributes in Magento 2. Restrict cash on delivery, check/money order etc.","Payment Restrictions M2","https://amasty.com/payment-restrictions-for-magento-2.html","$199","5.0","Checkout"
"1587584613-307","https://amasty.com/addons-for-magento-2.html","Custom Product Sorting for Shop by Brand (Add-On) M2","Promote particular brand products by customizing their positioning on brand pages. Change products order manually or automatically with the Custom Product Sorting add-on for Shop by Brand.","Custom Product Sorting for Shop by Brand (Add-On) M2","https://amasty.com/custom-product-sorting-add-on-for-shop-by-brand-for-magento-2.html","$99","null","Add-ons"
"1587584585-201","https://amasty.com/user-experience-extensions-for-magento-2.html","Google Map M2","Provide your customers with the clear details about the location of your business. Display the physical address on the 'Contact Us' page using the appealing Magento Google Map.","Google Map M2","https://amasty.com/google-map-for-magento-2.html","$49","null","User Experience"
"1587584596-232","https://amasty.com/shipping-extensions-for-magento-2.html","Multi Warehouse Inventory M2","Equip your store with an advanced Magento 2 Warehouse Management Tool. Easily split inventory among multiple warehouses and effectively manage stock right from the product grid or the particular warehouse page.","Multi Warehouse Inventory M2","https://amasty.com/multi-warehouse-inventory-for-magento-2.html","$349","4.5","Shipping"
"1587584588-210","https://amasty.com/seo-optimization-extensions-for-magento-2.html","Landing Pages M2","Let customers explore your store goods goods via multiple landing pages. Boost sales with custom selection of products for each page. Improve your site search engine ranking building SEO-optimized unique content.","Landing Pages M2","https://amasty.com/landing-pages-for-magento-2.html","$149","5.0","SEO"
"1587584588-209","https://amasty.com/seo-optimization-extensions-for-magento-2.html","FAQ and Product Questions M2","Equip product pages with the advanced SEO-optimized FAQ section in Magento 2. Transform guests to customers by displaying well-organized info on products and services.","FAQ and Product Questions M2","https://amasty.com/faq-and-product-questions-for-magento-2.html","$199","4.8","SEO"
"1587584609-297","https://amasty.com/b2b-extensions-for-magento-2.html","Sales Reps and Dealers M2","Provide high-quality service and individual approach to each customer by including dealers in your business model. With this convenient tool, you can effectively manage the work of your sales reps and monitor their productivity.","Sales Reps and Dealers M2","https://amasty.com/sales-reps-and-dealers-for-magento-2.html","$189","5.0","B2B Products"
"1587584609-295","https://amasty.com/b2b-extensions-for-magento-2.html","Advanced Reports M2","Add Magento 2 Advanced Reports to get all important metrics for your store in one tool. Make beneficial strategic decisions with accurate reporting and grow your sales.","Advanced Reports M2","https://amasty.com/advanced-reports-for-magento-2.html","$319","4.7","B2B Products"
"1587584588-206","https://amasty.com/seo-optimization-extensions-for-magento-2.html","Google Page Speed Optimizer M2","Magento 2 Speed Optimization improves web pages performance in order to place your store at the top of Google search rating. Boost your webstore traffic by the speed optimization and get an endless stream of new visitors!","Google Page Speed Optimizer M2","https://amasty.com/google-page-speed-optimizer-for-magento-2.html","$259","4.9","SEO"
"1587584606-278","https://amasty.com/usability-navigation-extensions-for-magento-2.html","Magento 2 Improved Layered Navigation","null","Magento 2 Improved Layered Navigation","https://amasty.com/improved-layered-navigation-for-magento-2.html","$349","null","Navigation & Search"
"1587584591-224","https://amasty.com/order-management-extensions-for-magento-2.html","Magento 2 RMA","null","Magento 2 RMA","https://amasty.com/rma-for-magento-2.html","$249","null","Order Management"
"1587584613-312","https://amasty.com/addons-for-magento-2.html","Reports for RMA (Add-On) M2","Analyze the RMA effectiveness and improve return requests processing with Magento 2 RMA Reports add-on.","Reports for RMA (Add-On) M2","https://amasty.com/reports-add-on-for-rma-for-magento-2.html","$79","5.0","Add-ons"
"1587584588-218","https://amasty.com/seo-optimization-extensions-for-magento-2.html","Facebook Feed M2","Make advertising via Facebook Dynamic Ads easier by using this Magento 2 Facebook feed extension for quick and accurate product feed generation. Attract more customers to your Magento 2 store with always up-to-date info about your products on social media.","Facebook Feed M2","https://amasty.com/magento-2-facebook-feed.html","$199","4.7","SEO"
"1587584579-158","https://amasty.com/images-media-extensions-for-magento-2.html","Optimization Service M2","Place your website at the top of Google rating and drive more traffic to your store. Get remarkable store performance with the high-level Magento 2 code and images optimization by Amasty service. We provide:","Optimization Service M2","https://amasty.com/optimization-service-for-magento-2.html","null","null","Images & Media"
"1587584604-276","https://amasty.com/customers-data-extensions-for-magento-2.html","Magento 2 SMTP Email Settings","null","Magento 2 SMTP Email Settings","https://amasty.com/smtp-email-settings-for-magento-2.html","$259","null","Customers' Data"
"1587584601-272","https://amasty.com/catalog-management-extensions-for-magento-2.html","Google Account Login M2","Instantly access your store backend without remembering complex passwords with Magento 2 Google Account Login. Reduce manual efforts onboarding new employees automatically and securely.","Google Account Login M2","https://amasty.com/google-account-login-for-magento-2.html","$99","5.0","Catalog Management"
"1587584588-217","https://amasty.com/seo-optimization-extensions-for-magento-2.html","Cross Linking M2","With the Magento Cross Linking plugin, it becomes easier to improve information architecture of your web store to meet the highest requirements of both Google and your customers. Replace the extended keywords with internal and external links to increase the SEO value of your store.","Cross Linking M2","https://amasty.com/cross-linking-for-magento-2.html","$109","5.0","SEO"
"1587584585-187","https://amasty.com/user-experience-extensions-for-magento-2.html","GeoIP Redirect M2","Automatically redirect customers, change currency and language depending on visitors’ location. Use Magento 2 GeoIP extension to expand your business across other countries without creating a separate store.","GeoIP Redirect M2","https://amasty.com/geoip-redirect-for-magento-2.html","$179","4.5","User Experience"
"1587584588-219","https://amasty.com/seo-optimization-extensions-for-magento-2.html","HTML Sitemap M2","Generate a clear HTML sitemap to help customers easily navigate your website. Include/exclude particular pages from the sitemap and customize its layout to make it perfectly structured.","HTML Sitemap M2","https://amasty.com/html-sitemap-for-magento-2.html","$99","5.0","SEO"
"1587584588-208","https://amasty.com/seo-optimization-extensions-for-magento-2.html","Full Page Cache Warmer M2","Ensure fast web-site browsing experience with Magento 2 Full Page Cache Warmer. Provide users a flawless store performance to top search rankings and attract more visitors.","Full Page Cache Warmer M2","https://amasty.com/full-page-cache-warmer-for-magento-2.html","$219","4.7","SEO"
"1587584599-253","https://amasty.com/promotions-extensions-for-magento-2.html","Follow Up Email M2","Generate and send numerous triggered emails based on customer activity to build productive relationships with clients and increase the number of repeated purchases. Customize email templates and effectively manage emails dispatch.","Follow Up Email M2","https://amasty.com/follow-up-email-for-magento-2.html","$299","5.0","Promotions"
"1587584585-178","https://amasty.com/user-experience-extensions-for-magento-2.html","Store Locator M2","Easily guide customers to the nearest stores with Magento 2 Store Locator. Drive more offline sales connecting your webstore to physical stores.","Store Locator M2","https://amasty.com/store-locator-for-magento-2.html","$199","4.7","User Experience"
"1587584579-150","https://amasty.com/images-media-extensions-for-magento-2.html","Product Labels M2","Highlight new arrivals, as well as special products and offers to immediately draw customers' attention and grow sales up to 55%. Automatically run several marketing campaigns at a time!","Product Labels M2","https://amasty.com/product-labels-for-magento-2.html","$199","4.8","Images & Media"
"1587584596-229","https://amasty.com/shipping-extensions-for-magento-2.html","Shipping Suite M2","Shipping Suite — your perfect extension for shipping profitability. It combines 3 smart and useful shipping managing tools: shipping table rates, rules, and restrictions. Get the greatest benefits from their synergetic work and take your shipping process under full control.","Shipping Suite M2","https://amasty.com/shipping-suite-for-magento-2.html","$499","4.8","Shipping"
"1587584588-207","https://amasty.com/seo-optimization-extensions-for-magento-2.html","XML Google® Sitemap M2","Automatically generate XML Sitemaps in an efficient way. Let your web store communicate with the search engines quickly and properly.","XML Google® Sitemap M2","https://amasty.com/xml-google-sitemap-for-magento-2.html","$99","5.0","SEO"
"1587584585-180","https://amasty.com/user-experience-extensions-for-magento-2.html","Call for Price M2","Replace the price with flexible options. Place a link with redirection or an image instead of the button. Select the group of customers and particular categories to display the 'Call for price' button to. Easily engage customers into more activity, asking to sign up and provide more feedback.","Call for Price M2","https://amasty.com/call-for-price-for-magento-2.html","$159","5.0","User Experience"
"1587584601-270","https://amasty.com/catalog-management-extensions-for-magento-2.html","Visual Merchandiser M2","The extension offers a wide range of options to customize product listing on category pages according to your marketing purposes.","Visual Merchandiser M2","https://amasty.com/visual-merchandiser-for-magento-2.html","$229","4.8","Catalog Management"
"1587584609-283","https://amasty.com/b2b-extensions-for-magento-2.html","One Step Checkout M2","Supply your Magento 2 store with a user-friendly One Step Checkout to speed up the whole shopping process and heavily enhance customer satisfaction. Create converting checkout just in a few clicks to boost store revenue.","One Step Checkout M2","https://amasty.com/one-step-checkout-for-magento-2.html","$299","5.0","B2B Products"
"1587584596-234","https://amasty.com/shipping-extensions-for-magento-2.html","Delivery Date M2","Increase the level of customer service in your store. Enable clients to choose delivery dates and time periods to receive orders. Define your delivery schedule and exclude specific days or hours when delivery is unavailable. Add delivery info to emails and printed order-related docs.","Delivery Date M2","https://amasty.com/delivery-date-for-magento-2.html","$179","5.0","Shipping"
"1587584588-216","https://amasty.com/seo-optimization-extensions-for-magento-2.html","Unique Product URL M2","Create unique product URLs to avoid situations when a product has multiple links to it. Settle the desired URL depth level to optimize the paths to your product pages and make them search engine friendly.","Unique Product URL M2","https://amasty.com/unique-product-url-for-magento-2.html","$109","5.0","SEO"
"1587584599-246","https://amasty.com/promotions-extensions-for-magento-2.html","Loyalty Program M2","Create a unique loyalty program to reward regular customers with exclusive discounts. Use flexible shopping cart rules to generate targeted offers and boost sales.","Loyalty Program M2","https://amasty.com/loyalty-program-for-magento-2.html","$349","4.8","Promotions"
"1587584601-260","https://amasty.com/catalog-management-extensions-for-magento-2.html","Extended Product Grid with Editor M2","Enrich standard product grid functionality with a bunch of new handy options. Add any specific column you need and easily modify product information right on the grid. Create grid templates with custom column sets to make product data processing as quick as possible.","Extended Product Grid with Editor M2","https://amasty.com/extended-product-grid-with-editor-for-magento-2.html","$199","4.9","Catalog Management"
"1587584585-179","https://amasty.com/user-experience-extensions-for-magento-2.html","Color Swatches Pro M2","Provide customers with the most fulfilling shopping experience possible. Enrich the Magento 2 Color Swatches functionality with a bunch of new features.","Color Swatches Pro M2","https://amasty.com/color-swatches-pro-for-magento-2.html","$169","4.8","User Experience"
"1587584599-248","https://amasty.com/promotions-extensions-for-magento-2.html","Gift Wrap M2","Boost sales and provide a better shopping experience with Magento 2 Gift Wrap. Improve your holiday marketing strategy by applying additional services.","Gift Wrap M2","https://amasty.com/gift-wrap-for-magento-2.html","$199","4.5","Promotions"
"1587584609-298","https://amasty.com/b2b-extensions-for-magento-2.html","Shipping Suite M2","Shipping Suite — your perfect extension for shipping profitability. It combines 3 smart and useful shipping managing tools: shipping table rates, rules, and restrictions. Get the greatest benefits from their synergetic work and take your shipping process under full control.","Shipping Suite M2","https://amasty.com/shipping-suite-for-magento-2.html","$499","4.8","B2B Products"
"1587584588-211","https://amasty.com/seo-optimization-extensions-for-magento-2.html","AMP M2","Make your store pages load 85% faster for mobile users with Magento 2 AMP. Improve site usability and visibility in search results by generating super lightweight mobile pages.","AMP M2","https://amasty.com/amp-pages-for-magento-2.html","$149","4.7","SEO"
"1587584599-254","https://amasty.com/promotions-extensions-for-magento-2.html","Special Occasion Coupons M2","Generate and send discount coupons based on birthdays, newsletter subscriptions, order placement and other events. Use custom email templates to draw customers’ attention and build their loyalty.","Special Occasion Coupons M2","https://amasty.com/special-occasion-coupons-for-magento-2.html","$109","5.0","Promotions"
"1587584585-177","https://amasty.com/user-experience-extensions-for-magento-2.html","Google Page Speed Optimizer M2","Magento 2 Speed Optimization improves web pages performance in order to place your store at the top of Google search rating. Boost your webstore traffic by the speed optimization and get an endless stream of new visitors!","Google Page Speed Optimizer M2","https://amasty.com/google-page-speed-optimizer-for-magento-2.html","$259","4.9","User Experience"
"1587584585-173","https://amasty.com/user-experience-extensions-for-magento-2.html","Improved Layered Navigation M2","Build the ultimate customer shopping experience and boost your store SEO rankings with a feature-rich navigation system. Display multiple filters and handy widgets to help visitors instantly find the products they need.","Improved Layered Navigation M2","https://amasty.com/improved-layered-navigation-for-magento-2.html","$349","4.9","User Experience"
"1587584599-255","https://amasty.com/promotions-extensions-for-magento-2.html","Gift Card M2","Double sales and retain customers by providing advanced gifting options. Offer no-contact gift cards that can be cashed-out later to grow revenue and keep business stable even during the lockdowns.","Gift Card M2","https://amasty.com/gift-card-for-magento-2.html","$299","4.7","Promotions"
"1587584581-168","https://amasty.com/checkout-extensions-for-magento-2.html","Custom Checkout Fields M2","This extension helps you to perform Magento 2 checkout customization by adding extra fields of various types. Gather comprehensive order data in a convenient way both for customers and admins. Smoothly manage info in custom input forms using the order grid.","Custom Checkout Fields M2","https://amasty.com/magento-2-custom-checkout-fields.html","$199","4.6","Checkout"
"1587584591-222","https://amasty.com/order-management-extensions-for-magento-2.html","Custom Order Number","null","Custom Order Number","https://amasty.com/custom-order-number-for-magento-2.html","$149","null","Order Management"
"1587584609-282","https://amasty.com/b2b-extensions-for-magento-2.html","Improved Layered Navigation M2","Build the ultimate customer shopping experience and boost your store SEO rankings with a feature-rich navigation system. Display multiple filters and handy widgets to help visitors instantly find the products they need.","Improved Layered Navigation M2","https://amasty.com/improved-layered-navigation-for-magento-2.html","$349","4.9","B2B Products"
"1587584588-205","https://amasty.com/seo-optimization-extensions-for-magento-2.html","Improved Layered Navigation M2","Build the ultimate customer shopping experience and boost your store SEO rankings with a feature-rich navigation system. Display multiple filters and handy widgets to help visitors instantly find the products they need.","Improved Layered Navigation M2","https://amasty.com/improved-layered-navigation-for-magento-2.html","$349","4.9","SEO"
"1587584585-184","https://amasty.com/user-experience-extensions-for-magento-2.html","FAQ and Product Questions M2","Equip product pages with the advanced SEO-optimized FAQ section in Magento 2. Transform guests to customers by displaying well-organized info on products and services.","FAQ and Product Questions M2","https://amasty.com/faq-and-product-questions-for-magento-2.html","$199","4.8","User Experience"
"1587584601-268","https://amasty.com/catalog-management-extensions-for-magento-2.html","Multi Warehouse Inventory M2","Equip your store with an advanced Magento 2 Warehouse Management Tool. Easily split inventory among multiple warehouses and effectively manage stock right from the product grid or the particular warehouse page.","Multi Warehouse Inventory M2","https://amasty.com/multi-warehouse-inventory-for-magento-2.html","$349","4.5","Catalog Management"
"1587584579-154","https://amasty.com/images-media-extensions-for-magento-2.html","Instagram Feed M2","Attract target audience to your website and boost revenue with Magento 2 Instagram Feed extension. Integrate eye-catching Instagram pictures to effortlessly create a trendy look for a website.","Instagram Feed M2","https://amasty.com/instagram-feed-for-magento-2.html","$149","4.7","Images & Media"
"1587584585-174","https://amasty.com/user-experience-extensions-for-magento-2.html","One Step Checkout M2","Supply your Magento 2 store with a user-friendly One Step Checkout to speed up the whole shopping process and heavily enhance customer satisfaction. Create converting checkout just in a few clicks to boost store revenue.","One Step Checkout M2","https://amasty.com/one-step-checkout-for-magento-2.html","$299","5.0","User Experience"
"1587584581-160","https://amasty.com/checkout-extensions-for-magento-2.html","Extra Fee M2","Create extra fees for any additional services you need and display them on the checkout and shopping cart page. Use flexible conditions and advanced settings to clearly show relevant fees to customers and encourage them to spend more.","Extra Fee M2","https://amasty.com/extra-fee-for-magento-2.html","$199","5.0","Checkout"
"1587584599-256","https://amasty.com/promotions-extensions-for-magento-2.html","Blog Pro M2","Drive more target audience to your store with Magento 2 Blog Pro extension. Enhance your promotional efforts with the powerful content marketing solution.","Blog Pro M2","https://amasty.com/blog-pro-for-magento-2.html","$349","4.6","Promotions"
"1587584601-273","https://amasty.com/catalog-management-extensions-for-magento-2.html","Product Option Templates M2","Attract more customers to your store by providing multiple product variations with Magento 2 Custom Option. Create an unlimited number of custom option templates, and promptly assign them to your products in bulk.","Product Option Templates M2","https://amasty.com/custom-product-option-templates-for-magento-2.html","$199","4.5","Catalog Management"
"1587584575-149","https://amasty.com/free-magento-2-extensions.html","Facebook Comments M2","Let your customers share their reviews more easily and efficiently. Enhance your sales conversion and credibility.","Facebook Comments M2","https://amasty.com/facebook-comments-for-magento-2.html","FREE","null","Free Magento 2 Extensions"
"1587584585-198","https://amasty.com/user-experience-extensions-for-magento-2.html","Reindex from Admin M2","Reduce time on keeping your store data up-to-date. Prevent the store from lags and cart abandonments in one click without developers' help.","Reindex from Admin M2","https://amasty.com/reindex-from-admin-for-magento-2.html","$69","4.8","User Experience"
"1587584588-213","https://amasty.com/seo-optimization-extensions-for-magento-2.html","Blog Pro M2","Drive more target audience to your store with Magento 2 Blog Pro extension. Enhance your promotional efforts with the powerful content marketing solution.","Blog Pro M2","https://amasty.com/blog-pro-for-magento-2.html","$349","4.6","SEO"
"1587584609-291","https://amasty.com/b2b-extensions-for-magento-2.html","Color Swatches Pro M2","Provide customers with the most fulfilling shopping experience possible. Enrich the Magento 2 Color Swatches functionality with a bunch of new features.","Color Swatches Pro M2","https://amasty.com/color-swatches-pro-for-magento-2.html","$169","4.8","B2B Products"
"1587584604-277","https://amasty.com/customers-data-extensions-for-magento-2.html","Customer Group Catalog","null","Customer Group Catalog","https://amasty.com/customer-group-catalog-for-magento-2.html","$229","null","Customers' Data"
"1587584599-251","https://amasty.com/promotions-extensions-for-magento-2.html","Push Notifications M2","With Magento 2 Push Notifications, increase your revenue by strengthening the interaction strategy with target customers. Send appealing push notifications with attractive deals to energize sales.","Push Notifications M2","https://amasty.com/push-notifications-for-magento-2.html","$129","4.7","Promotions"
"1587584599-247","https://amasty.com/promotions-extensions-for-magento-2.html","Generate and Import Coupons M2","Reduce time spent on coupon management by generating and importing an unlimited number of promo codes in a couple of clicks. Easily track coupon usage statistics and export codes for your affiliates.","Generate and Import Coupons M2","https://amasty.com/generate-and-import-coupons-for-magento-2.html","$189","5.0","Promotions"
"1587584599-245","https://amasty.com/promotions-extensions-for-magento-2.html","Free Gift M2","Get 5 promo actions to automatically add free and discounted products to the cart. Show catchy banners to inform customers about special offers and let visitors select a gift among available promo items.","Free Gift M2","https://amasty.com/free-gift-for-magento-2.html","$229","4.6","Promotions"
"1587584613-314","https://amasty.com/addons-for-magento-2.html","API for Product Attachments (Add-On) M2","Integrate product attachments with additional systems and extend your Magento 2 functionality using API support.","API for Product Attachments (Add-On) M2","https://amasty.com/api-add-on-for-product-attachments-for-magento-2.html","$99","4.0","Add-ons"
"1587584599-259","https://amasty.com/promotions-extensions-for-magento-2.html","Promotions Manager M2","Simplify promotion management process with the expanded price rules grid. Now you can cut the time on promotion-related tasks by using additional actions and columns.","Promotions Manager M2","https://amasty.com/promotions-manager-for-magento-2.html","$49","null","Promotions"
"1587584601-263","https://amasty.com/catalog-management-extensions-for-magento-2.html","Custom Stock Status M2","Use custom stock statuses to provide precise information about stock availability of particular products. Easily attract customers' attention with catchy statuses to make them buy more.","Custom Stock Status M2","https://amasty.com/custom-stock-status-for-magento-2.html","$199","4.9","Catalog Management"
"1587584585-181","https://amasty.com/user-experience-extensions-for-magento-2.html","Size Chart M2","Provide user-friendly information on differences in sizes by brands, countries, and item types. Help customers find the items that fit them and avoid returns thanks to clear sizing guides with Size Chart extension for Magento 2.","Size Chart M2","https://amasty.com/size-chart-for-magento-2.html","$149","4.8","User Experience"
"1587584609-294","https://amasty.com/b2b-extensions-for-magento-2.html","Store Credit & Refund M2","Turn refunds into revenue, apply the automated return system to scale up sales. Thank customers for shopping in your store with credit and build their loyalty.","Store Credit & Refund M2","https://amasty.com/store-credit-and-refund-for-magento-2.html","$149","4.7","B2B Products"
"1587584609-299","https://amasty.com/b2b-extensions-for-magento-2.html","Security Suite M2","Employ Magento 2 Security Suite extension to ensure your webstore protection from hacker attacks and other malicious security threats. Enhance store management performance getting full visibility of all backend activities.","Security Suite M2","https://amasty.com/security-suite-for-magento-2.html","$399","4.7","B2B Products"
"1587584581-159","https://amasty.com/checkout-extensions-for-magento-2.html","One Step Checkout M2","Supply your Magento 2 store with a user-friendly One Step Checkout to speed up the whole shopping process and heavily enhance customer satisfaction. Create converting checkout just in a few clicks to boost store revenue.","One Step Checkout M2","https://amasty.com/one-step-checkout-for-magento-2.html","$299","5.0","Checkout"
"1587584585-200","https://amasty.com/user-experience-extensions-for-magento-2.html","Wishlist M2","This tool collects and shows data from all users' wishlists so that you can see the most frequently saved items. Keep a close watch on your customers' demand and easily manage products from one place.","Wishlist M2","https://amasty.com/wishlist-for-magento-2.html","$49","null","User Experience"
"1587584609-284","https://amasty.com/b2b-extensions-for-magento-2.html","Elastic Search M2","Magento 2 Elastic Search extension is an advanced solution which provides your store with highly accurate, fast and flexible search.","Elastic Search M2","https://amasty.com/elasticsearch-for-magento-2.html","$279","4.8","B2B Products"
"1587584599-250","https://amasty.com/promotions-extensions-for-magento-2.html","Multiple Coupons M2","Increase customer loyalty by enabling registered clients and guest visitors use numerous discount coupons for one order.","Multiple Coupons M2","https://amasty.com/multiple-coupons-for-magento-2.html","$139","4.5","Promotions"
"1587584588-221","https://amasty.com/seo-optimization-extensions-for-magento-2.html","Optimization Service M2","Place your website at the top of Google rating and drive more traffic to your store. Get remarkable store performance with the high-level Magento 2 code and images optimization by Amasty service. We provide:","Optimization Service M2","https://amasty.com/optimization-service-for-magento-2.html","null","null","SEO"
"1587584581-162","https://amasty.com/checkout-extensions-for-magento-2.html","Abandoned Cart Email M2","Augment sales revenue by the increased number of completed orders. Return lost revenue by automatically sending catchy reminders. Enhance customer loyalty by offering discount coupons.","Abandoned Cart Email M2","https://amasty.com/abandoned-cart-email-for-magento-2.html","$149","4.9","Checkout"
"1587584579-153","https://amasty.com/images-media-extensions-for-magento-2.html","Promo Banners M2","Display catchy promo banners on corresponding store pages to let customers be aware of all hot deals and specials you offer. Draw visitors' attention to specific products to trigger impulse purchases and increase an average order value.","Promo Banners M2","https://amasty.com/promo-banners-for-magento-2.html","$169","4.8","Images & Media"
"1587584585-191","https://amasty.com/user-experience-extensions-for-magento-2.html","Customers Also Bought M2","Increase an average cart value by automatically suggesting relevant products. Create flexible recommendations with the Magento 2 Frequently Bought Together extension to promote products according to your business needs and boost sales.","Customers Also Bought M2","https://amasty.com/magento-2-customers-also-bought.html","$299","4.8","User Experience"
"1587584609-290","https://amasty.com/b2b-extensions-for-magento-2.html","RMA M2","Automate product returns management and bring your customer service to a new level with extremely flexible Magento 2 RMA extension.","RMA M2","https://amasty.com/rma-for-magento-2.html","$249","4.8","B2B Products"
"1587584609-292","https://amasty.com/b2b-extensions-for-magento-2.html","SEO Toolkit M2","SEO Toolkit is the all-in-one Magento 2 SEO Extension designed to make your store stand out in Google Search. Maximize your Magento SEO effectiveness: make your store more visible in search results, get more organic traffic, increase your customer flow.","SEO Toolkit M2","https://amasty.com/seo-toolkit-for-magento-2.html","$249","4.9","B2B Products"
"1587584585-185","https://amasty.com/user-experience-extensions-for-magento-2.html","Automatic Related Products M2","Dynamically showcase related items in your webstore to help customers easily find necessary products and complete the order. Boost store revenue by setting up smart product recommendations with Magento 2 Related Products!","Automatic Related Products M2","https://amasty.com/automatic-related-products-for-magento-2.html","$299","4.9","User Experience"
"1587584609-300","https://amasty.com/b2b-extensions-for-magento-2.html","Subscriptions & Recurring Payments M2","Grow revenue by selling products on the subscription basis and getting sustainable recurring payments with Magento 2 Subscription extension.","Subscriptions & Recurring Payments M2","https://amasty.com/subscriptions-recurring-payments-for-magento-2.html","$399","4.7","B2B Products"
"1587584581-167","https://amasty.com/checkout-extensions-for-magento-2.html","Free Gift M2","Get 5 promo actions to automatically add free and discounted products to the cart. Show catchy banners to inform customers about special offers and let visitors select a gift among available promo items.","Free Gift M2","https://amasty.com/free-gift-for-magento-2.html","$229","4.6","Checkout"
"1587584585-195","https://amasty.com/user-experience-extensions-for-magento-2.html","Social Login M2","Get more leads with social media. The extension aims to increase the number of registrations, improve customers' shopping experience, and collect consumers’ data just in one click.","Social Login M2","https://amasty.com/social-login-for-magento-2.html","$199","4.5","User Experience"
"1587584585-188","https://amasty.com/user-experience-extensions-for-magento-2.html","Google Invisible reCaptcha M2","Protect your store from bots with Google Invisible reCaptcha - the most advanced security tool. As it's invisible for customers, your website security becomes more user-friendly. Free your potential customers from quizzes solving and 'I am not a robot' button.","Google Invisible reCaptcha M2","https://amasty.com/google-invisible-recaptcha-for-magento-2.html","$79","4.8","User Experience"
"1587584581-170","https://amasty.com/checkout-extensions-for-magento-2.html","Exit Intent Popup M2","Employ Magento 2 Exit Intent Popup to convert abandoning store visitors into customers. Drive more sales and notably boost your subscriber base.","Exit Intent Popup M2","https://amasty.com/exit-intent-popup-for-magento-2.html","$199","null","Checkout"
"1587584606-279","https://amasty.com/usability-navigation-extensions-for-magento-2.html","Magento 2 AJAX Shopping Cart","null","Magento 2 AJAX Shopping Cart","https://amasty.com/ajax-shopping-cart-for-magento-2.html","$219","null","Navigation & Search"
"1587584599-241","https://amasty.com/promotions-extensions-for-magento-2.html","Custom Promo Conditions M2","Turn your promotions to highly personalized ones with the Custom Conditions for Magento 2 extension.","Custom Promo Conditions M2","https://amasty.com/custom-options-conditions-for-magento-2.html","$65","null","Promotions"
"1587584599-244","https://amasty.com/promotions-extensions-for-magento-2.html","Special Promotions M2","Enrich your cart price rules list with 20 more promo actions. Run a great variety of exclusive promotions to easily attract customers' attention and increase sales.","Special Promotions M2","https://amasty.com/special-promotions-for-magento-2.html","$279","5.0","Promotions"
"1587584601-267","https://amasty.com/catalog-management-extensions-for-magento-2.html","Two-Factor Authentication M2","Add extra security level to boost data protection for your e-business. Prevent your store from the common Internet threats like keyloggers, data sniffing and unsecured wi-fi connections. Stay convinced that your Magento account is available only to your staff members.","Two-Factor Authentication M2","https://amasty.com/two-factor-authentication-for-magento-2.html","$129","5.0","Catalog Management"
"1587584601-271","https://amasty.com/catalog-management-extensions-for-magento-2.html","Automatic Categories M2","Employ automatic categories extension to manage your catalog pages more efficiently and faster. Set conditions to run sales and seasonal campaigns, tailoring particular product listings for your purposes.","Automatic Categories M2","https://amasty.com/automatic-categories-for-magento-2.html","$229","5.0","Catalog Management"
"1587584609-304","https://amasty.com/b2b-extensions-for-magento-2.html","(Pre-order) Quick Order M2","Boost B2B sales and increase repeated purchases with Magento 2 Quick Order extension. Enable buyers to quickly order multiple products without visiting numerous web store pages.","(Pre-order) Quick Order M2","https://amasty.com/quick-order-for-magento-2.html","$75","null","B2B Products"
"1587584581-172","https://amasty.com/checkout-extensions-for-magento-2.html","Cash on Delivery M2","Turn potential customers into regular with Magento 2 Cash on Delivery extension. Let customers make payment to a shipping carrier when receiving the good.","Cash on Delivery M2","https://amasty.com/cash-on-delivery-for-magento-2.html","$99","4.7","Checkout"
"1587584599-258","https://amasty.com/promotions-extensions-for-magento-2.html","Countdown Timer M2","Сreate a sense of urgency with Magento 2 Countdown Timer ⌛ to boost sales and decrease customers’ decision-making time.","Countdown Timer M2","https://amasty.com/countdown-timer-for-magento-2.html","$119","4.8","Promotions"
"1587584606-280","https://amasty.com/usability-navigation-extensions-for-magento-2.html","Magento 2 Elastic Search","null","Magento 2 Elastic Search","https://amasty.com/elasticsearch-for-magento-2.html","$279","null","Navigation & Search"
"1587584596-239","https://amasty.com/shipping-extensions-for-magento-2.html","Shipping Cost Calculator M2","Let your customers calculate shipping rates before the checkout to decrease abandoned cart rate by up to 44% and enhance their shopping experience.","Shipping Cost Calculator M2","https://amasty.com/shipping-cost-calculator-for-magento-2.html","$119","4.7","Shipping"
"1587584609-288","https://amasty.com/b2b-extensions-for-magento-2.html","Customer Group Catalog M2","Kick-start your selling strategy. Manage Magento 2 prices & products to tailor your store catalog content to meet the needs of a particular customer group.","Customer Group Catalog M2","https://amasty.com/customer-group-catalog-for-magento-2.html","$229","4.8","B2B Products"
"1587584601-262","https://amasty.com/catalog-management-extensions-for-magento-2.html","Advanced MSI M2","Easily split your inventory among multiple warehouses with Magento 2 Advanced MSI solution. Optimize your stock management and reduce delivery costs with a proper warehouse selection.","Advanced MSI M2","https://amasty.com/advanced-msi-for-magento-2.html","$349","4.7","Catalog Management"
"1587584609-296","https://amasty.com/b2b-extensions-for-magento-2.html","Advanced MSI M2","Easily split your inventory among multiple warehouses with Magento 2 Advanced MSI solution. Optimize your stock management and reduce delivery costs with a proper warehouse selection.","Advanced MSI M2","https://amasty.com/advanced-msi-for-magento-2.html","$349","4.7","B2B Products"
"1587584609-293","https://amasty.com/b2b-extensions-for-magento-2.html","Pre Order M2","Drive sales for out of stock or just announced products! Allow buyers to easily pre order or backorder goods that are unavailable for immediate delivery. Get a powerful marketing research tool to analyze customers’ demands.","Pre Order M2","https://amasty.com/pre-order-for-magento-2.html","$189","4.8","B2B Products"
"1587584581-163","https://amasty.com/checkout-extensions-for-magento-2.html","Subscriptions & Recurring Payments M2","Grow revenue by selling products on the subscription basis and getting sustainable recurring payments with Magento 2 Subscription extension.","Subscriptions & Recurring Payments M2","https://amasty.com/subscriptions-recurring-payments-for-magento-2.html","$399","4.7","Checkout"
"1587584585-199","https://amasty.com/user-experience-extensions-for-magento-2.html","Lazy Load M2","Speed up the loading time of your site pages with Magento 2 Lazy Load. Improve your site performance by loading product images by demand!","Lazy Load M2","https://amasty.com/lazy-load-for-magento-2.html","$259","null","User Experience"
"1587584581-161","https://amasty.com/checkout-extensions-for-magento-2.html","Order Attributes M2","Add an unlimited number of extra fields to your checkout page to easily collect and process additional order related data. Display all created order attributes on a handy backend grid to keep necessary information at hand.","Order Attributes M2","https://amasty.com/order-attributes-for-magento-2.html","$199","4.5","Checkout"
"1587584579-157","https://amasty.com/images-media-extensions-for-magento-2.html","Google Page Speed Optimizer M2","Magento 2 Speed Optimization improves web pages performance in order to place your store at the top of Google search rating. Boost your webstore traffic by the speed optimization and get an endless stream of new visitors!","Google Page Speed Optimizer M2","https://amasty.com/google-page-speed-optimizer-for-magento-2.html","$259","4.9","Images & Media"
"1587584609-287","https://amasty.com/b2b-extensions-for-magento-2.html","Advanced Permissions M2","Easily manage multi-vendor stores by assigning custom role permissions to specific managers. Let them see and edit only particular products, categories, store views and websites.","Advanced Permissions M2","https://amasty.com/advanced-permissions-for-magento-2.html","$229","4.4","B2B Products"
"1587584581-171","https://amasty.com/checkout-extensions-for-magento-2.html","Thank You Page M2","Increase the revenue from repeat sales with a custom Magento 2 order success page. Tailor Magento Thank You Page template and turn it into the first step towards the next purchase.","Thank You Page M2","https://amasty.com/thank-you-page-for-magento-2.html","$149","null","Checkout"
"1587584599-249","https://amasty.com/promotions-extensions-for-magento-2.html","Promo Banners M2","Display catchy promo banners on corresponding store pages to let customers be aware of all hot deals and specials you offer. Draw visitors' attention to specific products to trigger impulse purchases and increase an average order value.","Promo Banners M2","https://amasty.com/promo-banners-for-magento-2.html","$169","4.8","Promotions"
"1587584596-235","https://amasty.com/shipping-extensions-for-magento-2.html","Dimensional Shipping Weight M2","Make your shipping rates democratic and exact. Use the package space wisely to save on products delivery. Benefit from an accurate volume and weight estimation.","Dimensional Shipping Weight M2","https://amasty.com/magento-2-dimensional-shipping-weight.html","$199","4.6","Shipping"
"1587584585-189","https://amasty.com/user-experience-extensions-for-magento-2.html","Infinite Scroll M2","Infinite scroll for Magento 2 automatically loads product catalog without reloading the page. Your customers will be pleasantly surprised with supportive navigation and high performance of your web store.","Infinite Scroll M2","https://amasty.com/infinite-scroll-for-magento-2.html","$119","4.9","User Experience"
"1587584588-214","https://amasty.com/seo-optimization-extensions-for-magento-2.html","Improved Sorting M2","Improved sorting for Magento 2 is a very effective tool for store-owners who care about their customers. Increase the usability of your catalog with user-friendly search options! Let your potential clients browse catalog or categories by any comfortable parameters.","Improved Sorting M2","https://amasty.com/improved-sorting-for-magento-2.html","$199","4.8","SEO"
"1587584613-310","https://amasty.com/addons-for-magento-2.html","Import & Export for Advanced Product Reviews (Add-On) M2","Easily add or extract reviews in bulk using Magento 2 Import & Export Reviews add-on. Create an unlimited number of review data in one click.","Import & Export for Advanced Product Reviews (Add-On) M2","https://amasty.com/import-export-add-on-for-advanced-product-reviews-for-magento-2.html","$99","4.5","Add-ons"
"1587584596-230","https://amasty.com/shipping-extensions-for-magento-2.html","Advanced MSI M2","Easily split your inventory among multiple warehouses with Magento 2 Advanced MSI solution. Optimize your stock management and reduce delivery costs with a proper warehouse selection.","Advanced MSI M2","https://amasty.com/advanced-msi-for-magento-2.html","$349","4.7","Shipping"
"1587584585-183","https://amasty.com/user-experience-extensions-for-magento-2.html","Out of Stock Notification M2","Timely inform customers and guest visitors about product stock status and price changes with Magento 2 Out of Stock Notification. Better understand your customers preferences: quickly identify which products are highly demanded and timely refill them in your store!","Out of Stock Notification M2","https://amasty.com/out-of-stock-notification-for-magento-2.html","$199","4.8","User Experience"
"1587584613-311","https://amasty.com/addons-for-magento-2.html","Login with Apple ID for Social Login (Add-On) M2","Improve customer retention by offering them a secure and user-friendly login option on your website. Let users register and sign in with one click with a trustworthy Apple ID.","Login with Apple ID for Social Login (Add-On) M2","https://amasty.com/login-with-apple-id-add-on-for-social-login-for-magento-2.html","$99","4.5","Add-ons"
"1587584609-286","https://amasty.com/b2b-extensions-for-magento-2.html","Request a Quote M2","Easily interact with customers regarding new best prices for products with Magento 2 Quote Extension. Make highly personalized purchasing offers and grow sales revenue by understanding buyers’ demands.","Request a Quote M2","https://amasty.com/request-a-quote-for-magento-2.html","$319","4.9","B2B Products"
"1587584596-228","https://amasty.com/shipping-extensions-for-magento-2.html","Calcurates M2","Meet Calcurates, our cloud-based entire shipping solution that calculates and shows the right rates to your customers. Top shipping challenges are now solved:","Calcurates M2","https://amasty.com/calcurates-for-magento-2.html","$39","null","Shipping"
"1587584588-220","https://amasty.com/seo-optimization-extensions-for-magento-2.html","Lazy Load M2","Speed up the loading time of your site pages with Magento 2 Lazy Load. Improve your site performance by loading product images by demand!","Lazy Load M2","https://amasty.com/lazy-load-for-magento-2.html","$259","null","SEO"
"1587584579-151","https://amasty.com/images-media-extensions-for-magento-2.html","Lazy Load M2","Speed up the loading time of your site pages with Magento 2 Lazy Load. Improve your site performance by loading product images by demand!","Lazy Load M2","https://amasty.com/lazy-load-for-magento-2.html","$259","null","Images & Media"
"1587584596-237","https://amasty.com/shipping-extensions-for-magento-2.html","Shipping Restrictions M2","Restrict shipping methods using various product, cart and customer parameters. Make your shipping process both legal and cost-effective.","Shipping Restrictions M2","https://amasty.com/shipping-restrictions-for-magento-2.html","$159","4.8","Shipping"
"1587584609-285","https://amasty.com/b2b-extensions-for-magento-2.html","Multi Warehouse Inventory M2","Equip your store with an advanced Magento 2 Warehouse Management Tool. Easily split inventory among multiple warehouses and effectively manage stock right from the product grid or the particular warehouse page.","Multi Warehouse Inventory M2","https://amasty.com/multi-warehouse-inventory-for-magento-2.html","$349","4.5","B2B Products"
"1587584609-303","https://amasty.com/b2b-extensions-for-magento-2.html","Dropshipping M2","Set up your own multi-channel business with no warehouse costs using Magento 2 Dropshipping. Make your store extremely competitive by shipping products to customers directly from suppliers’ warehouses.","Dropshipping M2","https://amasty.com/dropshipping-for-magento-2.html","$399","null","B2B Products"
"1587584601-274","https://amasty.com/catalog-management-extensions-for-magento-2.html","Import and Export M2","Import and Export for Magento 2 is an all-in-one tool for a convenient store data migration, smooth connection with the ERP/CRM systems and making regular stock updates. The extension allows you to import/export any existing entity to/from Magento.","Import and Export M2","https://amasty.com/import-and-export-for-magento-2.html","null","null","Catalog Management"
"1587584588-215","https://amasty.com/seo-optimization-extensions-for-magento-2.html","Product Feed M2","Equip your store with an agile and highly flexible feeds generator. Add Magento 2 Product Feed to promote your products cost-effectively and grow revenue thanks to extra sales channels.","Product Feed M2","https://amasty.com/product-feed-for-magento-2.html","$199","4.7","SEO"
"1587584604-275","https://amasty.com/customers-data-extensions-for-magento-2.html","Magento 2 Customer Attributes","null","Magento 2 Customer Attributes","https://amasty.com/customer-attributes-for-magento-2.html","$149","null","Customers' Data"
"1587584588-212","https://amasty.com/seo-optimization-extensions-for-magento-2.html","Meta Tags Templates M2","Drive more traffic and acquire potential customers by increasing your store visibility in search engines. Automatically generate tags for category, product or any other page on your site.","Meta Tags Templates M2","https://amasty.com/meta-tags-templates-for-magento-2.html","$139","4.8","SEO"
"1587584599-252","https://amasty.com/promotions-extensions-for-magento-2.html","Abandoned Cart Email M2","Augment sales revenue by the increased number of completed orders. Return lost revenue by automatically sending catchy reminders. Enhance customer loyalty by offering discount coupons.","Abandoned Cart Email M2","https://amasty.com/abandoned-cart-email-for-magento-2.html","$149","4.9","Promotions"
"1587584609-302","https://amasty.com/b2b-extensions-for-magento-2.html","Store Pickup with Locator M2","Enhance customers' loyalty by providing an additional shipping option with Magento 2 Store Pickup with Locator. Drive more sales attracting buyers to your brick-and-mortar stores with a complex solution.","Store Pickup with Locator M2","https://amasty.com/store-pickup-with-locator-for-magento-2.html","$299","4.0","B2B Products"
"1587584585-194","https://amasty.com/user-experience-extensions-for-magento-2.html","Advanced Product Reviews M2","Build up trust in your business with Magento 2 Product Reviews. Engage customers and boost sales with user-generated reviews and get higher search ranking position.","Advanced Product Reviews M2","https://amasty.com/advanced-product-reviews-for-magento-2.html","$199","4.9","User Experience"
"1587584585-182","https://amasty.com/user-experience-extensions-for-magento-2.html","AJAX Shopping Cart M2","Magento 2 AJAX add to cart extension provides comfortable shopping experience. Customers can easily select configurable options and edit items in the pop-up without wasting time on page reloads.","AJAX Shopping Cart M2","https://amasty.com/ajax-shopping-cart-for-magento-2.html","$219","5.0","User Experience"
"1587584579-152","https://amasty.com/images-media-extensions-for-magento-2.html","Product Attachments M2","Let customers get more details about products they purchase. Provide them with accurate manuals, licenses, warranties and other additional info right on product pages. Upload files of any format and use catchy icons to capture customers' attention with Magento 2 Product Attachments.","Product Attachments M2","https://amasty.com/product-attachments-for-magento-2.html","$149","4.8","Images & Media"
"1587584601-266","https://amasty.com/catalog-management-extensions-for-magento-2.html","Advanced Permissions M2","Easily manage multi-vendor stores by assigning custom role permissions to specific managers. Let them see and edit only particular products, categories, store views and websites.","Advanced Permissions M2","https://amasty.com/advanced-permissions-for-magento-2.html","$229","4.4","Catalog Management"
"1587584613-309","https://amasty.com/addons-for-magento-2.html","Discounts for Active Reviewers for Advanced Product Reviews (Add-On) M2","Motivate customers to leave more reviews and significantly increase their retention rate by granting discounts based on the customer recommendation activity.","Discounts for Active Reviewers for Advanced Product Reviews (Add-On) M2","https://amasty.com/discounts-add-on-for-advanced-product-reviews-for-magento-2.html","$49","null","Add-ons"
"1587584601-261","https://amasty.com/catalog-management-extensions-for-magento-2.html","Mass Product Actions M2","Increase the efficiency of the catalog management. Change prices, manage attribute sets and categories, spread custom options and images, and related products. Apply bulk modifications to multiple products and tweak the actions menu to display only required actions.","Mass Product Actions M2","https://amasty.com/mass-product-actions-for-magento-2.html","$199","4.9","Catalog Management"
"1587584596-231","https://amasty.com/shipping-extensions-for-magento-2.html","Shipping Rules M2","Create custom shipping rules based on a variety of product conditions and shopping cart attributes. Apply additional delivery options surcharge, discount or replace shipping rates according to your business needs.","Shipping Rules M2","https://amasty.com/shipping-rules-for-magento-2.html","$199","4.8","Shipping"
"1587584609-281","https://amasty.com/b2b-extensions-for-magento-2.html","B2B E-commerce Suite M2","Bring your business to a new level by turning your webstore into a powerful B2B e-commerce solution for Magento 2. Outperform competitors and build a constantly growing base of regular clients with one B2B Suite.","B2B E-commerce Suite M2","https://amasty.com/b2b-ecommerce-suite-for-magento-2.html","$699","null","B2B Products"
"1587584609-305","https://amasty.com/b2b-extensions-for-magento-2.html","Import and Export M2","Import and Export for Magento 2 is an all-in-one tool for a convenient store data migration, smooth connection with the ERP/CRM systems and making regular stock updates. The extension allows you to import/export any existing entity to/from Magento.","Import and Export M2","https://amasty.com/import-and-export-for-magento-2.html","null","null","B2B Products"
"1587584599-257","https://amasty.com/promotions-extensions-for-magento-2.html","Affiliate M2","Run full-scale affiliate programs on your website to effectively drive sales from alternative channels. Provide affiliates with promo materials and detailed stats reports. Easily manage affiliate accounts, regulate commissions and track withdrawals.","Affiliate M2","https://amasty.com/affiliate-for-magento-2.html","$199","4.7","Promotions"
"1587584613-313","https://amasty.com/addons-for-magento-2.html","Automation Rules for RMA (Add-On) M2","Speed up the processing of RMA requests and reduce the load on your admins with RMA Automation Rules add-on.","Automation Rules for RMA (Add-On) M2","https://amasty.com/automation-rules-add-on-for-rma-for-magento-2.html","$79","4.7","Add-ons"
"1587584601-264","https://amasty.com/catalog-management-extensions-for-magento-2.html","Customer Group Catalog M2","Kick-start your selling strategy. Manage Magento 2 prices & products to tailor your store catalog content to meet the needs of a particular customer group.","Customer Group Catalog M2","https://amasty.com/customer-group-catalog-for-magento-2.html","$229","4.8","Catalog Management"
"1587584588-203","https://amasty.com/seo-optimization-extensions-for-magento-2.html","Google Rich Snippets M2","Improve your search engine rankings with easy-to-set up Google rich snippets. Highlight necessary information in search results to increase your website visibility and draw highly targeted traffic to your store.","Google Rich Snippets M2","https://amasty.com/google-rich-snippets-for-magento-2.html","$129","4.8","SEO"
"1587584596-240","https://amasty.com/shipping-extensions-for-magento-2.html","Free Shipping Bar M2","Magento 2 Free shipping bar helps boost order value and sales by delivering a tempting offer.","Free Shipping Bar M2","https://amasty.com/free-shipping-bar-for-magento-2.html","$99","4.5","Shipping"
"1587584609-289","https://amasty.com/b2b-extensions-for-magento-2.html","Visual Merchandiser M2","The extension offers a wide range of options to customize product listing on category pages according to your marketing purposes.","Visual Merchandiser M2","https://amasty.com/visual-merchandiser-for-magento-2.html","$229","4.8","B2B Products"
"1587584585-186","https://amasty.com/user-experience-extensions-for-magento-2.html","Improved Sorting M2","Improved sorting for Magento 2 is a very effective tool for store-owners who care about their customers. Increase the usability of your catalog with user-friendly search options! Let your potential clients browse catalog or categories by any comfortable parameters.","Improved Sorting M2","https://amasty.com/improved-sorting-for-magento-2.html","$199","4.8","User Experience"
"1587584585-176","https://amasty.com/user-experience-extensions-for-magento-2.html","Store Pickup with Locator M2","Enhance customers' loyalty by providing an additional shipping option with Magento 2 Store Pickup with Locator. Drive more sales attracting buyers to your brick-and-mortar stores with a complex solution.","Store Pickup with Locator M2","https://amasty.com/store-pickup-with-locator-for-magento-2.html","$299","4.0","User Experience"
"1587584585-196","https://amasty.com/user-experience-extensions-for-magento-2.html","Product Tabs M2","Drive customers to purchase faster by providing additional information in handy tabs with Magento 2 Product Tabs extension. Quickly create custom tabs without special knowledge and embed them on product pages to maximize the number of purchases.","Product Tabs M2","https://amasty.com/product-tabs-for-magento-2.html","$149","4.8","User Experience"
"1587584591-223","https://amasty.com/order-management-extensions-for-magento-2.html","Magento 2 Shipping Rules","null","Magento 2 Shipping Rules","https://amasty.com/shipping-rules-for-magento-2.html","$199","null","Order Management"
"1587584581-166","https://amasty.com/checkout-extensions-for-magento-2.html","Stripe Payment M2","Provide your customers with a safe and seamless payment experience. Let your customers pay via a wide range of payment methods with no need to implement a custom integration endpoint for each one.","Stripe Payment M2","https://amasty.com/stripe-payment-for-magento-2.html","$199","5.0","Checkout"
"1587584585-197","https://amasty.com/user-experience-extensions-for-magento-2.html","Cron Scheduler M2","Increase revenue through a high site performance ensured by proper cron jobs processing. Efficiently track and manage all cron tasks running in the website background with Magento 2 Cron Scheduler extension.","Cron Scheduler M2","https://amasty.com/cron-scheduler-for-magento-2.html","$99","4.7","User Experience"
"1587584585-192","https://amasty.com/user-experience-extensions-for-magento-2.html","Store Switcher M2","Automatically guide international customers to the corresponding store and provide them with the appropriate currency and language. Make your Magento 2 store attractive and comfortable for shoppers all over the world to lift your business at the international level.","Store Switcher M2","https://amasty.com/store-switcher-for-magento-2.html","$179","5.0","User Experience"
"1587584611-306","https://amasty.com/multi-vendor-solutions-for-magento-2-html.html","Dropshipping M2","Set up your own multi-channel business with no warehouse costs using Magento 2 Dropshipping. Make your store extremely competitive by shipping products to customers directly from suppliers’ warehouses.","Dropshipping M2","https://amasty.com/dropshipping-for-magento-2.html","$399","null","Multi Vendor Solutions"
"1587584579-156","https://amasty.com/images-media-extensions-for-magento-2.html","Blog Pro M2","Drive more target audience to your store with Magento 2 Blog Pro extension. Enhance your promotional efforts with the powerful content marketing solution.","Blog Pro M2","https://amasty.com/blog-pro-for-magento-2.html","$349","4.6","Images & Media"
"1587584599-243","https://amasty.com/promotions-extensions-for-magento-2.html","Reward Points M2","Encourage customers to purchase more and return to your store by implementing an effective loyalty program with Magento 2 Reward Points extension. Easily turn occasional website visitors into loyal customers.","Reward Points M2","https://amasty.com/reward-points-for-magento-2.html","$299","4.5","Promotions"
"1587584581-164","https://amasty.com/checkout-extensions-for-magento-2.html","AJAX Shopping Cart M2","Magento 2 AJAX add to cart extension provides comfortable shopping experience. Customers can easily select configurable options and edit items in the pop-up without wasting time on page reloads.","AJAX Shopping Cart M2","https://amasty.com/ajax-shopping-cart-for-magento-2.html","$219","5.0","Checkout"
"1587584579-155","https://amasty.com/images-media-extensions-for-magento-2.html","Infinite Scroll M2","Infinite scroll for Magento 2 automatically loads product catalog without reloading the page. Your customers will be pleasantly surprised with supportive navigation and high performance of your web store.","Infinite Scroll M2","https://amasty.com/infinite-scroll-for-magento-2.html","$119","4.9","Images & Media"
"1587584593-226","https://amasty.com/product-pages-extensions-for-magento-2.html","Custom Form","null","Custom Form","https://amasty.com/custom-form-for-magento-2.html","$219","null","Product Page Improvement"
