title,price,reviews,image-src,url,_followSelectorId,url-href,_follow
Magento 2 B2B/Wholesale Package,$600.00,1  Reviews,https://bsscommerce.com/pub/media/catalog/product/b/2/b2b_package.png,Magento 2 B2B/Wholesale Package,url,https://bsscommerce.com/magento-2-b2b-extensions-package.html,https://bsscommerce.com/magento-2-b2b-extensions-package.html
Magento 2 Checkout Extension Suite,$260.00,1  Reviews,https://bsscommerce.com/pub/media/catalog/product/i/m/image-product_1.png,Magento 2 Checkout Extension Suite,url,https://bsscommerce.com/magento-2-checkout-combo.html,https://bsscommerce.com/magento-2-checkout-combo.html
Magento 2 Multiple Store View Pricing,null,56  Reviews,https://bsscommerce.com/pub/media/catalog/product/m/u/multiple-store-view-pricing-m2.png,Magento 2 Multiple Store View Pricing,url,https://bsscommerce.com/magento-2-multiple-store-view-pricing-extension.html,https://bsscommerce.com/magento-2-multiple-store-view-pricing-extension.html
Magento 2 One Step Checkout,$99.00,49  Reviews,https://bsscommerce.com/pub/media/catalog/product/o/n/one-step-checkout-extension-m2.png,Magento 2 One Step Checkout,url,https://bsscommerce.com/magento-2-one-step-checkout-extension.html,https://bsscommerce.com/magento-2-one-step-checkout-extension.html
Magento 2 B2B Registration,null,67  Reviews,https://bsscommerce.com/pub/media/catalog/product/b/2/b2b-registration.png,Magento 2 B2B Registration,url,https://bsscommerce.com/magento-2-b2b-registration-extension.html,https://bsscommerce.com/magento-2-b2b-registration-extension.html
Magento 2 Gift Card,null,32  Reviews,https://bsscommerce.com/pub/media/catalog/product/m/a/magento_2_gift_card_icon.png,Magento 2 Gift Card,url,https://bsscommerce.com/magento-2-gift-card-extension.html,https://bsscommerce.com/magento-2-gift-card-extension.html
Magento 2 Catalog Permission,null,42  Reviews,https://bsscommerce.com/pub/media/catalog/product/c/a/catalog-permission.png,Magento 2 Catalog Permission,url,https://bsscommerce.com/magento-2-catalog-permission-extension.html,https://bsscommerce.com/magento-2-catalog-permission-extension.html
Magento 2 Store Credit,null,28  Reviews,https://bsscommerce.com/pub/media/catalog/product/s/t/store-credit.png,Magento 2 Store Credit,url,https://bsscommerce.com/magento-2-store-credit-extension.html,https://bsscommerce.com/magento-2-store-credit-extension.html
Magento 2 Layered Navigation,null,33  Reviews,https://bsscommerce.com/pub/media/catalog/product/l/a/layered-navigation-m2_1.png,Magento 2 Layered Navigation,url,https://bsscommerce.com/magento-2-layered-navigation-extension.html,https://bsscommerce.com/magento-2-layered-navigation-extension.html
Magento 2 Advanced Review,null,38  Reviews,https://bsscommerce.com/pub/media/catalog/product/a/d/advanced_review_1.png,Magento 2 Advanced Review,url,https://bsscommerce.com/magento-2-advanced-review-extension.html,https://bsscommerce.com/magento-2-advanced-review-extension.html
Magento 2 Guest to Customer,null,35  Reviews,https://bsscommerce.com/pub/media/catalog/product/g/u/guest-to-customer.png,Magento 2 Guest to Customer,url,https://bsscommerce.com/magento-2-guest-to-customer-extension.html,https://bsscommerce.com/magento-2-guest-to-customer-extension.html
Magento 2 GDPR Extension,null,33  Reviews,https://bsscommerce.com/pub/media/catalog/product/g/d/gdpr-extension.png,Magento 2 GDPR Extension,url,https://bsscommerce.com/magento-2-gdpr-extension.html,https://bsscommerce.com/magento-2-gdpr-extension.html
Magento 2 Dependent Custom Options,null,36  Reviews,https://bsscommerce.com/pub/media/catalog/product/d/e/dependent-custom-options.png,Magento 2 Dependent Custom Options,url,https://bsscommerce.com/magento-2-dependent-custom-options-extension.html,https://bsscommerce.com/magento-2-dependent-custom-options-extension.html
Magento 2 Product Custom Tabs,null,34  Reviews,https://bsscommerce.com/pub/media/catalog/product/m/2/m2-product-custom-tabs.png,Magento 2 Product Custom Tabs,url,https://bsscommerce.com/magento-2-product-custom-tabs-extension.html,https://bsscommerce.com/magento-2-product-custom-tabs-extension.html
Magento 2 Product Grid Inline Editor,null,33  Reviews,https://bsscommerce.com/pub/media/catalog/product/p/r/product-grid-inline-editor-m2.png,Magento 2 Product Grid Inline Editor,url,https://bsscommerce.com/magento-2-product-grid-inline-editor-extension.html,https://bsscommerce.com/magento-2-product-grid-inline-editor-extension.html
Magento 2 Countdown Timer,null,34  Reviews,https://bsscommerce.com/pub/media/catalog/product/c/o/countdown-timer.png,Magento 2 Countdown Timer,url,https://bsscommerce.com/magento-2-countdown-timer-extension.html,https://bsscommerce.com/magento-2-countdown-timer-extension.html
Magento 2 Coming Soon & Maintenance Page,null,32  Reviews,https://bsscommerce.com/pub/media/catalog/product/c/o/coming-soon-_-maintenance-page_3.png,Magento 2 Coming Soon & Maintenance Page,url,https://bsscommerce.com/magento-2-coming-soon-maintenance-page-extension.html,https://bsscommerce.com/magento-2-coming-soon-maintenance-page-extension.html
Magento 2 Import Export Newsletter Subscribers,null,32  Reviews,https://bsscommerce.com/pub/media/catalog/product/i/m/import-export-newsletter-subscribers-m2.png,Magento 2 Import Export Newsletter Subscribers,url,https://bsscommerce.com/magento-2-import-export-newsletter-subscribers-extension.html,https://bsscommerce.com/magento-2-import-export-newsletter-subscribers-extension.html
Magento 2 Import Export Categories,null,33  Reviews,https://bsscommerce.com/pub/media/catalog/product/i/m/import-export-categories-m2_1.png,Magento 2 Import Export Categories,url,https://bsscommerce.com/magento-2-import-export-categories-extension.html,https://bsscommerce.com/magento-2-import-export-categories-extension.html
Magento 2 Admin Product Grid With Category,null,33  Reviews,https://bsscommerce.com/pub/media/catalog/product/a/d/admin-product-grid-with-category-m2_1.png,Magento 2 Admin Product Grid With Category,url,https://bsscommerce.com/magento-2-admin-product-grid-with-category-extension.html,https://bsscommerce.com/magento-2-admin-product-grid-with-category-extension.html
Magento 2 Import Export Cms Page,null,2  Reviews,https://bsscommerce.com/pub/media/catalog/product/m/2/m2-import-export-cms-page.png,Magento 2 Import Export Cms Page,url,https://bsscommerce.com/magento-2-import-export-cms-page-extension.html,https://bsscommerce.com/magento-2-import-export-cms-page-extension.html
Magento 2 Simple Details On Grouped Product,null,36  Reviews,https://bsscommerce.com/pub/media/catalog/product/s/i/simple-details-on-grouped-product.png,Magento 2 Simple Details On Grouped Product,url,https://bsscommerce.com/magento-2-simple-details-on-grouped-product-extension.html,https://bsscommerce.com/magento-2-simple-details-on-grouped-product-extension.html
Magento 2 Product Questions,null,9  Reviews,https://bsscommerce.com/pub/media/catalog/product/p/r/product-questions_m2_2.png,Magento 2 Product Questions,url,https://bsscommerce.com/magento-2-product-questions-extension.html,https://bsscommerce.com/magento-2-product-questions-extension.html
Magento 2 Product Tags,null,7  Reviews,https://bsscommerce.com/pub/media/catalog/product/p/r/product_tags-new.png,Magento 2 Product Tags,url,https://bsscommerce.com/magento-2-product-tags-extension.html,https://bsscommerce.com/magento-2-product-tags-extension.html
Magento 2 Review Reminder,null,33  Reviews,https://bsscommerce.com/pub/media/catalog/product/r/e/review-reminder.png,Magento 2 Review Reminder,url,https://bsscommerce.com/magento-2-review-reminder-extension.html,https://bsscommerce.com/magento-2-review-reminder-extension.html
Magento 2 Duplicate Cms Page/Block,null,34  Reviews,https://bsscommerce.com/pub/media/catalog/product/d/u/duplicate_cms_pageblock.png,Magento 2 Duplicate Cms Page/Block,url,https://bsscommerce.com/magento-2-duplicate-cms-page-block-extension.html,https://bsscommerce.com/magento-2-duplicate-cms-page-block-extension.html
Magento 2 Popup,null,45  Reviews,https://bsscommerce.com/pub/media/catalog/product/p/o/popup_1.png,Magento 2 Popup,url,https://bsscommerce.com/magento-2-popup-extension.html,https://bsscommerce.com/magento-2-popup-extension.html
Magento 2 Push Notification,null,35  Reviews,https://bsscommerce.com/pub/media/catalog/product/p/u/push_notifications_1.png,Magento 2 Push Notification,url,https://bsscommerce.com/magento-2-push-notification-extension.html,https://bsscommerce.com/magento-2-push-notification-extension.html
Magento 2 Promotion Bar,null,38  Reviews,https://bsscommerce.com/pub/media/catalog/product/i/c/icon.png,Magento 2 Promotion Bar,url,https://bsscommerce.com/magento-2-promotion-bar-extension.html,https://bsscommerce.com/magento-2-promotion-bar-extension.html
Magento 2 Force Login,null,41  Reviews,https://bsscommerce.com/pub/media/catalog/product/f/o/force-login-m2_1.png,Magento 2 Force Login,url,https://bsscommerce.com/magento-2-force-login-extension.html,https://bsscommerce.com/magento-2-force-login-extension.html
Magento 2 Admin Email Notification,null,35  Reviews,https://bsscommerce.com/pub/media/catalog/product/a/d/admin-email-notification-m2.png,Magento 2 Admin Email Notification,url,https://bsscommerce.com/magento-2-admin-email-notification-extension.html,https://bsscommerce.com/magento-2-admin-email-notification-extension.html
Magento 2 Product Attachments,null,36  Reviews,https://bsscommerce.com/pub/media/catalog/product/p/r/product-attachments-m2.png,Magento 2 Product Attachments,url,https://bsscommerce.com/magento-2-product-attachments-extension.html,https://bsscommerce.com/magento-2-product-attachments-extension.html
Magento 2 Size Chart,null,37  Reviews,https://bsscommerce.com/pub/media/catalog/product/s/i/size-chart_1.png,Magento 2 Size Chart,url,https://bsscommerce.com/magento-2-size-chart-extension.html,https://bsscommerce.com/magento-2-size-chart-extension.html
Magento 2 Customers Also Bought/ Also Viewed,null,33  Reviews,https://bsscommerce.com/pub/media/catalog/product/a/l/also-bought-also-viewed.png,Magento 2 Customers Also Bought/ Also Viewed,url,https://bsscommerce.com/magento-2-customers-also-bought-also-viewed-extension.html,https://bsscommerce.com/magento-2-customers-also-bought-also-viewed-extension.html
Magento 2 Inventory Report,null,33  Reviews,https://bsscommerce.com/pub/media/catalog/product/m/2/m2-inventory-report.png,Magento 2 Inventory Report,url,https://bsscommerce.com/magento-2-inventory-report-extension.html,https://bsscommerce.com/magento-2-inventory-report-extension.html
Magento 2 Geoip Store Switcher,null,38  Reviews,https://bsscommerce.com/pub/media/catalog/product/g/e/geoip-store-switcher-m2.png,Magento 2 Geoip Store Switcher,url,https://bsscommerce.com/magento-2-geoip-auto-switch-store-extension.html,https://bsscommerce.com/magento-2-geoip-auto-switch-store-extension.html
Magento 2 Custom Order Number,null,37  Reviews,https://bsscommerce.com/pub/media/catalog/product/c/u/custom-order-number-m2.png,Magento 2 Custom Order Number,url,https://bsscommerce.com/magento-2-custom-order-number-extension.html,https://bsscommerce.com/magento-2-custom-order-number-extension.html
Magento 2 Admin Action Log,null,36  Reviews,https://bsscommerce.com/pub/media/catalog/product/a/d/admin-action-log-m2.png,Magento 2 Admin Action Log,url,https://bsscommerce.com/magento-2-admin-action-log-extension.html,https://bsscommerce.com/magento-2-admin-action-log-extension.html
Magento 2 Customer Approval,null,34  Reviews,https://bsscommerce.com/pub/media/catalog/product/c/u/customer-approval-m2.png,Magento 2 Customer Approval,url,https://bsscommerce.com/magento-2-customer-approval-extension.html,https://bsscommerce.com/magento-2-customer-approval-extension.html
Magento 2 Import Export Url Rewrites,null,37  Reviews,https://bsscommerce.com/pub/media/catalog/product/m/2/m2-import-export-url-rewrites.png,Magento 2 Import Export Url Rewrites,url,https://bsscommerce.com/magento-2-import-export-url-rewrites-extension.html,https://bsscommerce.com/magento-2-import-export-url-rewrites-extension.html
Magento 2 Custom Option Absolute Price And Quantity,null,34  Reviews,https://bsscommerce.com/pub/media/catalog/product/c/u/custom-option-absolute-price-and-quantity-m2.png,Magento 2 Custom Option Absolute Price And Quantity,url,https://bsscommerce.com/magento-2-custom-option-absolute-price-and-quantity-extension.html,https://bsscommerce.com/magento-2-custom-option-absolute-price-and-quantity-extension.html
Magento 2 Seo Extension,null,43  Reviews,https://bsscommerce.com/pub/media/catalog/product/s/e/seo-extension.png,Magento 2 Seo Extension,url,https://bsscommerce.com/magento-2-seo-extension.html,https://bsscommerce.com/magento-2-seo-extension.html
Magento 2 Import Export Product Attributes,null,18  Reviews,https://bsscommerce.com/pub/media/catalog/product/m/2/m2-import-export-product-attribute.png,Magento 2 Import Export Product Attributes,url,https://bsscommerce.com/magento-2-import-export-product-attributes-extension.html,https://bsscommerce.com/magento-2-import-export-product-attributes-extension.html
Magento 2 Tax Per Store View,null,34  Reviews,https://bsscommerce.com/pub/media/catalog/product/t/a/tax-per-store-view-m2.png,Magento 2 Tax Per Store View,url,https://bsscommerce.com/magento-2-tax-per-store-view-extension.html,https://bsscommerce.com/magento-2-tax-per-store-view-extension.html
Magento 2 Pre Order,null,31  Reviews,https://bsscommerce.com/pub/media/catalog/product/p/r/pre-order.png,Magento 2 Pre Order,url,https://bsscommerce.com/magento-2-pre-order-extension.html,https://bsscommerce.com/magento-2-pre-order-extension.html
Magento 2 Checkout Success Page,null,39  Reviews,https://bsscommerce.com/pub/media/catalog/product/m/2/m2_checkout-success-page-for-magento-2_2.png,Magento 2 Checkout Success Page,url,https://bsscommerce.com/magento-2-checkout-success-page-extension.html,https://bsscommerce.com/magento-2-checkout-success-page-extension.html
Magento 2 Bundle Option Image,null,33  Reviews,https://bsscommerce.com/pub/media/catalog/product/b/u/bundle-option-image2.png,Magento 2 Bundle Option Image,url,https://bsscommerce.com/magento-2-bundle-option-image-extension.html,https://bsscommerce.com/magento-2-bundle-option-image-extension.html
Magento 2 Custom Option Image,null,37  Reviews,https://bsscommerce.com/pub/media/catalog/product/c/u/custom-option-image-m1.png,Magento 2 Custom Option Image,url,https://bsscommerce.com/magento-2-custom-option-image-extension.html,https://bsscommerce.com/magento-2-custom-option-image-extension.html
Magento 2 Frequently Bought Together,null,37  Reviews,https://bsscommerce.com/pub/media/catalog/product/f/r/frequently-bought-together_m2.png,Magento 2 Frequently Bought Together,url,https://bsscommerce.com/magento-2-frequently-bought-together-extension.html,https://bsscommerce.com/magento-2-frequently-bought-together-extension.html
Magento 2 Hide Price,null,45  Reviews,https://bsscommerce.com/pub/media/catalog/product/h/i/hide-price.png,Magento 2 Hide Price,url,https://bsscommerce.com/magento-2-hide-price-extension.html,https://bsscommerce.com/magento-2-hide-price-extension.html
Magento 2 Xml Sitemap,null,36  Reviews,https://bsscommerce.com/pub/media/catalog/product/x/m/xml-sitemap.png,Magento 2 Xml Sitemap,url,https://bsscommerce.com/magento-2-xml-sitemap-extension.html,https://bsscommerce.com/magento-2-xml-sitemap-extension.html
Magento 2 Out Of Stock Notification,null,39  Reviews,https://bsscommerce.com/pub/media/catalog/product/o/u/out-of-stock-notification-m2.png,Magento 2 Out Of Stock Notification,url,https://bsscommerce.com/magento-2-out-of-stock-notification-extension.html,https://bsscommerce.com/magento-2-out-of-stock-notification-extension.html
Magento 2 Configurable Product Matrix View,null,30  Reviews,https://bsscommerce.com/pub/media/catalog/product/c/o/configurable-product-matrix-view-for-magento-2.png,Magento 2 Configurable Product Matrix View,url,https://bsscommerce.com/magento-2-configurable-product-matrix-view-extension.html,https://bsscommerce.com/magento-2-configurable-product-matrix-view-extension.html
Magento 2 Meta Tags Template,null,38  Reviews,https://bsscommerce.com/pub/media/catalog/product/m/e/meta-tags-template.png,Magento 2 Meta Tags Template,url,https://bsscommerce.com/magento-2-meta-tags-template-extension.html,https://bsscommerce.com/magento-2-meta-tags-template-extension.html
Magento 2 Rich Snippets,null,36  Reviews,https://bsscommerce.com/pub/media/catalog/product/r/i/rich-snippets-m2.png,Magento 2 Rich Snippets,url,https://bsscommerce.com/magento-2-rich-snippets-extension.html,https://bsscommerce.com/magento-2-rich-snippets-extension.html
Magento 2 Admin Shipping Method,null,0  Reviews,https://bsscommerce.com/pub/media/catalog/product/m/2/m2_free_admin_shipping_method.png,Magento 2 Admin Shipping Method,url,https://bsscommerce.com/magento-2-admin-shipping-method-extension.html,https://bsscommerce.com/magento-2-admin-shipping-method-extension.html
Magento 2 Custom Option Template,null,33  Reviews,https://bsscommerce.com/pub/media/catalog/product/c/u/custom-option-template-m2.png,Magento 2 Custom Option Template,url,https://bsscommerce.com/magento-2-custom-option-template-extension.html,https://bsscommerce.com/magento-2-custom-option-template-extension.html
Magento 2 Auto Cancel Order,null,36  Reviews,https://bsscommerce.com/pub/media/catalog/product/a/u/auto-cancel-order_1__1.png,Magento 2 Auto Cancel Order,url,https://bsscommerce.com/magento-2-auto-cancel-order-extension.html,https://bsscommerce.com/magento-2-auto-cancel-order-extension.html
Magento 2 Product Label,null,39  Reviews,https://bsscommerce.com/pub/media/catalog/product/p/r/product-label-m2_1.png,Magento 2 Product Label,url,https://bsscommerce.com/magento-2-product-label-extension.html,https://bsscommerce.com/magento-2-product-label-extension.html
Magento 2 Import Export Product Reviews,null,14  Reviews,https://bsscommerce.com/pub/media/catalog/product/m/2/m2-import-export-product-reviews.png,Magento 2 Import Export Product Reviews,url,https://bsscommerce.com/magento-2-import-export-product-reviews-extension.html,https://bsscommerce.com/magento-2-import-export-product-reviews-extension.html
Magento 2 Quantity Dropdown,null,36  Reviews,https://bsscommerce.com/pub/media/catalog/product/q/u/quantity-dropdown.png,Magento 2 Quantity Dropdown,url,https://bsscommerce.com/magento-2-quantity-dropdown-extension.html,https://bsscommerce.com/magento-2-quantity-dropdown-extension.html
Magento 2 Customer Attributes,null,38  Reviews,https://bsscommerce.com/pub/media/catalog/product/c/u/customer-attribute.png,Magento 2 Customer Attributes,url,https://bsscommerce.com/magento-2-customer-attributes-extension.html,https://bsscommerce.com/magento-2-customer-attributes-extension.html
Magento 2 Free Shipping Bar,null,36  Reviews,https://bsscommerce.com/pub/media/catalog/product/m/2/m2_freeshippingbar2.png,Magento 2 Free Shipping Bar,url,https://bsscommerce.com/magento-2-free-shipping-bar-extension.html,https://bsscommerce.com/magento-2-free-shipping-bar-extension.html
Magento 2 Minimum Quantity Of Configurable Product,null,35  Reviews,https://bsscommerce.com/pub/media/catalog/product/m/2/m2-minimum-quantity-of-configurable-product.png,Magento 2 Minimum Quantity Of Configurable Product,url,https://bsscommerce.com/magento-2-minimum-quantity-of-configurable-product-extension.html,https://bsscommerce.com/magento-2-minimum-quantity-of-configurable-product-extension.html
Magento 2 Refund Request By Customer,null,2  Reviews,https://bsscommerce.com/pub/media/catalog/product/r/e/refund-request-by-customer-m2.png,Magento 2 Refund Request By Customer,url,https://bsscommerce.com/magento-2-refund-request-by-customer-extension.html,https://bsscommerce.com/magento-2-refund-request-by-customer-extension.html
Magento 2 Faqs,null,24  Reviews,https://bsscommerce.com/pub/media/catalog/product/f/a/faqs-m2.png,Magento 2 Faqs,url,https://bsscommerce.com/magento-2-faqs-extension.html,https://bsscommerce.com/magento-2-faqs-extension.html
Magento 2 Simple Details On Configurable Product,null,18  Reviews,https://bsscommerce.com/pub/media/catalog/product/s/i/simple-details-on-configurable-product_1.png,Magento 2 Simple Details On Configurable Product,url,https://bsscommerce.com/magento-2-simple-details-on-configurable-product-extension.html,https://bsscommerce.com/magento-2-simple-details-on-configurable-product-extension.html
Magento 2 Defer Javascript,null,51  Reviews,https://bsscommerce.com/pub/media/catalog/product/d/e/defer-javascript_1.png,Magento 2 Defer Javascript,url,https://bsscommerce.com/magento-2-defer-javascript-extension.html,https://bsscommerce.com/magento-2-defer-javascript-extension.html
Magento 2 Lazy Load,null,38  Reviews,https://bsscommerce.com/pub/media/catalog/product/l/a/lazy-load-m2.png,Magento 2 Lazy Load,url,https://bsscommerce.com/magento-2-lazy-load-extension.html,https://bsscommerce.com/magento-2-lazy-load-extension.html
Magento 2 Order Delivery Date,null,41  Reviews,https://bsscommerce.com/pub/media/catalog/product/m/2/m2-order-delivery-date.png,Magento 2 Order Delivery Date,url,https://bsscommerce.com/magento-2-order-delivery-date-extension.html,https://bsscommerce.com/magento-2-order-delivery-date-extension.html
Magento 2 Configurable Product Grid Table View,null,42  Reviews,https://bsscommerce.com/pub/media/catalog/product/c/o/configurable-product-grid-table-view-for-magento-2.png,Magento 2 Configurable Product Grid Table View,url,https://bsscommerce.com/magento-2-configurable-product-grid-table-view-extension.html,https://bsscommerce.com/magento-2-configurable-product-grid-table-view-extension.html
Magento 2 Auto Invoice,null,39  Reviews,https://bsscommerce.com/pub/media/catalog/product/m/2/m2_auto-invoice-for-magento-2.png,Magento 2 Auto Invoice,url,https://bsscommerce.com/magento-2-auto-invoice-extension.html,https://bsscommerce.com/magento-2-auto-invoice-extension.html
Magento 2 Google Amp Extension,null,41  Reviews,https://bsscommerce.com/pub/media/catalog/product/g/o/google-amp-extension-m2.png,Magento 2 Google Amp Extension,url,https://bsscommerce.com/magento-2-google-amp-extension.html,https://bsscommerce.com/magento-2-google-amp-extension.html
Magento 2 Request For Quote,null,3  Reviews,https://bsscommerce.com/pub/media/catalog/product/r/e/request-for-quote.png,Magento 2 Request For Quote,url,https://bsscommerce.com/magento-2-request-for-quote-extension.html,https://bsscommerce.com/magento-2-request-for-quote-extension.html
Magento 2 Shipping And Payment Method Per Customer Group,"$79,00",44  Reviews,https://bsscommerce.com/pub/media/catalog/product/s/h/shipping-and-payment-method-per-customer-group-m2.png,Magento 2 Shipping And Payment Method Per Customer Group,url,https://bsscommerce.com/magento-2-shipping-and-payment-method-per-customer-group-extension.html,https://bsscommerce.com/magento-2-shipping-and-payment-method-per-customer-group-extension.html
Magento 2 Min/Max Order Quantity Per Category,null,34  Reviews,https://bsscommerce.com/pub/media/catalog/product/m/i/minmax-order-quantity-per-category-m2.png,Magento 2 Min/Max Order Quantity Per Category,url,https://bsscommerce.com/magento-2-minimum-maximum-order-quantity-per-category-extension.html,https://bsscommerce.com/magento-2-minimum-maximum-order-quantity-per-category-extension.html
Magento 2 Infinite Scroll,null,39  Reviews,https://bsscommerce.com/pub/media/catalog/product/i/n/infinite-scroll.png,Magento 2 Infinite Scroll,url,https://bsscommerce.com/magento-2-infinite-scroll-extension.html,https://bsscommerce.com/magento-2-infinite-scroll-extension.html
Magento 2 Gallery,null,41  Reviews,https://bsscommerce.com/pub/media/catalog/product/m/a/magento-2-gallery-extension_2.png,Magento 2 Gallery,url,https://bsscommerce.com/magento-2-gallery-extension.html,https://bsscommerce.com/magento-2-gallery-extension.html
Magento 2 Checkout Custom Field,null,46  Reviews,https://bsscommerce.com/pub/media/catalog/product/c/h/checkout-custom-field.png,Magento 2 Checkout Custom Field,url,https://bsscommerce.com/magento-2-checkout-custom-field-extension.html,https://bsscommerce.com/magento-2-checkout-custom-field-extension.html
Magento 2 Admin Product Preview Plus,"$59,00",37  Reviews,https://bsscommerce.com/pub/media/catalog/product/a/d/admin-product-preview-plus-m2.png,Magento 2 Admin Product Preview Plus,url,https://bsscommerce.com/magento-2-admin-product-preview-plus-extension.html,https://bsscommerce.com/magento-2-admin-product-preview-plus-extension.html
Magento 2 Wholesale Fast Order,"$119,00",39  Reviews,https://bsscommerce.com/pub/media/catalog/product/w/h/wholesale-fast-order-m2.png,Magento 2 Wholesale Fast Order,url,https://bsscommerce.com/magento-2-wholesale-fast-order-extension.html,https://bsscommerce.com/magento-2-wholesale-fast-order-extension.html
Magento 2 Ajax Add To Cart,null,26  Reviews,https://bsscommerce.com/pub/media/catalog/product/m/2/m2_ajax-add-to-cart.png,Magento 2 Ajax Add To Cart,url,https://bsscommerce.com/magento-2-ajax-add-to-cart-extension.html,https://bsscommerce.com/magento-2-ajax-add-to-cart-extension.html
Magento 2 Hide Price/Call For Price,null,42  Reviews,https://bsscommerce.com/pub/media/catalog/product/h/i/hide-price-call-240x240px.png,Magento 2 Hide Price/Call For Price,url,https://bsscommerce.com/magento-2-hide-price-call-for-price-extension.html,https://bsscommerce.com/magento-2-hide-price-call-for-price-extension.html
Magento 2 Add Multiple Products To Cart,null,39  Reviews,https://bsscommerce.com/pub/media/catalog/product/a/d/add-multiple-products-to-cart-m2.png,Magento 2 Add Multiple Products To Cart,url,https://bsscommerce.com/magento-2-add-multiple-products-to-cart-extension.html,https://bsscommerce.com/magento-2-add-multiple-products-to-cart-extension.html
Magento 2 Grouped Product With Custom Options,null,40  Reviews,https://bsscommerce.com/pub/media/catalog/product/g/r/grouped-product-with-custom-options.png,Magento 2 Grouped Product With Custom Options,url,https://bsscommerce.com/magento-2-grouped-product-with-custom-options-extension.html,https://bsscommerce.com/magento-2-grouped-product-with-custom-options-extension.html
Magento 2 Minimum Order Quantity,null,2  Reviews,https://bsscommerce.com/pub/media/catalog/product/m/i/minimum-order-quantity.png,Magento 2 Minimum Order Quantity,url,https://bsscommerce.com/magento-2-minimum-order-quantity-extension.html,https://bsscommerce.com/magento-2-minimum-order-quantity-extension.html
Magento 2 Shopping Cart Price Rule Per Store View,null,37  Reviews,https://bsscommerce.com/pub/media/catalog/product/s/h/shopping-cart-price-rule-per-store-view-m2_1.png,Magento 2 Shopping Cart Price Rule Per Store View,url,https://bsscommerce.com/magento-2-shopping-cart-price-rule-per-store-view-extension.html,https://bsscommerce.com/magento-2-shopping-cart-price-rule-per-store-view-extension.html
Magento 2 Configurable Product Wholesale Display,null,39  Reviews,https://bsscommerce.com/pub/media/catalog/product/c/o/configurable-product-wholesale-display-m2.png,Magento 2 Configurable Product Wholesale Display,url,https://bsscommerce.com/magento-2-configurable-product-wholesale-display-extension.html,https://bsscommerce.com/magento-2-configurable-product-wholesale-display-extension.html
Magento 2 Catalog Price Rule Per Store View,null,35  Reviews,https://bsscommerce.com/pub/media/catalog/product/i/m/image-product.png,Magento 2 Catalog Price Rule Per Store View,url,https://bsscommerce.com/magento-2-catalog-price-rule-per-store-view-extension.html,https://bsscommerce.com/magento-2-catalog-price-rule-per-store-view-extension.html
Magento 2 Multiple Wishlists,null,47  Reviews,https://bsscommerce.com/pub/media/catalog/product/m/u/multiple-wishlists-m2.png,Magento 2 Multiple Wishlists,url,https://bsscommerce.com/magento-2-multiple-wishlists-extension.html,https://bsscommerce.com/magento-2-multiple-wishlists-extension.html
Magento 2 Delete Order,null,5  Reviews,https://bsscommerce.com/pub/media/catalog/product/d/e/delete-order-m2.png,Magento 2 Delete Order,url,https://bsscommerce.com/magento-2-delete-order-extension.html,https://bsscommerce.com/magento-2-delete-order-extension.html
Magento 2 Dynamic Html Sitemap,null,36  Reviews,https://bsscommerce.com/pub/media/catalog/product/d/y/dynamic-html-sitemap-m2.png,Magento 2 Dynamic Html Sitemap,url,https://bsscommerce.com/magento-2-dynamic-html-sitemap-extension.html,https://bsscommerce.com/magento-2-dynamic-html-sitemap-extension.html
Magento 2 Frontend Cancel Order,null,35  Reviews,https://bsscommerce.com/pub/media/catalog/product/f/r/frontend-cancel-order.png,Magento 2 Frontend Cancel Order,url,https://bsscommerce.com/magento-2-frontend-cancel-order-extension.html,https://bsscommerce.com/magento-2-frontend-cancel-order-extension.html
Magento 2 Cookie Notice,null,9  Reviews,https://bsscommerce.com/pub/media/catalog/product/c/o/cookie-notice2.png,Magento 2 Cookie Notice,url,https://bsscommerce.com/magento-2-cookie-notice-extension.html,https://bsscommerce.com/magento-2-cookie-notice-extension.html
Magento 2 Reorder Product List,null,36  Reviews,https://bsscommerce.com/pub/media/catalog/product/r/e/reorder-product-list-_1.png,Magento 2 Reorder Product List,url,https://bsscommerce.com/magento-2-reorder-product-list-extension.html,https://bsscommerce.com/magento-2-reorder-product-list-extension.html
Magento 2 Previous/Next Product Page,null,37  Reviews,https://bsscommerce.com/pub/media/catalog/product/p/r/previous-next-product-page-m2.png,Magento 2 Previous/Next Product Page,url,https://bsscommerce.com/magento-2-previous-next-product-page-extension.html,https://bsscommerce.com/magento-2-previous-next-product-page-extension.html
Magento 2 Minimum Order Amount For Customer Group,null,37  Reviews,https://bsscommerce.com/pub/media/catalog/product/m/i/minimum-order-amount-for-customer-group-m2.png,Magento 2 Minimum Order Amount For Customer Group,url,https://bsscommerce.com/magento-2-minimum-order-amount-for-customer-group-extension.html,https://bsscommerce.com/magento-2-minimum-order-amount-for-customer-group-extension.html
Magento 2 Reindex From Backend,null,3  Reviews,https://bsscommerce.com/pub/media/catalog/product/r/e/reindex-from-backend.png,Magento 2 Reindex From Backend,url,https://bsscommerce.com/magento-2-reindex-from-backend-extension.html,https://bsscommerce.com/magento-2-reindex-from-backend-extension.html
Magento 2 Login As Customer,null,2  Reviews,https://bsscommerce.com/pub/media/catalog/product/l/o/login-as-customer-m2.png,Magento 2 Login As Customer,url,https://bsscommerce.com/magento-2-login-as-customer-extension.html,https://bsscommerce.com/magento-2-login-as-customer-extension.html
Magento 2 Quick View,null,10  Reviews,https://bsscommerce.com/pub/media/catalog/product/q/u/quick-view.png,Magento 2 Quick View,url,https://bsscommerce.com/magento-2-quick-view-extension.html,https://bsscommerce.com/magento-2-quick-view-extension.html
Magento 2 Product Widget Slider,null,1  Reviews,https://bsscommerce.com/pub/media/catalog/product/p/r/products-widget-slider-m2.png,Magento 2 Product Widget Slider,url,https://bsscommerce.com/magento-2-products-widget-slider-extension.html,https://bsscommerce.com/magento-2-products-widget-slider-extension.html
Magento 2 Facebook Pixel,null,1  Reviews,https://bsscommerce.com/pub/media/catalog/product/f/a/facebook-pixel.png,Magento 2 Facebook Pixel,url,https://bsscommerce.com/magento-2-facebook-pixel-extension.html,https://bsscommerce.com/magento-2-facebook-pixel-extension.html
Magento 2 Mega Menu,null,36  Reviews,https://bsscommerce.com/pub/media/catalog/product/m/e/mega-menu.png,Magento 2 Mega Menu,url,https://bsscommerce.com/magento-2-mega-menu-extension.html,https://bsscommerce.com/magento-2-mega-menu-extension.html
Magento 2 Admin Payment Method,null,1  Reviews,https://bsscommerce.com/pub/media/catalog/product/f/r/free-admin-payment-method-m2.png,Magento 2 Admin Payment Method,url,https://bsscommerce.com/magento-2-admin-payment-method-extension.html,https://bsscommerce.com/magento-2-admin-payment-method-extension.html
Magento 2 Import Export Wishlist Item,null,3  Reviews,https://bsscommerce.com/pub/media/catalog/product/m/2/m2-import-export-wishlist-item.png,Magento 2 Import Export Wishlist Item,url,https://bsscommerce.com/magento-2-import-export-wishlist-item-extension.html,https://bsscommerce.com/magento-2-import-export-wishlist-item-extension.html
Magento 2 Pre-Select Shipping/Payment,null,2  Reviews,https://bsscommerce.com/pub/media/catalog/product/p/r/pre-select-shippingpayment.png,Magento 2 Pre-Select Shipping/Payment,url,https://bsscommerce.com/magento-2-preselect-shipping-payment-extension.html,https://bsscommerce.com/magento-2-preselect-shipping-payment-extension.html
Magento 2 Social Login,null,6  Reviews,https://bsscommerce.com/pub/media/catalog/product/s/o/social-login-m2.png,Magento 2 Social Login,url,https://bsscommerce.com/magento-2-social-login-extension.html,https://bsscommerce.com/magento-2-social-login-extension.html
Magento 2 Anz Egate Payment Gateway,null,2  Reviews,https://bsscommerce.com/pub/media/catalog/product/a/n/anz-egate-payment-gateway-for-magento-2.png,Magento 2 Anz Egate Payment Gateway,url,https://bsscommerce.com/magento-2-anz-egate-payment-gateway-extension.html,https://bsscommerce.com/magento-2-anz-egate-payment-gateway-extension.html
Magento 2 Custom Product Attribute Export,null,3  Reviews,https://bsscommerce.com/pub/media/catalog/product/c/u/custom-product-attribute-export-for-magento-2.png,Magento 2 Custom Product Attribute Export,url,https://bsscommerce.com/magento-2-custom-product-attribute-export-extension.html,https://bsscommerce.com/magento-2-custom-product-attribute-export-extension.html
Magento 2 Disable Compare,null,3  Reviews,https://bsscommerce.com/pub/media/catalog/product/d/i/disable-compare.png,Magento 2 Disable Compare,url,https://bsscommerce.com/magento-2-disable-compare-extension.html,https://bsscommerce.com/magento-2-disable-compare-extension.html
Magento 2 Order Details On Success Page,null,3  Reviews,https://bsscommerce.com/pub/media/catalog/product/o/r/order-details-on-success-page-m2.png,Magento 2 Order Details On Success Page,url,https://bsscommerce.com/magento-2-order-details-on-success-page-extension.html,https://bsscommerce.com/magento-2-order-details-on-success-page-extension.html
Magento 2 Product Images By Customer,null,6  Reviews,https://bsscommerce.com/pub/media/catalog/product/p/r/product-images-by-customer_1.png,Magento 2 Product Images By Customer,url,https://bsscommerce.com/magento-2-product-images-by-customer-extension.html,https://bsscommerce.com/magento-2-product-images-by-customer-extension.html
Magento 2 Web Development,null,0  Reviews,https://bsscommerce.com/pub/media/catalog/product/v/i/view_4_.png,Magento 2 Web Development,url,https://bsscommerce.com/magento-2-web-development.html,https://bsscommerce.com/magento-2-web-development.html
Magento 2 Website Maintenance,null,0  Reviews,https://bsscommerce.com/pub/media/catalog/product/w/e/web-maintenance-m2.png,Magento 2 Website Maintenance,url,https://bsscommerce.com/magento-web-maintenance.html,https://bsscommerce.com/magento-web-maintenance.html
Magento 2 Web Design,null,0  Reviews,https://bsscommerce.com/pub/media/catalog/product/i/c/icon-web-design.png,Magento 2 Web Design,url,https://bsscommerce.com/magento-web-design.html,https://bsscommerce.com/magento-web-design.html
Magento 2 Web Testing On-Demand,null,0  Reviews,https://bsscommerce.com/pub/media/catalog/product/w/e/website-testing.png,Magento 2 Web Testing On-Demand,url,https://bsscommerce.com/magento-2-web-testing-on-demand.html,https://bsscommerce.com/magento-2-web-testing-on-demand.html
Magento 2 Multiple Store View Solution,"$416,00",0  Reviews,https://bsscommerce.com/pub/media/catalog/product/m/2/m2-multiple-store-view-solutions-icon2_1_1.png,Magento 2 Multiple Store View Solution,url,https://bsscommerce.com/magento-2-multiple-store-view-solution.html,https://bsscommerce.com/magento-2-multiple-store-view-solution.html
Magento 2 Improved Admin Product Grid,"$166,00",0  Reviews,https://bsscommerce.com/pub/media/catalog/product/i/m/improvedadminproductgrid.png,Magento 2 Improved Admin Product Grid,url,https://bsscommerce.com/magento-2-improved-admin-product-grid.html,https://bsscommerce.com/magento-2-improved-admin-product-grid.html
Magento 2 Improved Configurable Products,"$170,00",1  Reviews,https://bsscommerce.com/pub/media/catalog/product/v/i/view_2.png,Magento 2 Improved Configurable Products,url,https://bsscommerce.com/magento-2-improved-configurable-products-extension.html,https://bsscommerce.com/magento-2-improved-configurable-products-extension.html
Magento 2 Marketing Combo,null,0  Reviews,https://bsscommerce.com/pub/media/catalog/product/i/m/image-product_2.png,Magento 2 Marketing Combo,url,https://bsscommerce.com/magento-2-marketing-combo.html,https://bsscommerce.com/magento-2-marketing-combo.html
Magento 2 Migration Service,null,0  Reviews,https://bsscommerce.com/pub/media/catalog/product/m/i/migration.png,Magento 2 Migration Service,url,https://bsscommerce.com/magento-2-migration.html,https://bsscommerce.com/magento-2-migration.html
Magento 2 Module Creation & Customization,null,0  Reviews,https://bsscommerce.com/pub/media/catalog/product/m/o/module_creation_customization.png,Magento 2 Module Creation & Customization,url,https://bsscommerce.com/magento-2-module-creation-customization.html,https://bsscommerce.com/magento-2-module-creation-customization.html
Magento 2 Custom Options Package,"$173,00",0  Reviews,https://bsscommerce.com/pub/media/catalog/product/c/u/custom_option_icon.png,Magento 2 Custom Options Package,url,https://bsscommerce.com/magento-2-custom-options-package.html,https://bsscommerce.com/magento-2-custom-options-package.html
Magento 2 Speed-Up Consulting Package,null,0  Reviews,https://bsscommerce.com/pub/media/catalog/product/s/p/speed-up.png,Magento 2 Speed-Up Consulting Package,url,https://bsscommerce.com/magento-2-speed-up-consulting-package.html,https://bsscommerce.com/magento-2-speed-up-consulting-package.html
Magento 2 Code Audit Package,null,0  Reviews,https://bsscommerce.com/pub/media/catalog/product/v/i/view.png,Magento 2 Code Audit Package,url,https://bsscommerce.com/magento-code-audit.html,https://bsscommerce.com/magento-code-audit.html
Magento 2 Import Export Extension Combo,"$400,00",1  Reviews,https://bsscommerce.com/pub/media/catalog/product/i/c/icon-m2combo-import-export.png,Magento 2 Import Export Extension Combo,url,https://bsscommerce.com/magento-2-import-export-extension-combo.html,https://bsscommerce.com/magento-2-import-export-extension-combo.html
Magento 2 B2b Registration & Login Combo,"$219,00",1  Reviews,https://bsscommerce.com/pub/media/catalog/product/c/u/customer_attribute.png,Magento 2 B2b Registration & Login Combo,url,https://bsscommerce.com/magento-2-b2b-registration-login-extension.html,https://bsscommerce.com/magento-2-b2b-registration-login-extension.html
Magento 2 Multiple Store Views Combo,"$238,00",1  Reviews,https://bsscommerce.com/pub/media/catalog/product/m/2/m2-multiple-store-view-solutions-icon2_1.png,Magento 2 Multiple Store Views Combo,url,https://bsscommerce.com/magento-2-multiple-store-views-hot-combo.html,https://bsscommerce.com/magento-2-multiple-store-views-hot-combo.html
Magento 2 Reward Points,"$149,00",16  Reviews,https://bsscommerce.com/pub/media/catalog/product/i/c/icon_m2_reward_point.png,Magento 2 Reward Points,url,https://bsscommerce.com/magento-2-reward-points-extension.html,https://bsscommerce.com/magento-2-reward-points-extension.html
Magento 2 Improved Product Sorting,null,1  Reviews,https://bsscommerce.com/pub/media/catalog/product/i/m/improved-product-sorting-m2_1.png,Magento 2 Improved Product Sorting,url,https://bsscommerce.com/magento-2-improved-product-sorting-extension.html,https://bsscommerce.com/magento-2-improved-product-sorting-extension.html
Magento 2 Storeview Flags,null,2  Reviews,https://bsscommerce.com/pub/media/catalog/product/s/t/storeview-flag-m2_1.png,Magento 2 Storeview Flags,url,https://bsscommerce.com/magento-2-storeview-flags-extension.html,https://bsscommerce.com/magento-2-storeview-flags-extension.html
Magento 2 Custom Shipping Method,null,0  Reviews,https://bsscommerce.com/pub/media/catalog/product/i/c/icon9.png,Magento 2 Custom Shipping Method,url,https://bsscommerce.com/magento-2-custom-shipping-method-extension.html,https://bsscommerce.com/magento-2-custom-shipping-method-extension.html
Magento 2 Administration Package,"$400,00",1  Reviews,https://bsscommerce.com/pub/media/catalog/product/a/d/administration.png,Magento 2 Administration Package,url,https://bsscommerce.com/magento-2-administration-package.html,https://bsscommerce.com/magento-2-administration-package.html
Magento 2 Sales Motivation Package,"$680,00",1  Reviews,https://bsscommerce.com/pub/media/catalog/product/s/a/sale_motivation.png,Magento 2 Sales Motivation Package,url,https://bsscommerce.com/magento-2-sale-motivation-package.html,https://bsscommerce.com/magento-2-sale-motivation-package.html
Magento 2 Duplicate Category,null,2  Reviews,https://bsscommerce.com/pub/media/catalog/product/d/u/duplicate-category.png,Magento 2 Duplicate Category,url,https://bsscommerce.com/magento-2-duplicate-category-extension.html,https://bsscommerce.com/magento-2-duplicate-category-extension.html
Magento 2 Checkout With Display Currency,null,36  Reviews,https://bsscommerce.com/pub/media/catalog/product/c/h/checkout-with-display-currency_1.png,Magento 2 Checkout With Display Currency,url,https://bsscommerce.com/magento-2-checkout-with-display-currency-extension.html,https://bsscommerce.com/magento-2-checkout-with-display-currency-extension.html
