title,price,reviews,image-src,url,url-href,descr
Magento 2 Add Multiple Products To Cart,$119.00,39  Reviews,https://bsscommerce.com/pub/media/catalog/product/a/d/add-multiple-products-to-cart-m2.png,Magento 2 Add Multiple Products To Cart,https://bsscommerce.com/magento-2-add-multiple-products-to-cart-extension.html,Add Multiple Products To Cart for Magento 2 extension allows customers to add multiple products to cart at once without visiting product pages separately. This Magento 2 Add Multiple Products to Cart feature can be applied for various product list pages (category page and search page) or can be added to cms pages using widget.
Magento 2 Admin Action Log,$99.00,36  Reviews,https://bsscommerce.com/pub/media/catalog/product/a/d/admin-action-log-m2.png,Magento 2 Admin Action Log,https://bsscommerce.com/magento-2-admin-action-log-extension.html,Always keep your backend stay in control when the whole admin activities are clearly logged in a specific section for better tracking and management.
Magento 2 Admin Email Notification,$79.00,35  Reviews,https://bsscommerce.com/pub/media/catalog/product/a/d/admin-email-notification-m2.png,Magento 2 Admin Email Notification,https://bsscommerce.com/magento-2-admin-email-notification-extension.html,Magento 2 Admin Email Notification extension helps administrators actively manage activities in the website by instantly sending notification emails to admins when there are some important events recorded.
Magento 2 Admin Payment Method,FREE,1  Reviews,https://bsscommerce.com/pub/media/catalog/product/f/r/free-admin-payment-method-m2.png,Magento 2 Admin Payment Method,https://bsscommerce.com/magento-2-admin-payment-method-extension.html,Magento 2 Admin Payment Method extension allows admin to create payment method validated only in the backend. This solution also supports auto-creating invoice and shipment once orders are created.
Magento 2 Admin Product Grid With Category,$79.00,33  Reviews,https://bsscommerce.com/pub/media/catalog/product/a/d/admin-product-grid-with-category-m2_1.png,Magento 2 Admin Product Grid With Category,https://bsscommerce.com/magento-2-admin-product-grid-with-category-extension.html,"Taking action with products that belong to a specific category seems manual by default functions of Magento. Usually, you cannot filter products by particular categories to use mass actions.
Magento 2 Admin Product Grid with Category extension makes it possible by adding the Category and Category ID column in the admin product grid."
Magento 2 Admin Product Preview Plus,Special Price $59.00    Regular Price $79.00,37  Reviews,https://bsscommerce.com/pub/media/catalog/product/a/d/admin-product-preview-plus-m2.png,Magento 2 Admin Product Preview Plus,https://bsscommerce.com/magento-2-admin-product-preview-plus-extension.html,Magento 2 Admin Product Preview Plus previews frontend pages through preview links and preview buttons in the backend.
Magento 2 Admin Shipping Method,FREE,0  Reviews,https://bsscommerce.com/pub/media/catalog/product/m/2/m2_free_admin_shipping_method.png,Magento 2 Admin Shipping Method,https://bsscommerce.com/magento-2-admin-shipping-method-extension.html,Magento 2 Admin Shipping Method extension creates a new shipping method used by the admin only to generate free of shipping cost orders. This optimal Magento 2 shipping extension also features automatically creating invoices and shipments once orders are placed.
Magento 2 Administration Package,Special Price $400.00    Regular Price $671.00,1  Reviews,https://bsscommerce.com/pub/media/catalog/product/a/d/administration.png,Magento 2 Administration Package,https://bsscommerce.com/magento-2-administration-package.html,Administration extensions assist admin to carry out essential tasks and manage activities in the backend of a Magento 2 website.
Magento 2 Advanced Review,$99.00,38  Reviews,https://bsscommerce.com/pub/media/catalog/product/a/d/advanced_review_1.png,Magento 2 Advanced Review,https://bsscommerce.com/magento-2-advanced-review-extension.html,Magento 2 advanced reviews extension empowers the product reviews and rating functionalities of your store. Get more helpful reviews and gain trustworthiness for your products.
Magento 2 Ajax Add To Cart,$79.00,26  Reviews,https://bsscommerce.com/pub/media/catalog/product/m/2/m2_ajax-add-to-cart.png,Magento 2 Ajax Add To Cart,https://bsscommerce.com/magento-2-ajax-add-to-cart-extension.html,"Perfectly optimize every Add to Cart click and urge your customers to buy more. When they click Add to Cart, a pop up promptly presents cart details and especially displays up sell, cross sell or related products.
Boost your strength through this simple button, can't be wiser. Scroll down to know why now!"
Magento 2 Anz Egate Payment Gateway,$79.00,2  Reviews,https://bsscommerce.com/pub/media/catalog/product/a/n/anz-egate-payment-gateway-for-magento-2.png,Magento 2 Anz Egate Payment Gateway,https://bsscommerce.com/magento-2-anz-egate-payment-gateway-extension.html,Magento 2 ANZ eGate Payment Gateway extension integrates ANZ eGate payment gateway into Magento 2 in order to process credit card on sites via the Internet.
Magento 2 Auto Cancel Order,$79.00,36  Reviews,https://bsscommerce.com/pub/media/catalog/product/a/u/auto-cancel-order_1__1.png,Magento 2 Auto Cancel Order,https://bsscommerce.com/magento-2-auto-cancel-order-extension.html,Magento 2 Auto Cancel Order extension allows canceling pending and pending payment order automatically
Magento 2 Auto Invoice,$59.00,39  Reviews,https://bsscommerce.com/pub/media/catalog/product/m/2/m2_auto-invoice-for-magento-2.png,Magento 2 Auto Invoice,https://bsscommerce.com/magento-2-auto-invoice-extension.html,Magento 2 Auto Invoice Extension speeds up Magento payment process by generating invoice and shipment automatically.
Magento 2 B2B/Wholesale Package,"Special Price $600.00    Regular Price $1,294.00",1  Reviews,https://bsscommerce.com/pub/media/catalog/product/b/2/b2b_package.png,Magento 2 B2B/Wholesale Package,https://bsscommerce.com/magento-2-b2b-extensions-package.html,"Stop treating your B2B customers like B2C! They have different shopping behaviors; hence, they seek different experiences.
You, on the other hand, need advanced features to manage B2B customers better.
BSS cover all demands as above in one package called Magento 2 B2B Extensions."
Magento 2 B2B Registration,$119.00,67  Reviews,https://bsscommerce.com/pub/media/catalog/product/b/2/b2b-registration.png,Magento 2 B2B Registration,https://bsscommerce.com/magento-2-b2b-registration-extension.html,"Running an online store unifying both B2C and B2B seems promising. However, with one and only default sign-up form, it becomes super inconvenient to manage these two differences. That time, Magento 2 B2B Registration extension is in need to:"
Magento 2 B2b Registration & Login Combo,Special Price $219.00    Regular Price $277.00,1  Reviews,https://bsscommerce.com/pub/media/catalog/product/c/u/customer_attribute.png,Magento 2 B2b Registration & Login Combo,https://bsscommerce.com/magento-2-b2b-registration-login-extension.html,"Online B2B business becomes more open and transparent - It’s true! However, should you open to such an extent that all customers - even your competitors, can see your valuable juice: catalog, price, and products.
Definitely “No.” Instead, you had better:"
Magento 2 Bundle Option Image,$59.00,33  Reviews,https://bsscommerce.com/pub/media/catalog/product/b/u/bundle-option-image2.png,Magento 2 Bundle Option Image,https://bsscommerce.com/magento-2-bundle-option-image-extension.html,Magento 2 Bundle Option Image extension helps your Bundle products become more visual by allowing showing images of children products in each option.
Magento 2 Catalog Permission,$99.00,42  Reviews,https://bsscommerce.com/pub/media/catalog/product/c/a/catalog-permission.png,Magento 2 Catalog Permission,https://bsscommerce.com/magento-2-catalog-permission-extension.html,Magento 2 Catalog Permission extension allows the admin to assign permission to visit categories and CMS Pages for specific customer groups as wished.
Magento 2 Catalog Price Rule Per Store View,$99.00,35  Reviews,https://bsscommerce.com/pub/media/catalog/product/i/m/image-product.png,Magento 2 Catalog Price Rule Per Store View,https://bsscommerce.com/magento-2-catalog-price-rule-per-store-view-extension.html,Set up different catalog price rules per store views so that customers on each store view will get particular promotions.
Magento 2 Checkout Extension Suite,Special Price $260.00    Regular Price $514.00,1  Reviews,https://bsscommerce.com/pub/media/catalog/product/i/m/image-product_1.png,Magento 2 Checkout Extension Suite,https://bsscommerce.com/magento-2-checkout-combo.html,"A combo of the most necessary extensions for Magento 2 checkout optimization: One step checkout, Checkout custom field, and Checkout success page. Grab this combo at $260 instead of $514 - Such a perfect deal to make!"
Magento 2 Checkout Custom Field,$119.00,46  Reviews,https://bsscommerce.com/pub/media/catalog/product/c/h/checkout-custom-field.png,Magento 2 Checkout Custom Field,https://bsscommerce.com/magento-2-checkout-custom-field-extension.html,"Pay attention here!
Magento 2 Checkout Custom Fields extension is in place to optimize the default boring checkout! Feel free to add new fields for any information you think to be necessary for order fulfillment."
Magento 2 Checkout Success Page,$79.00,39  Reviews,https://bsscommerce.com/pub/media/catalog/product/m/2/m2_checkout-success-page-for-magento-2_2.png,Magento 2 Checkout Success Page,https://bsscommerce.com/magento-2-checkout-success-page-extension.html,Do you get bored with the current thank you page supported by default Magento which lacks information and aesthetics? Your customers’ purchase journey should be satisfied even after the order is already checked out! Explore Checkout Success Page Extension to know how to do it.
Magento 2 Checkout With Display Currency,$199.00,36  Reviews,https://bsscommerce.com/pub/media/catalog/product/c/h/checkout-with-display-currency_1.png,Magento 2 Checkout With Display Currency,https://bsscommerce.com/magento-2-checkout-with-display-currency-extension.html,"Improve checkout experience for customers shopping on multiple-store view websites by allowing them to pay with the display currency of the store view, not the base currency of the whole website."
Magento 2 Coming Soon & Maintenance Page,$59.00,32  Reviews,https://bsscommerce.com/pub/media/catalog/product/c/o/coming-soon-_-maintenance-page_3.png,Magento 2 Coming Soon & Maintenance Page,https://bsscommerce.com/magento-2-coming-soon-maintenance-page-extension.html,"DON’T show an uncommunicative Maintenance Page - customers feel annoyed and leave.
DON’T display a dull “Coming Soon.” None bothers waiting for your website to launch out.
DO use BSS Magento 2 Coming Soon & Maintenance Page extension."
Magento 2 Configurable Product Grid Table View,$119.00,42  Reviews,https://bsscommerce.com/pub/media/catalog/product/c/o/configurable-product-grid-table-view-for-magento-2.png,Magento 2 Configurable Product Grid Table View,https://bsscommerce.com/magento-2-configurable-product-grid-table-view-extension.html,Configurable Product Grid Table View for Magento 2 displays children products of configurable product in a neat table to allow customers to add multiple simple products to cart at once
Magento 2 Configurable Product Matrix View,$119.00,30  Reviews,https://bsscommerce.com/pub/media/catalog/product/c/o/configurable-product-matrix-view-for-magento-2.png,Magento 2 Configurable Product Matrix View,https://bsscommerce.com/magento-2-configurable-product-matrix-view-extension.html,Magento 2 Configurable Product Matrix View shows configurable product in a neat matrix form for faster ordering which is totally suitable for wholesalers.
Magento 2 Configurable Product Wholesale Display,$119.00,39  Reviews,https://bsscommerce.com/pub/media/catalog/product/c/o/configurable-product-wholesale-display-m2.png,Magento 2 Configurable Product Wholesale Display,https://bsscommerce.com/magento-2-configurable-product-wholesale-display-extension.html,Magento 2 Configurable Product Wholesale Display supports showing all associated products in a grid table view which allows wholesale customers to order and add all chosen items to cart at once.
Magento 2 Cookie Notice,FREE,9  Reviews,https://bsscommerce.com/pub/media/catalog/product/c/o/cookie-notice2.png,Magento 2 Cookie Notice,https://bsscommerce.com/magento-2-cookie-notice-extension.html,"According to Data Law, customers should be aware of your website’s cookies usage. This is how this extension works: Get cookies consent by customers!"
Magento 2 Countdown Timer,$59.00,34  Reviews,https://bsscommerce.com/pub/media/catalog/product/c/o/countdown-timer.png,Magento 2 Countdown Timer,https://bsscommerce.com/magento-2-countdown-timer-extension.html,"Scarcity boosts your sales crazily to the Mars!
Countdown Timer is the exactly perfect timer on sale off products and for event announcements that you've been seeking for."
Magento 2 Custom Option Absolute Price And Quantity,$99.00,34  Reviews,https://bsscommerce.com/pub/media/catalog/product/c/u/custom-option-absolute-price-and-quantity-m2.png,Magento 2 Custom Option Absolute Price And Quantity,https://bsscommerce.com/magento-2-custom-option-absolute-price-and-quantity-extension.html,Magento 2 Custom Option Absolute Price and Quantity extension overrides the limitation of Magento by adding absolute price and absolute quantity for the custom options. Let’s see the details in the following:
Magento 2 Custom Option Image,$89.00,37  Reviews,https://bsscommerce.com/pub/media/catalog/product/c/u/custom-option-image-m1.png,Magento 2 Custom Option Image,https://bsscommerce.com/magento-2-custom-option-image-extension.html,Make your customers give a “wow” for the attempt to enhance the shopping experience by adding images to custom options.
Magento 2 Custom Option Template,$79.00,33  Reviews,https://bsscommerce.com/pub/media/catalog/product/c/u/custom-option-template-m2.png,Magento 2 Custom Option Template,https://bsscommerce.com/magento-2-custom-option-template-extension.html,"Don’t waste your time anymore. Let’s try our Magento 2 Custom Option Template extension to easily set up any number of templates, and assign them to hundreds of products in a few steps. Check out features very fast in the following:"
Magento 2 Custom Options Package,Special Price $173.00    Regular Price $247.00,0  Reviews,https://bsscommerce.com/pub/media/catalog/product/c/u/custom_option_icon.png,Magento 2 Custom Options Package,https://bsscommerce.com/magento-2-custom-options-package.html,null
Magento 2 Custom Order Number,$99.00,37  Reviews,https://bsscommerce.com/pub/media/catalog/product/c/u/custom-order-number-m2.png,Magento 2 Custom Order Number,https://bsscommerce.com/magento-2-custom-order-number-extension.html,"Change your order numbers for the best convenience of sales management, customer management, and data security."
Magento 2 Custom Product Attribute Export,$0.00,3  Reviews,https://bsscommerce.com/pub/media/catalog/product/c/u/custom-product-attribute-export-for-magento-2.png,Magento 2 Custom Product Attribute Export,https://bsscommerce.com/magento-2-custom-product-attribute-export-extension.html,Custom Product Attribute Export for Magento 2 helps sorting custom attributes in separate columns in CSV file while exporting.
Magento 2 Custom Shipping Method,FREE,0  Reviews,https://bsscommerce.com/pub/media/catalog/product/i/c/icon9.png,Magento 2 Custom Shipping Method,https://bsscommerce.com/magento-2-custom-shipping-method-extension.html,A solution to add new Magento 2 shipping methods in a simple way
Magento 2 Customer Approval,$89.00,34  Reviews,https://bsscommerce.com/pub/media/catalog/product/c/u/customer-approval-m2.png,Magento 2 Customer Approval,https://bsscommerce.com/magento-2-customer-approval-extension.html,Better managing customers right from the first place will absolutely result in better performances and larger sales. Magento 2 Customer Approval is a must-have extension that gives the admin the ability to approve or reject new account registration as wanted.
Magento 2 Customer Attributes,$79.00,38  Reviews,https://bsscommerce.com/pub/media/catalog/product/c/u/customer-attribute.png,Magento 2 Customer Attributes,https://bsscommerce.com/magento-2-customer-attributes-extension.html,"Magento 2 Customer Attributes extension, or Magento 2 Custom Registration Fields extension - whatever you might call our solution, allows adding field to customer registration so that you will know your potential buyers from the very first place.
Features are more than “custom customer attribute.”"
Magento 2 Customers Also Bought/ Also Viewed,$79.00,33  Reviews,https://bsscommerce.com/pub/media/catalog/product/a/l/also-bought-also-viewed.png,Magento 2 Customers Also Bought/ Also Viewed,https://bsscommerce.com/magento-2-customers-also-bought-also-viewed-extension.html,"Thanks to real database recommendation system, Amazon has gained 29% sales increase to $12.83 billion during its second fiscal quarter of 2012, nothing but to learn how suasive an accurate recommendation system would directly connect to the way your sales soar.    
Through recommendation algorithm fetching from real purchase database and browsing history, Customers Also Bought/ Also Viewed will push your sales up high and bring you the same success as Amazon did. Your customers will have the most relevant suggestions which hit their demands strongly and motivate them to spend unstoppably on related, up-sell, and cross-sells."
Magento 2 Defer Javascript,$59.00,51  Reviews,https://bsscommerce.com/pub/media/catalog/product/d/e/defer-javascript_1.png,Magento 2 Defer Javascript,https://bsscommerce.com/magento-2-defer-javascript-extension.html,"Reduce loading time, improve store performance and customer shopping experience with Magento 2 Defer JavaScript!"
Magento 2 Delete Order,FREE,5  Reviews,https://bsscommerce.com/pub/media/catalog/product/d/e/delete-order-m2.png,Magento 2 Delete Order,https://bsscommerce.com/magento-2-delete-order-extension.html,"Magento 2 Delete Order Extension is an useful extension for all administrators to delete unwanted orders, invoices, shipments and credit memos from Order Grid in the Magento backend by some simple clicks."
Magento 2 Dependent Custom Options,$79.00,36  Reviews,https://bsscommerce.com/pub/media/catalog/product/d/e/dependent-custom-options.png,Magento 2 Dependent Custom Options,https://bsscommerce.com/magento-2-dependent-custom-options-extension.html,Are you struggling to find a solution to create customizable options dependence? Let try our Magento 2 Dependent Custom Options extension which is a simple but efficient tool by providing you the features below:
Magento 2 Disable Compare,FREE,3  Reviews,https://bsscommerce.com/pub/media/catalog/product/d/i/disable-compare.png,Magento 2 Disable Compare,https://bsscommerce.com/magento-2-disable-compare-extension.html,Magento 2 Disable Compare extension provides an absolutely simple and free solution for admin to disable compare functions without code interference.
Magento 2 Duplicate Category,$59.00,2  Reviews,https://bsscommerce.com/pub/media/catalog/product/d/u/duplicate-category.png,Magento 2 Duplicate Category,https://bsscommerce.com/magento-2-duplicate-category-extension.html,No need to create category again and again! Just simply click “Duplicate” and you can get a copied categories in the blink of an eye.
Magento 2 Duplicate Cms Page/Block,$59.00,34  Reviews,https://bsscommerce.com/pub/media/catalog/product/d/u/duplicate_cms_pageblock.png,Magento 2 Duplicate Cms Page/Block,https://bsscommerce.com/magento-2-duplicate-cms-page-block-extension.html,Do you feel desperate with repeating steps to create a new CMS page or Block? The issue becomes nightmares when you add a large number of pages/blocks to your site. So how to optimize this process? Explore this extension which allows you to:
Magento 2 Dynamic Html Sitemap,FREE,36  Reviews,https://bsscommerce.com/pub/media/catalog/product/d/y/dynamic-html-sitemap-m2.png,Magento 2 Dynamic Html Sitemap,https://bsscommerce.com/magento-2-dynamic-html-sitemap-extension.html,"Make your store more user-friendly, provide your store visitors a convenient overview of the website. At the same time help Search Engines crawl and index data better by spreading the necessary ranking power with internal cross-linking."
Magento 2 Facebook Pixel,FREE,1  Reviews,https://bsscommerce.com/pub/media/catalog/product/f/a/facebook-pixel.png,Magento 2 Facebook Pixel,https://bsscommerce.com/magento-2-facebook-pixel-extension.html,"Are your Facebook Ads working well?; How many users initiated the checkout without completing?; Which parts should you improve to increase conversion rate and sales?; etc. These are hard to know without a right tracking tool.
Here, we offer Magento 2 Facebook Pixel extension to:"
Magento 2 Faqs,$59.00,24  Reviews,https://bsscommerce.com/pub/media/catalog/product/f/a/faqs-m2.png,Magento 2 Faqs,https://bsscommerce.com/magento-2-faqs-extension.html,FAQs (Frequently-asked questions) is a popular demand of customers when shopping online. This extension would help store owners to display such FAQs fully and stunningly.
Magento 2 Force Login,$79.00,41  Reviews,https://bsscommerce.com/pub/media/catalog/product/f/o/force-login-m2_1.png,Magento 2 Force Login,https://bsscommerce.com/magento-2-force-login-extension.html,"“Sorry, you need log in to access this page!” - sounds a little annoying for visitors but you see it often when sticking around e-commerce sites.
It turns out an effective way for merchants to control over page access restriction. Explore Magento 2 Force Login extension to know why:"
Magento 2 Free Shipping Bar,$59.00,36  Reviews,https://bsscommerce.com/pub/media/catalog/product/m/2/m2_freeshippingbar2.png,Magento 2 Free Shipping Bar,https://bsscommerce.com/magento-2-free-shipping-bar-extension.html,Auto display value in cart and countdown amount until free delivery. No other more happy way to motivate orders to reach wanted spent levels!
Magento 2 Frequently Bought Together,$89.00,37  Reviews,https://bsscommerce.com/pub/media/catalog/product/f/r/frequently-bought-together_m2.png,Magento 2 Frequently Bought Together,https://bsscommerce.com/magento-2-frequently-bought-together-extension.html,Magento 2 Frequently Bought Together extension boosts up sales by suggesting frequently bought together products when customers are checking a particular item.
Magento 2 Frontend Cancel Order,$59.00,35  Reviews,https://bsscommerce.com/pub/media/catalog/product/f/r/frontend-cancel-order.png,Magento 2 Frontend Cancel Order,https://bsscommerce.com/magento-2-frontend-cancel-order-extension.html,Frontend Cancel Order for Magento 2 allows customers to cancel orders right from the frontend and then automatically send notification emails to admin about canceled orders
Magento 2 Gallery,$79.00,41  Reviews,https://bsscommerce.com/pub/media/catalog/product/m/a/magento-2-gallery-extension_2.png,Magento 2 Gallery,https://bsscommerce.com/magento-2-gallery-extension.html,"Perhaps it’s not the direct way to sell your products, but a smart and friendly way to sell them later! Explore this Magento 2 Image Gallery extension to know how."
Magento 2 GDPR Extension,$149.00,33  Reviews,https://bsscommerce.com/pub/media/catalog/product/g/d/gdpr-extension.png,Magento 2 GDPR Extension,https://bsscommerce.com/magento-2-gdpr-extension.html,Magento 2 GDPR extension provides necessary functions to help business easily comply with the General Data Protection Regulation in EU region.
Magento 2 Geoip Store Switcher,$99.00,38  Reviews,https://bsscommerce.com/pub/media/catalog/product/g/e/geoip-store-switcher-m2.png,Magento 2 Geoip Store Switcher,https://bsscommerce.com/magento-2-geoip-auto-switch-store-extension.html,"You are running a multinational business, but whether you know to optimize customer shopping experience when they come to your website? Customers live in France, but they have to shop in the US store view, is that matched? Magento 2 GeoIP Store Switcher will be your ideal solution in this case:"
Magento 2 Gift Card,$119.00,32  Reviews,https://bsscommerce.com/pub/media/catalog/product/m/a/magento_2_gift_card_icon.png,Magento 2 Gift Card,https://bsscommerce.com/magento-2-gift-card-extension.html,Magento 2 Gift Card extension allows store owners to create gift cards for customers to purchase and give their acquaintances as a present on special occasions.
Magento 2 Google Amp Extension,$119.00,41  Reviews,https://bsscommerce.com/pub/media/catalog/product/g/o/google-amp-extension-m2.png,Magento 2 Google Amp Extension,https://bsscommerce.com/magento-2-google-amp-extension.html,"Magento 2 AMP Extension helps to create and customize AMP (Accelerated Mobile Pages) for Magento 2 Homepage, Category Pages Product Pages and CMS Pages as your need."
Magento 2 Grouped Product With Custom Options,$119.00,40  Reviews,https://bsscommerce.com/pub/media/catalog/product/g/r/grouped-product-with-custom-options.png,Magento 2 Grouped Product With Custom Options,https://bsscommerce.com/magento-2-grouped-product-with-custom-options-extension.html,You want to sell a group of products with many options but Magento default doesn't support? Don’t worry as our Magento 2 Grouped Product with Custom Options extension will blow your problem away. Following these features below:
Magento 2 Guest to Customer,$59.00,35  Reviews,https://bsscommerce.com/pub/media/catalog/product/g/u/guest-to-customer.png,Magento 2 Guest to Customer,https://bsscommerce.com/magento-2-guest-to-customer-extension.html,"Do not interrupt checkout process by showing “please login/register first.” Instead, let customers checkout as guests. Our Magento 2 Guest to Checkout extension will help to convert them into registered accounts right after."
Magento 2 Hide Price/Call For Price,$119.00,42  Reviews,https://bsscommerce.com/pub/media/catalog/product/h/i/hide-price-call-240x240px.png,Magento 2 Hide Price/Call For Price,https://bsscommerce.com/magento-2-hide-price-call-for-price-extension.html,"Get straight to the point! You want to hide price and drive customers to call for price in several ways such as direct contact, login, or fill in the price request form, etc. The default totally fails to do so. Hence, we offer this Magento 2 Call for Price extension:"
Magento 2 Hide Price,$79.00,45  Reviews,https://bsscommerce.com/pub/media/catalog/product/h/i/hide-price.png,Magento 2 Hide Price,https://bsscommerce.com/magento-2-hide-price-extension.html,"Magento 2 Hide Price extension provides basic and easy-to-config features to hide price based off products, categories, and customer groups. What's more, the admin can replace Add to Cart with various call-to-action messages, say, ""Login/Contact for price."""
Magento 2 Import Export Categories,$79.00,33  Reviews,https://bsscommerce.com/pub/media/catalog/product/i/m/import-export-categories-m2_1.png,Magento 2 Import Export Categories,https://bsscommerce.com/magento-2-import-export-categories-extension.html,Magento 2 Import Export Categories extension allows admin to easily import and export multiple categories via a CSV file.
Magento 2 Import Export Cms Page,$79.00,2  Reviews,https://bsscommerce.com/pub/media/catalog/product/m/2/m2-import-export-cms-page.png,Magento 2 Import Export Cms Page,https://bsscommerce.com/magento-2-import-export-cms-page-extension.html,Simplifies admin work by allowing them to easily import and export a large number of CMS pages at once.
Magento 2 Import Export Extension Combo,Special Price $400.00    Regular Price $553.00,1  Reviews,https://bsscommerce.com/pub/media/catalog/product/i/c/icon-m2combo-import-export.png,Magento 2 Import Export Extension Combo,https://bsscommerce.com/magento-2-import-export-extension-combo.html,"Magento 2 Import Export extensions provide additional functions for every store to save working time and effort when you need to process a large number of items. This combo including 7 extensions will help you to import/export:  

Product reviews 
Product attributes 
URL Rewrites 
Categories 
CMS pages
Newsletter subscribers 
Wishlist items 

What's more, all mentioned items are imported/exported via a CSV file conveniently!
⇒ Don't miss your chance when saving up $100 with this combo!"
Magento 2 Import Export Newsletter Subscribers,$79.00,32  Reviews,https://bsscommerce.com/pub/media/catalog/product/i/m/import-export-newsletter-subscribers-m2.png,Magento 2 Import Export Newsletter Subscribers,https://bsscommerce.com/magento-2-import-export-newsletter-subscribers-extension.html,"You desire to move newsletter subscribers from the old site to another one, but default Magento 2 doesn’t support any function to perform this movement quickly and conveniently. Don’t worry anymore! We have this particular extension to meet your demand to:"
Magento 2 Import Export Product Attributes,$79.00,18  Reviews,https://bsscommerce.com/pub/media/catalog/product/m/2/m2-import-export-product-attribute.png,Magento 2 Import Export Product Attributes,https://bsscommerce.com/magento-2-import-export-product-attributes-extension.html,Magento 2 Import Export Product Attributes extension allows admin to quickly import and export bulk product attributes via a CSV file by one click.
Magento 2 Import Export Product Reviews,$79.00,14  Reviews,https://bsscommerce.com/pub/media/catalog/product/m/2/m2-import-export-product-reviews.png,Magento 2 Import Export Product Reviews,https://bsscommerce.com/magento-2-import-export-product-reviews-extension.html,Import and export multiple product reviews via a CSV file with 1 click!
Magento 2 Import Export Url Rewrites,$79.00,37  Reviews,https://bsscommerce.com/pub/media/catalog/product/m/2/m2-import-export-url-rewrites.png,Magento 2 Import Export Url Rewrites,https://bsscommerce.com/magento-2-import-export-url-rewrites-extension.html,Admins just take some minutes to import and export URL rewrites data via a CSV file right from the Magento 2 backend.
Magento 2 Import Export Wishlist Item,$79.00,3  Reviews,https://bsscommerce.com/pub/media/catalog/product/m/2/m2-import-export-wishlist-item.png,Magento 2 Import Export Wishlist Item,https://bsscommerce.com/magento-2-import-export-wishlist-item-extension.html,Import multiple products to the wishlist via a CSV file and also to export wishlist items at one time.
Magento 2 Improved Admin Product Grid,Special Price $166.00    Regular Price $237.00,0  Reviews,https://bsscommerce.com/pub/media/catalog/product/i/m/improvedadminproductgrid.png,Magento 2 Improved Admin Product Grid,https://bsscommerce.com/magento-2-improved-admin-product-grid.html,null
Magento 2 Improved Configurable Products,null,1  Reviews,https://bsscommerce.com/pub/media/catalog/product/v/i/view_2.png,Magento 2 Improved Configurable Products,https://bsscommerce.com/magento-2-improved-configurable-products-extension.html,null
Magento 2 Improved Product Sorting,$59.00,1  Reviews,https://bsscommerce.com/pub/media/catalog/product/i/m/improved-product-sorting-m2_1.png,Magento 2 Improved Product Sorting,https://bsscommerce.com/magento-2-improved-product-sorting-extension.html,"Supply customers 8 new commercial attributes to sort the catalog by discount, newest, recent ordered, etc. to hit exactly the buyers’ demands and push sales as well as promotional items to the max level.  Very much sales oriented sorting tool!"
Magento 2 Infinite Scroll,$59.00,39  Reviews,https://bsscommerce.com/pub/media/catalog/product/i/n/infinite-scroll.png,Magento 2 Infinite Scroll,https://bsscommerce.com/magento-2-infinite-scroll-extension.html,"Magento 2 Infinite Scroll Extension supports loading product list infinitely by Ajax Scroll in Magento 2, combined with Load More button, Back to Top button and lazy image loading"
Magento 2 Inventory Report,$59.00,33  Reviews,https://bsscommerce.com/pub/media/catalog/product/m/2/m2-inventory-report.png,Magento 2 Inventory Report,https://bsscommerce.com/magento-2-inventory-report-extension.html,"Magento 2 Inventory Report extension tracks all the changes in the stock of products. Using this module, you will get a detailed inventory report and can check product quantity quickly."
Magento 2 Layered Navigation,$59.00,33  Reviews,https://bsscommerce.com/pub/media/catalog/product/l/a/layered-navigation-m2_1.png,Magento 2 Layered Navigation,https://bsscommerce.com/magento-2-layered-navigation-extension.html,Magento 2 Layered Navigation Multi Select Extension with Ajax Filter creates a smart product filter to help your customers find their desired items easily.
Magento 2 Lazy Load,FREE,38  Reviews,https://bsscommerce.com/pub/media/catalog/product/l/a/lazy-load-m2.png,Magento 2 Lazy Load,https://bsscommerce.com/magento-2-lazy-load-extension.html,Magento 2 Lazy Load Product Image extension allows loading product images when scrolling down the pages to reduce loading time for better performance.
Magento 2 Login As Customer,FREE,2  Reviews,https://bsscommerce.com/pub/media/catalog/product/l/o/login-as-customer-m2.png,Magento 2 Login As Customer,https://bsscommerce.com/magento-2-login-as-customer-extension.html,"Install Magento 2 Login as Customer now!
No request for username or password, no time-consuming ask, and answer, now you can login to your Magento store as your customers to detect their shopping problem. Or make use of Magento Login as Customer (as known as advanced Magento 2 Admin Login extension) to see and optimize the buyers’ purchase experience on your website!"
Magento 2 Marketing Combo,null,0  Reviews,https://bsscommerce.com/pub/media/catalog/product/i/m/image-product_2.png,Magento 2 Marketing Combo,https://bsscommerce.com/magento-2-marketing-combo.html,null
Magento 2 Mega Menu,FREE,36  Reviews,https://bsscommerce.com/pub/media/catalog/product/m/e/mega-menu.png,Magento 2 Mega Menu,https://bsscommerce.com/magento-2-mega-menu-extension.html,Magento 2 Mega Menu Extension allows admin to design menu for better website navigation.
Magento 2 Meta Tags Template,$79.00,38  Reviews,https://bsscommerce.com/pub/media/catalog/product/m/e/meta-tags-template.png,Magento 2 Meta Tags Template,https://bsscommerce.com/magento-2-meta-tags-template-extension.html,"Auto-adding meta description, meta title, meta keywords and description for products and categories in Magento 2 by customizing meta tags template."
Magento 2 Migration Service,null,0  Reviews,https://bsscommerce.com/pub/media/catalog/product/m/i/migration.png,Magento 2 Migration Service,https://bsscommerce.com/magento-2-migration.html,null
Magento 2 Min/Max Order Quantity Per Category,$99.00,34  Reviews,https://bsscommerce.com/pub/media/catalog/product/m/i/minmax-order-quantity-per-category-m2.png,Magento 2 Min/Max Order Quantity Per Category,https://bsscommerce.com/magento-2-minimum-maximum-order-quantity-per-category-extension.html,"The default only allows setting min/max quantity allowed in shopping cart at the product level. Yet, for good reasons, the admin wants to set it for specific categories.
How? - Use Magento 2 Min/Max Order Quantity per Category extension!"
Magento 2 Minimum Order Amount For Customer Group,$35.00,37  Reviews,https://bsscommerce.com/pub/media/catalog/product/m/i/minimum-order-amount-for-customer-group-m2.png,Magento 2 Minimum Order Amount For Customer Group,https://bsscommerce.com/magento-2-minimum-order-amount-for-customer-group-extension.html,Magento 2 Minimum Order Amount (*) for Customer Group extension - The name reveals how it works. Strongly recommended for wholesale sellers.
Magento 2 Minimum Order Quantity,FREE,2  Reviews,https://bsscommerce.com/pub/media/catalog/product/m/i/minimum-order-quantity.png,Magento 2 Minimum Order Quantity,https://bsscommerce.com/magento-2-minimum-order-quantity-extension.html,"Minimum Order Quantity (MOQ) is not a new term, especially for wholesalers. Magento “seems” to know that. However, instead of setting a minimum quantity for total order, the sellers can only set a minimum/maximum quantity for the specific product.
It is not the concept of MOQ. BSS Minimum Order Quantity for Magento 2 extension is!"
Magento 2 Minimum Quantity Of Configurable Product,$99.00,35  Reviews,https://bsscommerce.com/pub/media/catalog/product/m/2/m2-minimum-quantity-of-configurable-product.png,Magento 2 Minimum Quantity Of Configurable Product,https://bsscommerce.com/magento-2-minimum-quantity-of-configurable-product-extension.html,Magento 2 Minimum Quantity of Configurable Product Extension allows admin to set minimum quantity of configurable products as the compulsory condition when customers go to checkout.
Magento 2 Module Creation & Customization,null,0  Reviews,https://bsscommerce.com/pub/media/catalog/product/m/o/module_creation_customization.png,Magento 2 Module Creation & Customization,https://bsscommerce.com/magento-2-module-creation-customization.html,null
Magento 2 Multiple Store View Pricing,$199.00,56  Reviews,https://bsscommerce.com/pub/media/catalog/product/m/u/multiple-store-view-pricing-m2.png,Magento 2 Multiple Store View Pricing,https://bsscommerce.com/magento-2-multiple-store-view-pricing-extension.html,Multiple Store View Pricing for Magento 2 allows administrators to set up different prices for same product on each store view of Magento store and supports setting up base currency per store view easily.
Magento 2 Multiple Store View Solution,null,0  Reviews,https://bsscommerce.com/pub/media/catalog/product/m/2/m2-multiple-store-view-solutions-icon2_1_1.png,Magento 2 Multiple Store View Solution,https://bsscommerce.com/magento-2-multiple-store-view-solution.html,null
Magento 2 Multiple Store Views Combo,Special Price $238.00    Regular Price $298.00,1  Reviews,https://bsscommerce.com/pub/media/catalog/product/m/2/m2-multiple-store-view-solutions-icon2_1.png,Magento 2 Multiple Store Views Combo,https://bsscommerce.com/magento-2-multiple-store-views-hot-combo.html,We are proud to be one of the masters in providing the best Multiple view solution for Magento users. This SUPER HOT combo including Magento 2 GEO IP extension and Multiple Store View Pricing extension is aimed at optimizing your business efficiency in case you target the global market by:
Magento 2 Multiple Wishlists,$89.00,47  Reviews,https://bsscommerce.com/pub/media/catalog/product/m/u/multiple-wishlists-m2.png,Magento 2 Multiple Wishlists,https://bsscommerce.com/magento-2-multiple-wishlists-extension.html,"Magento 2 Multiple Wishlists extension is to blow away limitations of the default “Add to Wishlist” function by supporting unlimited wishlists.
Shoppers freely organize their favorite products into multiple lists depending on interest or demand. 
To be more specific, they can:"
Magento 2 One Step Checkout,Special Price $99.00    Regular Price $149.00,49  Reviews,https://bsscommerce.com/pub/media/catalog/product/o/n/one-step-checkout-extension-m2.png,Magento 2 One Step Checkout,https://bsscommerce.com/magento-2-one-step-checkout-extension.html,Magento 2 One Step Checkout or One-click Checkout - Whatever you might call this extension!
Magento 2 Order Delivery Date,$59.00,41  Reviews,https://bsscommerce.com/pub/media/catalog/product/m/2/m2-order-delivery-date.png,Magento 2 Order Delivery Date,https://bsscommerce.com/magento-2-order-delivery-date-extension.html,"Included in Magento 2 Checkout Suite 
83.5% of U.S shoppers would not re-purchase after a poor delivery experience, among which TIME is the most annoying and frequent issue. Say, the shipment might drop onto an unexpected date.
Hence, every merchant needs Magento 2 Order Delivery Date extension:"
Magento 2 Order Details On Success Page,Special Price FREE    Regular Price $39.00,3  Reviews,https://bsscommerce.com/pub/media/catalog/product/o/r/order-details-on-success-page-m2.png,Magento 2 Order Details On Success Page,https://bsscommerce.com/magento-2-order-details-on-success-page-extension.html,Magento 2 Order Details on Success Page extension shows all order information on the Thank you page after finishing checkout.
Magento 2 Out Of Stock Notification,$99.00,39  Reviews,https://bsscommerce.com/pub/media/catalog/product/o/u/out-of-stock-notification-m2.png,Magento 2 Out Of Stock Notification,https://bsscommerce.com/magento-2-out-of-stock-notification-extension.html,Out of Stock Notification extension automatically sends notification email to the list of customer signed up for out of stock notification when product is back to stock.
Magento 2 Popup,$99.00,45  Reviews,https://bsscommerce.com/pub/media/catalog/product/p/o/popup_1.png,Magento 2 Popup,https://bsscommerce.com/magento-2-popup-extension.html,Own this charming extension to create stunning Popup for your sites!
Magento 2 Pre Order,$79.00,31  Reviews,https://bsscommerce.com/pub/media/catalog/product/p/r/pre-order.png,Magento 2 Pre Order,https://bsscommerce.com/magento-2-pre-order-extension.html,Magento 2 Pre-Order extension allows ordering products which are out of stock or upcoming in advance.
Magento 2 Pre-Select Shipping/Payment,FREE,2  Reviews,https://bsscommerce.com/pub/media/catalog/product/p/r/pre-select-shippingpayment.png,Magento 2 Pre-Select Shipping/Payment,https://bsscommerce.com/magento-2-preselect-shipping-payment-extension.html,Magento 2 Pre-select Shipping/Payment FREE extension  speeds up customer checkout process by pre-selecting the shipping and payment methods.
Magento 2 Previous/Next Product Page,$79.00,37  Reviews,https://bsscommerce.com/pub/media/catalog/product/p/r/previous-next-product-page-m2.png,Magento 2 Previous/Next Product Page,https://bsscommerce.com/magento-2-previous-next-product-page-extension.html,Magento 2 Previous Next Product Page extension supports customers to browse previous and next products within the same category conveniently.
Magento 2 Product Attachments,$79.00,36  Reviews,https://bsscommerce.com/pub/media/catalog/product/p/r/product-attachments-m2.png,Magento 2 Product Attachments,https://bsscommerce.com/magento-2-product-attachments-extension.html,"Save 50% now with our Magento 2 Product Attachments extension. With a competitive price, you will still receive an extremely useful extension with outstanding features below:"
Magento 2 Product Custom Tabs,$79.00,34  Reviews,https://bsscommerce.com/pub/media/catalog/product/m/2/m2-product-custom-tabs.png,Magento 2 Product Custom Tabs,https://bsscommerce.com/magento-2-product-custom-tabs-extension.html,Your headache relief is here! Magento 2 Product Custom Tab extension allows you to:
Magento 2 Product Grid Inline Editor,$99.00,33  Reviews,https://bsscommerce.com/pub/media/catalog/product/p/r/product-grid-inline-editor-m2.png,Magento 2 Product Grid Inline Editor,https://bsscommerce.com/magento-2-product-grid-inline-editor-extension.html,"Help store owners to modify product information right in the grid more conveniently, take fewer steps and less time than ever."
Magento 2 Product Images By Customer,FREE,6  Reviews,https://bsscommerce.com/pub/media/catalog/product/p/r/product-images-by-customer_1.png,Magento 2 Product Images By Customer,https://bsscommerce.com/magento-2-product-images-by-customer-extension.html,“Product images provided by shop owners are not enough for me when I consider making an online purchase!”. Explore this extension to give your customers a chance to experience what actual products look like and decide to place an order without hesitance.
Magento 2 Product Label,$59.00,39  Reviews,https://bsscommerce.com/pub/media/catalog/product/p/r/product-label-m2_1.png,Magento 2 Product Label,https://bsscommerce.com/magento-2-product-label-extension.html,Grow sales faster with the same resources and time. Magento 2 Product Label extension enables you to place labels on the product images and evenly highlight featured products and special offers.
Magento 2 Product Questions,$99.00,9  Reviews,https://bsscommerce.com/pub/media/catalog/product/p/r/product-questions_m2_2.png,Magento 2 Product Questions,https://bsscommerce.com/magento-2-product-questions-extension.html,Not all customers know deeply about your products! This Magento 2 Question extension is a chance for you to figure out all your customers’ concerns about the product and solve them immediately.
Magento 2 Product Tags,$59.00,7  Reviews,https://bsscommerce.com/pub/media/catalog/product/p/r/product_tags-new.png,Magento 2 Product Tags,https://bsscommerce.com/magento-2-product-tags-extension.html,"“Missing function in Magento 2: product tag” - A lot of customers have requested us to bring this function from Magento 1 to Magento 2. That’s why we have decided to develop this extension. You can miss a huge opportunity to keep customers stay longer and make purchase if there are no product tags on your store.
Have used or Haven’t used product tags before ⇒ Check out the following!"
Magento 2 Product Widget Slider,FREE,1  Reviews,https://bsscommerce.com/pub/media/catalog/product/p/r/products-widget-slider-m2.png,Magento 2 Product Widget Slider,https://bsscommerce.com/magento-2-products-widget-slider-extension.html,Magento 2 Products Widget Slider extension attracts customers’ attention by showing off profitable and hot products in your store by a slider.
Magento 2 Promotion Bar,$79.00,38  Reviews,https://bsscommerce.com/pub/media/catalog/product/i/c/icon.png,Magento 2 Promotion Bar,https://bsscommerce.com/magento-2-promotion-bar-extension.html,"90% Ecommerce stores are facing with difficulties in creating impressive promotion and notification bars which are attractive enough to capture the customers’ attention, advertise new products and announce them important news or updates. With Magento 2 Promotion Bar extension, creating and customizing the promo bars or banners never come that easy with its nearly perfect features:"
Magento 2 Push Notification,$99.00,35  Reviews,https://bsscommerce.com/pub/media/catalog/product/p/u/push_notifications_1.png,Magento 2 Push Notification,https://bsscommerce.com/magento-2-push-notification-extension.html,Push Notifications extension provides a quick and effective way to notify customers directly through their browsers.
Magento 2 Quantity Dropdown,$59.00,36  Reviews,https://bsscommerce.com/pub/media/catalog/product/q/u/quantity-dropdown.png,Magento 2 Quantity Dropdown,https://bsscommerce.com/magento-2-quantity-dropdown-extension.html,Sell ​​more products with Magento 2 Quantity Dropdown extension that helps you to change the input quantity box into the dropdown list and force customers to buy a fixed quantity as wish. Check out features very fast in the following:
Magento 2 Quick View,FREE,10  Reviews,https://bsscommerce.com/pub/media/catalog/product/q/u/quick-view.png,Magento 2 Quick View,https://bsscommerce.com/magento-2-quick-view-extension.html,Magento 2 Quick View extension allows customers to conveniently view products in Quick View pop-up without leaving current page.
Magento 2 Refund Request By Customer,FREE,2  Reviews,https://bsscommerce.com/pub/media/catalog/product/r/e/refund-request-by-customer-m2.png,Magento 2 Refund Request By Customer,https://bsscommerce.com/magento-2-refund-request-by-customer-extension.html,Magento 2 Refund Request by Customer extension allows customers to submit a refund request on the Customer Account Page.
Magento 2 Reindex From Backend,Special Price $0.00    Regular Price $35.00,3  Reviews,https://bsscommerce.com/pub/media/catalog/product/r/e/reindex-from-backend.png,Magento 2 Reindex From Backend,https://bsscommerce.com/magento-2-reindex-from-backend-extension.html,Reindex from Backend for Magento 2 allows admin to reindex data from backend at any time without the help from a developer.
Magento 2 Reorder Product List,$119.00,36  Reviews,https://bsscommerce.com/pub/media/catalog/product/r/e/reorder-product-list-_1.png,Magento 2 Reorder Product List,https://bsscommerce.com/magento-2-reorder-product-list-extension.html,"Magento 2 does support reordering, but definitely not the function your B2B customers look for. If you search Magento 2 Reorder extension and get here, you all agree - Right?
So here what they expect:"
Magento 2 Request For Quote,$199.00,3  Reviews,https://bsscommerce.com/pub/media/catalog/product/r/e/request-for-quote.png,Magento 2 Request For Quote,https://bsscommerce.com/magento-2-request-for-quote-extension.html,"Magento 2 Quote extension is for B2B business, to fasten the quote request process and quote management."
Magento 2 Review Reminder,$79.00,33  Reviews,https://bsscommerce.com/pub/media/catalog/product/r/e/review-reminder.png,Magento 2 Review Reminder,https://bsscommerce.com/magento-2-review-reminder-extension.html,Magento 2 Review Reminder extension provides a handy tool to remind customers to share product comments by automatically sending them review reminder emails.
Magento 2 Reward Points,Special Price $149.00    Regular Price $199.00,16  Reviews,https://bsscommerce.com/pub/media/catalog/product/i/c/icon_m2_reward_point.png,Magento 2 Reward Points,https://bsscommerce.com/magento-2-reward-points-extension.html,More loyalty means more sales! Don't miss out Magento 2 Reward Points extension to build an efficient Magento 2 loyalty program to win the money. Reach out to:
Magento 2 Rich Snippets,$79.00,36  Reviews,https://bsscommerce.com/pub/media/catalog/product/r/i/rich-snippets-m2.png,Magento 2 Rich Snippets,https://bsscommerce.com/magento-2-rich-snippets-extension.html,"Magento 2 Rich Snippets add Rich Snippets, breadcrumbs, rating, price, review… for products and other information of your Magento 2 store in search result pages."
Magento 2 Sales Motivation Package,Special Price $680.00    Regular Price $969.00,1  Reviews,https://bsscommerce.com/pub/media/catalog/product/s/a/sale_motivation.png,Magento 2 Sales Motivation Package,https://bsscommerce.com/magento-2-sale-motivation-package.html,Want to rocket your sales but don't know HOW? Magento 2 Sales Motivation package will help you!!
Magento 2 Seo Extension,$119.00,43  Reviews,https://bsscommerce.com/pub/media/catalog/product/s/e/seo-extension.png,Magento 2 Seo Extension,https://bsscommerce.com/magento-2-seo-extension.html,Magento 2 SEO Extension is the comprehensive Magento 2 SEO solution to boost your ranking and increase traffic.
Magento 2 Shipping And Payment Method Per Customer Group,Special Price $79.00    Regular Price $99.00,44  Reviews,https://bsscommerce.com/pub/media/catalog/product/s/h/shipping-and-payment-method-per-customer-group-m2.png,Magento 2 Shipping And Payment Method Per Customer Group,https://bsscommerce.com/magento-2-shipping-and-payment-method-per-customer-group-extension.html,The backbone of Magento 2 Shipping and Payment Method per Customer Group extension is to improve the checkout and admin management when it comes to shipping and payment options. Features are effective and easy to configure:
Magento 2 Shopping Cart Price Rule Per Store View,$99.00,37  Reviews,https://bsscommerce.com/pub/media/catalog/product/s/h/shopping-cart-price-rule-per-store-view-m2_1.png,Magento 2 Shopping Cart Price Rule Per Store View,https://bsscommerce.com/magento-2-shopping-cart-price-rule-per-store-view-extension.html,Setup Magento 2 cart price rules for each store view to offer different promotions for customers from various markets.
Magento 2 Simple Details On Configurable Product,$129.00,18  Reviews,https://bsscommerce.com/pub/media/catalog/product/s/i/simple-details-on-configurable-product_1.png,Magento 2 Simple Details On Configurable Product,https://bsscommerce.com/magento-2-simple-details-on-configurable-product-extension.html,Improve configurable products in Magento 2. Outstanding features:
Magento 2 Simple Details On Grouped Product,$119.00,36  Reviews,https://bsscommerce.com/pub/media/catalog/product/s/i/simple-details-on-grouped-product.png,Magento 2 Simple Details On Grouped Product,https://bsscommerce.com/magento-2-simple-details-on-grouped-product-extension.html,Magento 2 Simple Details on Grouped Product extension shows attributes of simple products as list/grid view on the grouped product page.
Magento 2 Size Chart,$59.00,37  Reviews,https://bsscommerce.com/pub/media/catalog/product/s/i/size-chart_1.png,Magento 2 Size Chart,https://bsscommerce.com/magento-2-size-chart-extension.html,"For wearable items, sizing problem is one of the top reasons why customers don't buy your items or return them. This issue makes you - an online store owner very worried. But from now, cheer up because you have Magento 2 size chart extension that will bring you the perfect features below:"
Magento 2 Social Login,FREE,6  Reviews,https://bsscommerce.com/pub/media/catalog/product/s/o/social-login-m2.png,Magento 2 Social Login,https://bsscommerce.com/magento-2-social-login-extension.html,"Magento 2 Social Login extension allows customer to log in Magento site through social media accounts like Facebook, Twitter, Google Plus…"
Magento 2 Speed-Up Consulting Package,$100.00,0  Reviews,https://bsscommerce.com/pub/media/catalog/product/s/p/speed-up.png,Magento 2 Speed-Up Consulting Package,https://bsscommerce.com/magento-2-speed-up-consulting-package.html,null
Magento 2 Store Credit,$119.00,28  Reviews,https://bsscommerce.com/pub/media/catalog/product/s/t/store-credit.png,Magento 2 Store Credit,https://bsscommerce.com/magento-2-store-credit-extension.html,"For some reasons, customers ask for refund, get their money back, and even turn away forever. Merchants, on the other hand, feel daunting at sending back money earned. Say goodbye to such the situation, as you have Magento 2 Store Credit extension."
Magento 2 Storeview Flags,FREE,2  Reviews,https://bsscommerce.com/pub/media/catalog/product/s/t/storeview-flag-m2_1.png,Magento 2 Storeview Flags,https://bsscommerce.com/magento-2-storeview-flags-extension.html,"Do you find the default dropdown menu of store views in your website so boring? The global current trend of Ecommerce sites is using flags to symbolize for/enclose with store views, representing modernity, and convenience.  
It’s time to change the faces of your store views now!"
Magento 2 Tax Per Store View,$99.00,34  Reviews,https://bsscommerce.com/pub/media/catalog/product/t/a/tax-per-store-view-m2.png,Magento 2 Tax Per Store View,https://bsscommerce.com/magento-2-tax-per-store-view-extension.html,Magento 2 Tax per Store View extension allows admin to charge specific taxes for the same product per store view.
Magento 2 Web Development,null,0  Reviews,https://bsscommerce.com/pub/media/catalog/product/v/i/view_4_.png,Magento 2 Web Development,https://bsscommerce.com/magento-2-web-development.html,null
Magento 2 Web Testing On-Demand,FREE,0  Reviews,https://bsscommerce.com/pub/media/catalog/product/w/e/website-testing.png,Magento 2 Web Testing On-Demand,https://bsscommerce.com/magento-2-web-testing-on-demand.html,null
Magento 2 Wholesale Fast Order,Special Price $119.00    Regular Price $159.00,39  Reviews,https://bsscommerce.com/pub/media/catalog/product/w/h/wholesale-fast-order-m2.png,Magento 2 Wholesale Fast Order,https://bsscommerce.com/magento-2-wholesale-fast-order-extension.html,"Magento 2 Fast Order extension becomes “Faster” with new updates in features.
You already know right?
B2B customers do not spend much time browsing all over your website. They already have their desired product names/SKUs in mind. Hence, they require the fastest way to search and add those products to the cart, for example, via a quick order form.
Of all Magento 2 Quick Order by SKU extensions available in the market, BSS Commerce Wholesale Fast Order is the richest in features.
Scroll down to know more …"
Magento 2 Xml Sitemap,$119.00,36  Reviews,https://bsscommerce.com/pub/media/catalog/product/x/m/xml-sitemap.png,Magento 2 Xml Sitemap,https://bsscommerce.com/magento-2-xml-sitemap-extension.html,Magento 2 XML Sitemap extension generates and splits XML sitemap for Magento 2 store to boost up crawling by search engines.
Magento 2 Code Audit Package,$100.00,0  Reviews,https://bsscommerce.com/pub/media/catalog/product/v/i/view.png,Magento 2 Code Audit Package,https://bsscommerce.com/magento-code-audit.html,Magento 2 B2B extensions help store owners to build a better wholesale business in many aspects such as improving purchase process or customer management and so on.
Magento 2 Web Design,null,0  Reviews,https://bsscommerce.com/pub/media/catalog/product/i/c/icon-web-design.png,Magento 2 Web Design,https://bsscommerce.com/magento-web-design.html,null
Magento 2 Website Maintenance,null,0  Reviews,https://bsscommerce.com/pub/media/catalog/product/w/e/web-maintenance-m2.png,Magento 2 Website Maintenance,https://bsscommerce.com/magento-web-maintenance.html,null
