﻿web-scraper-order,web-scraper-start-url,price,descr
"1588076230-128","https://bsscommerce.com/magento-2-auto-cancel-order-extension.html","$79.00","Magento 2 Auto Cancel Order extension allows canceling pending and pending payment order automatically"
"1588076153-115","https://bsscommerce.com/magento-2-configurable-product-grid-table-view-extension.html","$119.00","Configurable Product Grid Table View for Magento 2 displays children products of configurable product in a neat table to allow customers to add multiple simple products to cart at once"
"1588075886-64","https://bsscommerce.com/magento-2-module-creation-customization.html","null","null"
"1588076088-102","https://bsscommerce.com/magento-2-add-multiple-products-to-cart-extension.html","$119.00","Add Multiple Products To Cart for Magento 2 extension allows customers to add multiple products to cart at once without visiting product pages separately. This Magento 2 Add Multiple Products to Cart feature can be applied for various product list pages (category page and search page) or can be added to cms pages using widget."
"1588076335-148","https://bsscommerce.com/magento-2-admin-action-log-extension.html","$99.00","Always keep your backend stay in control when the whole admin activities are clearly logged in a specific section for better tracking and management."
"1588076150-114","https://bsscommerce.com/magento-2-auto-invoice-extension.html","$59.00","Magento 2 Auto Invoice Extension speeds up Magento payment process by generating invoice and shipment automatically."
"1588076460-172","https://bsscommerce.com/magento-2-product-custom-tabs-extension.html","$79.00","Your headache relief is here! Magento 2 Product Custom Tab extension allows you to:"
"1588075960-78","https://bsscommerce.com/magento-2-anz-egate-payment-gateway-extension.html","$79.00","Magento 2 ANZ eGate Payment Gateway extension integrates ANZ eGate payment gateway into Magento 2 in order to process credit card on sites via the Internet."
"1588075924-71","https://bsscommerce.com/magento-web-design.html","null","null"
"1588076092-103","https://bsscommerce.com/magento-2-hide-price-call-for-price-extension.html","$119.00","Get straight to the point! You want to hide price and drive customers to call for price in several ways such as direct contact, login, or fill in the price request form, etc. The default totally fails to do so. Hence, we offer this Magento 2 Call for Price extension:"
"1588075917-70","https://bsscommerce.com/magento-2-web-testing-on-demand.html","FREE","null"
"1588075815-50","https://bsscommerce.com/magento-2-checkout-with-display-currency-extension.html","$199.00","Improve checkout experience for customers shopping on multiple-store view websites by allowing them to pay with the display currency of the store view, not the base currency of the whole website."
"1588076412-162","https://bsscommerce.com/magento-2-product-tags-extension.html","$59.00","“Missing function in Magento 2: product tag” - A lot of customers have requested us to bring this function from Magento 1 to Magento 2. That’s why we have decided to develop this extension. You can miss a huge opportunity to keep customers stay longer and make purchase if there are no product tags on your store.
Have used or Haven’t used product tags before ⇒ Check out the following!"
"1588076426-165","https://bsscommerce.com/magento-2-import-export-cms-page-extension.html","$79.00","Simplifies admin work by allowing them to easily import and export a large number of CMS pages at once."
"1588075854-58","https://bsscommerce.com/magento-2-multiple-store-views-hot-combo.html","Special Price $238.00    Regular Price $298.00","We are proud to be one of the masters in providing the best Multiple view solution for Magento users. This SUPER HOT combo including Magento 2 GEO IP extension and Multiple Store View Pricing extension is aimed at optimizing your business efficiency in case you target the global market by:"
"1588076076-100","https://bsscommerce.com/magento-2-minimum-order-quantity-extension.html","FREE","Minimum Order Quantity (MOQ) is not a new term, especially for wholesalers. Magento “seems” to know that. However, instead of setting a minimum quantity for total order, the sellers can only set a minimum/maximum quantity for the specific product.
It is not the concept of MOQ. BSS Minimum Order Quantity for Magento 2 extension is!"
"1588076389-158","https://bsscommerce.com/magento-2-push-notification-extension.html","$99.00","Push Notifications extension provides a quick and effective way to notify customers directly through their browsers."
"1588076117-108","https://bsscommerce.com/magento-2-gallery-extension.html","$79.00","Perhaps it’s not the direct way to sell your products, but a smart and friendly way to sell them later! Explore this Magento 2 Image Gallery extension to know how."
"1588076351-151","https://bsscommerce.com/magento-2-inventory-report-extension.html","$59.00","Magento 2 Inventory Report extension tracks all the changes in the stock of products. Using this module, you will get a detailed inventory report and can check product quantity quickly."
"1588075950-76","https://bsscommerce.com/magento-2-disable-compare-extension.html","FREE","Magento 2 Disable Compare extension provides an absolutely simple and free solution for admin to disable compare functions without code interference."
"1588076193-122","https://bsscommerce.com/magento-2-minimum-quantity-of-configurable-product-extension.html","$99.00","Magento 2 Minimum Quantity of Configurable Product Extension allows admin to set minimum quantity of configurable products as the compulsory condition when customers go to checkout."
"1588075819-51","https://bsscommerce.com/magento-2-duplicate-category-extension.html","$59.00","No need to create category again and again! Just simply click “Duplicate” and you can get a copied categories in the blink of an eye."
"1588076405-161","https://bsscommerce.com/magento-2-review-reminder-extension.html","$79.00","Magento 2 Review Reminder extension provides a handy tool to remind customers to share product comments by automatically sending them review reminder emails."
"1588076163-117","https://bsscommerce.com/magento-2-lazy-load-extension.html","FREE","Magento 2 Lazy Load Product Image extension allows loading product images when scrolling down the pages to reduce loading time for better performance."
"1588075954-77","https://bsscommerce.com/magento-2-custom-product-attribute-export-extension.html","$0.00","Custom Product Attribute Export for Magento 2 helps sorting custom attributes in separate columns in CSV file while exporting."
"1588076225-127","https://bsscommerce.com/magento-2-product-label-extension.html","$59.00","Grow sales faster with the same resources and time. Magento 2 Product Label extension enables you to place labels on the product images and evenly highlight featured products and special offers."
"1588076372-155","https://bsscommerce.com/magento-2-admin-email-notification-extension.html","$79.00","Magento 2 Admin Email Notification extension helps administrators actively manage activities in the website by instantly sending notification emails to admins when there are some important events recorded."
"1588076035-92","https://bsscommerce.com/magento-2-cookie-notice-extension.html","FREE","According to Data Law, customers should be aware of your website’s cookies usage. This is how this extension works: Get cookies consent by customers!"
"1588076306-142","https://bsscommerce.com/magento-2-tax-per-store-view-extension.html","$99.00","Magento 2 Tax per Store View extension allows admin to charge specific taxes for the same product per store view."
"1588076030-91","https://bsscommerce.com/magento-2-reorder-product-list-extension.html","$119.00","Magento 2 does support reordering, but definitely not the function your B2B customers look for. If you search Magento 2 Reorder extension and get here, you all agree - Right?
So here what they expect:"
"1588076083-101","https://bsscommerce.com/magento-2-grouped-product-with-custom-options-extension.html","$119.00","You want to sell a group of products with many options but Magento default doesn't support? Don’t worry as our Magento 2 Grouped Product with Custom Options extension will blow your problem away. Following these features below:"
"1588076531-185","https://bsscommerce.com/magento-2-b2b-extensions-package.html","Special Price $600.00    Regular Price $1,294.00","Stop treating your B2B customers like B2C! They have different shopping behaviors; hence, they seek different experiences.
You, on the other hand, need advanced features to manage B2B customers better.
BSS cover all demands as above in one package called Magento 2 B2B Extensions."
"1588075944-75","https://bsscommerce.com/magento-2-order-details-on-success-page-extension.html","Special Price FREE    Regular Price $39.00","Magento 2 Order Details on Success Page extension shows all order information on the Thank you page after finishing checkout."
"1588076378-156","https://bsscommerce.com/magento-2-force-login-extension.html","$79.00","“Sorry, you need log in to access this page!” - sounds a little annoying for visitors but you see it often when sticking around e-commerce sites.
It turns out an effective way for merchants to control over page access restriction. Explore Magento 2 Force Login extension to know why:"
"1588076056-96","https://bsscommerce.com/magento-2-multiple-wishlists-extension.html","$89.00","Magento 2 Multiple Wishlists extension is to blow away limitations of the default “Add to Wishlist” function by supporting unlimited wishlists.
Shoppers freely organize their favorite products into multiple lists depending on interest or demand. 
To be more specific, they can:"
"1588076254-133","https://bsscommerce.com/magento-2-configurable-product-matrix-view-extension.html","$119.00","Magento 2 Configurable Product Matrix View shows configurable product in a neat matrix form for faster ordering which is totally suitable for wholesalers."
"1588075830-53","https://bsscommerce.com/magento-2-administration-package.html","Special Price $400.00    Regular Price $671.00","Administration extensions assist admin to carry out essential tasks and manage activities in the backend of a Magento 2 website."
"1588076106-106","https://bsscommerce.com/magento-2-admin-product-preview-plus-extension.html","Special Price $59.00    Regular Price $79.00","Magento 2 Admin Product Preview Plus previews frontend pages through preview links and preview buttons in the backend."
"1588075860-59","https://bsscommerce.com/magento-2-b2b-registration-login-extension.html","Special Price $219.00    Regular Price $277.00","Online B2B business becomes more open and transparent - It’s true! However, should you open to such an extent that all customers - even your competitors, can see your valuable juice: catalog, price, and products.
Definitely “No.” Instead, you had better:"
"1588076240-130","https://bsscommerce.com/magento-2-admin-shipping-method-extension.html","FREE","Magento 2 Admin Shipping Method extension creates a new shipping method used by the admin only to generate free of shipping cost orders. This optimal Magento 2 shipping extension also features automatically creating invoices and shipments once orders are placed."
"1588076295-140","https://bsscommerce.com/magento-2-checkout-success-page-extension.html","$79.00","Do you get bored with the current thank you page supported by default Magento which lacks information and aesthetics? Your customers’ purchase journey should be satisfied even after the order is already checked out! Explore Checkout Success Page Extension to know how to do it."
"1588076215-126","https://bsscommerce.com/magento-2-import-export-product-reviews-extension.html","$79.00","Import and export multiple product reviews via a CSV file with 1 click!"
"1588076211-125","https://bsscommerce.com/magento-2-quantity-dropdown-extension.html","$59.00","Sell ​​more products with Magento 2 Quantity Dropdown extension that helps you to change the input quantity box into the dropdown list and force customers to buy a fixed quantity as wish. Check out features very fast in the following:"
"1588076097-104","https://bsscommerce.com/magento-2-ajax-add-to-cart-extension.html","$79.00","Perfectly optimize every Add to Cart click and urge your customers to buy more. When they click Add to Cart, a pop up promptly presents cart details and especially displays up sell, cross sell or related products.
Boost your strength through this simple button, can't be wiser. Scroll down to know why now!"
"1588076158-116","https://bsscommerce.com/magento-2-order-delivery-date-extension.html","$59.00","Included in Magento 2 Checkout Suite 
83.5% of U.S shoppers would not re-purchase after a poor delivery experience, among which TIME is the most annoying and frequent issue. Say, the shipment might drop onto an unexpected date.
Hence, every merchant needs Magento 2 Order Delivery Date extension:"
"1588075976-81","https://bsscommerce.com/magento-2-import-export-wishlist-item-extension.html","$79.00","Import multiple products to the wishlist via a CSV file and also to export wishlist items at one time."
"1588076503-180","https://bsscommerce.com/magento-2-gift-card-extension.html","$119.00","Magento 2 Gift Card extension allows store owners to create gift cards for customers to purchase and give their acquaintances as a present on special occasions."
"1588075866-60","https://bsscommerce.com/magento-2-import-export-extension-combo.html","Special Price $400.00    Regular Price $553.00","Magento 2 Import Export extensions provide additional functions for every store to save working time and effort when you need to process a large number of items. This combo including 7 extensions will help you to import/export:  

Product reviews 
Product attributes 
URL Rewrites 
Categories 
CMS pages
Newsletter subscribers 
Wishlist items 

What's more, all mentioned items are imported/exported via a CSV file conveniently!
⇒ Don't miss your chance when saving up $100 with this combo!"
"1588076479-176","https://bsscommerce.com/magento-2-advanced-review-extension.html","$99.00","Magento 2 advanced reviews extension empowers the product reviews and rating functionalities of your store. Get more helpful reviews and gain trustworthiness for your products."
"1588075897-66","https://bsscommerce.com/magento-2-marketing-combo.html","null","null"
"1588076521-183","https://bsscommerce.com/magento-2-multiple-store-view-pricing-extension.html","$199.00","Multiple Store View Pricing for Magento 2 allows administrators to set up different prices for same product on each store view of Magento store and supports setting up base currency per store view easily."
"1588075992-84","https://bsscommerce.com/magento-2-facebook-pixel-extension.html","FREE","Are your Facebook Ads working well?; How many users initiated the checkout without completing?; Which parts should you improve to increase conversion rate and sales?; etc. These are hard to know without a right tracking tool.
Here, we offer Magento 2 Facebook Pixel extension to:"
"1588075935-73","https://bsscommerce.com/magento-2-web-development.html","null","null"
"1588076101-105","https://bsscommerce.com/magento-2-wholesale-fast-order-extension.html","Special Price $119.00    Regular Price $159.00","Magento 2 Fast Order extension becomes “Faster” with new updates in features.
You already know right?
B2B customers do not spend much time browsing all over your website. They already have their desired product names/SKUs in mind. Hence, they require the fastest way to search and add those products to the cart, for example, via a quick order form.
Of all Magento 2 Quick Order by SKU extensions available in the market, BSS Commerce Wholesale Fast Order is the richest in features.
Scroll down to know more …"
"1588076511-181","https://bsscommerce.com/magento-2-b2b-registration-extension.html","$119.00","Running an online store unifying both B2C and B2B seems promising. However, with one and only default sign-up form, it becomes super inconvenient to manage these two differences. That time, Magento 2 B2B Registration extension is in need to:"
"1588076357-152","https://bsscommerce.com/magento-2-customers-also-bought-also-viewed-extension.html","$79.00","Thanks to real database recommendation system, Amazon has gained 29% sales increase to $12.83 billion during its second fiscal quarter of 2012, nothing but to learn how suasive an accurate recommendation system would directly connect to the way your sales soar.    
Through recommendation algorithm fetching from real purchase database and browsing history, Customers Also Bought/ Also Viewed will push your sales up high and bring you the same success as Amazon did. Your customers will have the most relevant suggestions which hit their demands strongly and motivate them to spend unstoppably on related, up-sell, and cross-sells."
"1588076005-86","https://bsscommerce.com/magento-2-quick-view-extension.html","FREE","Magento 2 Quick View extension allows customers to conveniently view products in Quick View pop-up without leaving current page."
"1588076516-182","https://bsscommerce.com/magento-2-one-step-checkout-extension.html","Special Price $99.00    Regular Price $149.00","Magento 2 One Step Checkout or One-click Checkout - Whatever you might call this extension!"
"1588076185-121","https://bsscommerce.com/magento-2-refund-request-by-customer-extension.html","FREE","Magento 2 Refund Request by Customer extension allows customers to submit a refund request on the Customer Account Page."
"1588076109-107","https://bsscommerce.com/magento-2-checkout-custom-field-extension.html","$119.00","Pay attention here!
Magento 2 Checkout Custom Fields extension is in place to optimize the default boring checkout! Feel free to add new fields for any information you think to be necessary for order fulfillment."
"1588075835-54","https://bsscommerce.com/magento-2-custom-shipping-method-extension.html","FREE","A solution to add new Magento 2 shipping methods in a simple way"
"1588076168-118","https://bsscommerce.com/magento-2-defer-javascript-extension.html","$59.00","Reduce loading time, improve store performance and customer shopping experience with Magento 2 Defer JavaScript!"
"1588076437-167","https://bsscommerce.com/magento-2-import-export-categories-extension.html","$79.00","Magento 2 Import Export Categories extension allows admin to easily import and export multiple categories via a CSV file."
"1588076458-171","https://bsscommerce.com/magento-2-product-grid-inline-editor-extension.html","$99.00","Help store owners to modify product information right in the grid more conveniently, take fewer steps and less time than ever."
"1588076474-175","https://bsscommerce.com/magento-2-guest-to-customer-extension.html","$59.00","Do not interrupt checkout process by showing “please login/register first.” Instead, let customers checkout as guests. Our Magento 2 Guest to Checkout extension will help to convert them into registered accounts right after."
"1588076017-89","https://bsscommerce.com/magento-2-minimum-order-amount-for-customer-group-extension.html","$35.00","Magento 2 Minimum Order Amount (*) for Customer Group extension - The name reveals how it works. Strongly recommended for wholesale sellers."
"1588075987-83","https://bsscommerce.com/magento-2-mega-menu-extension.html","FREE","Magento 2 Mega Menu Extension allows admin to design menu for better website navigation."
"1588076346-150","https://bsscommerce.com/magento-2-geoip-auto-switch-store-extension.html","$99.00","You are running a multinational business, but whether you know to optimize customer shopping experience when they come to your website? Customers live in France, but they have to shop in the US store view, is that matched? Magento 2 GeoIP Store Switcher will be your ideal solution in this case:"
"1588076067-98","https://bsscommerce.com/magento-2-configurable-product-wholesale-display-extension.html","$119.00","Magento 2 Configurable Product Wholesale Display supports showing all associated products in a grid table view which allows wholesale customers to order and add all chosen items to cart at once."
"1588076039-93","https://bsscommerce.com/magento-2-frontend-cancel-order-extension.html","$59.00","Frontend Cancel Order for Magento 2 allows customers to cancel orders right from the frontend and then automatically send notification emails to admin about canceled orders"
"1588076250-132","https://bsscommerce.com/magento-2-meta-tags-template-extension.html","$79.00","Auto-adding meta description, meta title, meta keywords and description for products and categories in Magento 2 by customizing meta tags template."
"1588076363-153","https://bsscommerce.com/magento-2-size-chart-extension.html","$59.00","For wearable items, sizing problem is one of the top reasons why customers don't buy your items or return them. This issue makes you - an online store owner very worried. But from now, cheer up because you have Magento 2 size chart extension that will bring you the perfect features below:"
"1588076285-138","https://bsscommerce.com/magento-2-custom-option-image-extension.html","$89.00","Make your customers give a “wow” for the attempt to enhance the shopping experience by adding images to custom options."
"1588075914-69","https://bsscommerce.com/magento-2-multiple-store-view-solution.html","null","null"
"1588076528-184","https://bsscommerce.com/magento-2-checkout-combo.html","Special Price $260.00    Regular Price $514.00","A combo of the most necessary extensions for Magento 2 checkout optimization: One step checkout, Checkout custom field, and Checkout success page. Grab this combo at $260 instead of $514 - Such a perfect deal to make!"
"1588076310-143","https://bsscommerce.com/magento-2-import-export-product-attributes-extension.html","$79.00","Magento 2 Import Export Product Attributes extension allows admin to quickly import and export bulk product attributes via a CSV file by one click."
"1588076328-147","https://bsscommerce.com/magento-2-customer-approval-extension.html","$89.00","Better managing customers right from the first place will absolutely result in better performances and larger sales. Magento 2 Customer Approval is a must-have extension that gives the admin the ability to approve or reject new account registration as wanted."
"1588076490-178","https://bsscommerce.com/magento-2-store-credit-extension.html","$119.00","For some reasons, customers ask for refund, get their money back, and even turn away forever. Merchants, on the other hand, feel daunting at sending back money earned. Say goodbye to such the situation, as you have Magento 2 Store Credit extension."
"1588075880-63","https://bsscommerce.com/magento-2-custom-options-package.html","Special Price $173.00    Regular Price $247.00","null"
"1588075980-82","https://bsscommerce.com/magento-2-admin-payment-method-extension.html","FREE","Magento 2 Admin Payment Method extension allows admin to create payment method validated only in the backend. This solution also supports auto-creating invoice and shipment once orders are created."
"1588076051-95","https://bsscommerce.com/magento-2-delete-order-extension.html","FREE","Magento 2 Delete Order Extension is an useful extension for all administrators to delete unwanted orders, invoices, shipments and credit memos from Order Grid in the Magento backend by some simple clicks."
"1588076125-109","https://bsscommerce.com/magento-2-infinite-scroll-extension.html","$59.00","Magento 2 Infinite Scroll Extension supports loading product list infinitely by Ajax Scroll in Magento 2, combined with Load More button, Back to Top button and lazy image loading"
"1588076431-166","https://bsscommerce.com/magento-2-admin-product-grid-with-category-extension.html","$79.00","Taking action with products that belong to a specific category seems manual by default functions of Magento. Usually, you cannot filter products by particular categories to use mass actions.
Magento 2 Admin Product Grid with Category extension makes it possible by adding the Category and Category ID column in the admin product grid."
"1588076497-179","https://bsscommerce.com/magento-2-catalog-permission-extension.html","$99.00","Magento 2 Catalog Permission extension allows the admin to assign permission to visit categories and CMS Pages for specific customer groups as wished."
"1588075849-57","https://bsscommerce.com/magento-2-reward-points-extension.html","Special Price $149.00    Regular Price $199.00","More loyalty means more sales! Don't miss out Magento 2 Reward Points extension to build an efficient Magento 2 loyalty program to win the money. Reach out to:"
"1588076174-119","https://bsscommerce.com/magento-2-simple-details-on-configurable-product-extension.html","$129.00","Improve configurable products in Magento 2. Outstanding features:"
"1588076324-146","https://bsscommerce.com/magento-2-import-export-url-rewrites-extension.html","$79.00","Admins just take some minutes to import and export URL rewrites data via a CSV file right from the Magento 2 backend."
"1588075870-61","https://bsscommerce.com/magento-code-audit.html","$100.00","Magento 2 B2B extensions help store owners to build a better wholesale business in many aspects such as improving purchase process or customer management and so on."
"1588076235-129","https://bsscommerce.com/magento-2-custom-option-template-extension.html","$79.00","Don’t waste your time anymore. Let’s try our Magento 2 Custom Option Template extension to easily set up any number of templates, and assign them to hundreds of products in a few steps. Check out features very fast in the following:"
"1588076145-113","https://bsscommerce.com/magento-2-google-amp-extension.html","$119.00","Magento 2 AMP Extension helps to create and customize AMP (Accelerated Mobile Pages) for Magento 2 Homepage, Category Pages Product Pages and CMS Pages as your need."
"1588076244-131","https://bsscommerce.com/magento-2-rich-snippets-extension.html","$79.00","Magento 2 Rich Snippets add Rich Snippets, breadcrumbs, rating, price, review… for products and other information of your Magento 2 store in search result pages."
"1588075840-55","https://bsscommerce.com/magento-2-storeview-flags-extension.html","FREE","Do you find the default dropdown menu of store views in your website so boring? The global current trend of Ecommerce sites is using flags to symbolize for/enclose with store views, representing modernity, and convenience.  
It’s time to change the faces of your store views now!"
"1588076270-136","https://bsscommerce.com/magento-2-hide-price-extension.html","$79.00","Magento 2 Hide Price extension provides basic and easy-to-config features to hide price based off products, categories, and customer groups. What's more, the admin can replace Add to Cart with various call-to-action messages, say, ""Login/Contact for price."""
"1588075826-52","https://bsscommerce.com/magento-2-sale-motivation-package.html","Special Price $680.00    Regular Price $969.00","Want to rocket your sales but don't know HOW? Magento 2 Sales Motivation package will help you!!"
"1588075875-62","https://bsscommerce.com/magento-2-speed-up-consulting-package.html","$100.00","null"
"1588075908-68","https://bsscommerce.com/magento-2-improved-admin-product-grid.html","Special Price $166.00    Regular Price $237.00","null"
"1588076265-135","https://bsscommerce.com/magento-2-xml-sitemap-extension.html","$119.00","Magento 2 XML Sitemap extension generates and splits XML sitemap for Magento 2 store to boost up crawling by search engines."
"1588076468-174","https://bsscommerce.com/magento-2-gdpr-extension.html","$149.00","Magento 2 GDPR extension provides necessary functions to help business easily comply with the General Data Protection Regulation in EU region."
"1588076315-144","https://bsscommerce.com/magento-2-seo-extension.html","$119.00","Magento 2 SEO Extension is the comprehensive Magento 2 SEO solution to boost your ranking and increase traffic."
"1588076060-97","https://bsscommerce.com/magento-2-catalog-price-rule-per-store-view-extension.html","$99.00","Set up different catalog price rules per store views so that customers on each store view will get particular promotions."
"1588076485-177","https://bsscommerce.com/magento-2-layered-navigation-extension.html","$59.00","Magento 2 Layered Navigation Multi Select Extension with Ajax Filter creates a smart product filter to help your customers find their desired items easily."
"1588075845-56","https://bsscommerce.com/magento-2-improved-product-sorting-extension.html","$59.00","Supply customers 8 new commercial attributes to sort the catalog by discount, newest, recent ordered, etc. to hit exactly the buyers’ demands and push sales as well as promotional items to the max level.  Very much sales oriented sorting tool!"
"1588076340-149","https://bsscommerce.com/magento-2-custom-order-number-extension.html","$99.00","Change your order numbers for the best convenience of sales management, customer management, and data security."
"1588076441-168","https://bsscommerce.com/magento-2-import-export-newsletter-subscribers-extension.html","$79.00","You desire to move newsletter subscribers from the old site to another one, but default Magento 2 doesn’t support any function to perform this movement quickly and conveniently. Don’t worry anymore! We have this particular extension to meet your demand to:"
"1588076206-124","https://bsscommerce.com/magento-2-customer-attributes-extension.html","$79.00","Magento 2 Customer Attributes extension, or Magento 2 Custom Registration Fields extension - whatever you might call our solution, allows adding field to customer registration so that you will know your potential buyers from the very first place.
Features are more than “custom customer attribute.”"
"1588076401-160","https://bsscommerce.com/magento-2-duplicate-cms-page-block-extension.html","$59.00","Do you feel desperate with repeating steps to create a new CMS page or Block? The issue becomes nightmares when you add a large number of pages/blocks to your site. So how to optimize this process? Explore this extension which allows you to:"
"1588076453-170","https://bsscommerce.com/magento-2-countdown-timer-extension.html","$59.00","Scarcity boosts your sales crazily to the Mars!
Countdown Timer is the exactly perfect timer on sale off products and for event announcements that you've been seeking for."
"1588075967-79","https://bsscommerce.com/magento-2-social-login-extension.html","FREE","Magento 2 Social Login extension allows customer to log in Magento site through social media accounts like Facebook, Twitter, Google Plus…"
"1588076137-112","https://bsscommerce.com/magento-2-request-for-quote-extension.html","$199.00","Magento 2 Quote extension is for B2B business, to fasten the quote request process and quote management."
"1588076180-120","https://bsscommerce.com/magento-2-faqs-extension.html","$59.00","FAQs (Frequently-asked questions) is a popular demand of customers when shopping online. This extension would help store owners to display such FAQs fully and stunningly."
"1588076072-99","https://bsscommerce.com/magento-2-shopping-cart-price-rule-per-store-view-extension.html","$99.00","Setup Magento 2 cart price rules for each store view to offer different promotions for customers from various markets."
"1588076200-123","https://bsscommerce.com/magento-2-free-shipping-bar-extension.html","$59.00","Auto display value in cart and countdown amount until free delivery. No other more happy way to motivate orders to reach wanted spent levels!"
"1588076320-145","https://bsscommerce.com/magento-2-custom-option-absolute-price-and-quantity-extension.html","$99.00","Magento 2 Custom Option Absolute Price and Quantity extension overrides the limitation of Magento by adding absolute price and absolute quantity for the custom options. Let’s see the details in the following:"
"1588076009-87","https://bsscommerce.com/magento-2-login-as-customer-extension.html","FREE","Install Magento 2 Login as Customer now!
No request for username or password, no time-consuming ask, and answer, now you can login to your Magento store as your customers to detect their shopping problem. Or make use of Magento Login as Customer (as known as advanced Magento 2 Admin Login extension) to see and optimize the buyers’ purchase experience on your website!"
"1588075890-65","https://bsscommerce.com/magento-2-migration.html","null","null"
"1588076132-111","https://bsscommerce.com/magento-2-shipping-and-payment-method-per-customer-group-extension.html","Special Price $79.00    Regular Price $99.00","The backbone of Magento 2 Shipping and Payment Method per Customer Group extension is to improve the checkout and admin management when it comes to shipping and payment options. Features are effective and easy to configure:"
"1588075901-67","https://bsscommerce.com/magento-2-improved-configurable-products-extension.html","null","null"
"1588076415-163","https://bsscommerce.com/magento-2-product-questions-extension.html","$99.00","Not all customers know deeply about your products! This Magento 2 Question extension is a chance for you to figure out all your customers’ concerns about the product and solve them immediately."
"1588076421-164","https://bsscommerce.com/magento-2-simple-details-on-grouped-product-extension.html","$119.00","Magento 2 Simple Details on Grouped Product extension shows attributes of simple products as list/grid view on the grouped product page."
"1588076382-157","https://bsscommerce.com/magento-2-promotion-bar-extension.html","$79.00","90% Ecommerce stores are facing with difficulties in creating impressive promotion and notification bars which are attractive enough to capture the customers’ attention, advertise new products and announce them important news or updates. With Magento 2 Promotion Bar extension, creating and customizing the promo bars or banners never come that easy with its nearly perfect features:"
"1588076013-88","https://bsscommerce.com/magento-2-reindex-from-backend-extension.html","Special Price $0.00    Regular Price $35.00","Reindex from Backend for Magento 2 allows admin to reindex data from backend at any time without the help from a developer."
"1588075929-72","https://bsscommerce.com/magento-web-maintenance.html","null","null"
"1588076024-90","https://bsscommerce.com/magento-2-previous-next-product-page-extension.html","$79.00","Magento 2 Previous Next Product Page extension supports customers to browse previous and next products within the same category conveniently."
"1588076448-169","https://bsscommerce.com/magento-2-coming-soon-maintenance-page-extension.html","$59.00","DON’T show an uncommunicative Maintenance Page - customers feel annoyed and leave.
DON’T display a dull “Coming Soon.” None bothers waiting for your website to launch out.
DO use BSS Magento 2 Coming Soon & Maintenance Page extension."
"1588076395-159","https://bsscommerce.com/magento-2-popup-extension.html","$99.00","Own this charming extension to create stunning Popup for your sites!"
"1588076129-110","https://bsscommerce.com/magento-2-minimum-maximum-order-quantity-per-category-extension.html","$99.00","The default only allows setting min/max quantity allowed in shopping cart at the product level. Yet, for good reasons, the admin wants to set it for specific categories.
How? - Use Magento 2 Min/Max Order Quantity per Category extension!"
"1588076290-139","https://bsscommerce.com/magento-2-bundle-option-image-extension.html","$59.00","Magento 2 Bundle Option Image extension helps your Bundle products become more visual by allowing showing images of children products in each option."
"1588076465-173","https://bsscommerce.com/magento-2-dependent-custom-options-extension.html","$79.00","Are you struggling to find a solution to create customizable options dependence? Let try our Magento 2 Dependent Custom Options extension which is a simple but efficient tool by providing you the features below:"
"1588075972-80","https://bsscommerce.com/magento-2-preselect-shipping-payment-extension.html","FREE","Magento 2 Pre-select Shipping/Payment FREE extension  speeds up customer checkout process by pre-selecting the shipping and payment methods."
"1588076259-134","https://bsscommerce.com/magento-2-out-of-stock-notification-extension.html","$99.00","Out of Stock Notification extension automatically sends notification email to the list of customer signed up for out of stock notification when product is back to stock."
"1588075940-74","https://bsscommerce.com/magento-2-product-images-by-customer-extension.html","FREE","“Product images provided by shop owners are not enough for me when I consider making an online purchase!”. Explore this extension to give your customers a chance to experience what actual products look like and decide to place an order without hesitance."
"1588075998-85","https://bsscommerce.com/magento-2-products-widget-slider-extension.html","FREE","Magento 2 Products Widget Slider extension attracts customers’ attention by showing off profitable and hot products in your store by a slider."
"1588076368-154","https://bsscommerce.com/magento-2-product-attachments-extension.html","$79.00","Save 50% now with our Magento 2 Product Attachments extension. With a competitive price, you will still receive an extremely useful extension with outstanding features below:"
"1588076280-137","https://bsscommerce.com/magento-2-frequently-bought-together-extension.html","$89.00","Magento 2 Frequently Bought Together extension boosts up sales by suggesting frequently bought together products when customers are checking a particular item."
"1588076043-94","https://bsscommerce.com/magento-2-dynamic-html-sitemap-extension.html","FREE","Make your store more user-friendly, provide your store visitors a convenient overview of the website. At the same time help Search Engines crawl and index data better by spreading the necessary ranking power with internal cross-linking."
"1588076300-141","https://bsscommerce.com/magento-2-pre-order-extension.html","$79.00","Magento 2 Pre-Order extension allows ordering products which are out of stock or upcoming in advance."
