﻿web-scraper-order,web-scraper-start-url,activeCategory,name,price,description,url,url-href
"1587936470-20","https://landofcoder.com/multi-vendor-marketplace.html","Rich Content","Magento 2 Marketplace Blog Plugins","$99.00","Multiple layouts types Mobile & Tablet Optimized Display Images or... Learn More","Magento 2 Marketplace Blog Plugins","https://landofcoder.com/magento-2-marketplace-blog.html"
"1587936470-18","https://landofcoder.com/multi-vendor-marketplace.html","Rich Content","Magento 2 Marketplace Seller Price Comparison","$169.00","One important reason for the explosive Ecommerce is that it is easier for you... Learn More","Magento 2 Marketplace Seller Price Comparison","https://landofcoder.com/magento-2-marketplace-price-comparison.html"
"1587936477-41","https://landofcoder.com/customer-support.html","Rich Content","Magento 2 One Step Checkout PRO","$399.00","If you are having a problem with your Magento 2 store high cart abandonment... Learn More","Magento 2 One Step Checkout PRO","https://landofcoder.com/magento-2-one-step-checkout-pro.html"
"1587936484-59","https://landofcoder.com/conversion-rate.html","Rich Content","Magento 2 Hide Price","$128.00","Magento 2 Hide Price Extension is a smart solution for both B2B & B2C... Learn More","Magento 2 Hide Price","https://landofcoder.com/magento-2-hide-price.html"
"1587936474-32","https://landofcoder.com/magento-2-extension-free.html","Rich Content","Magento 2 Infinite Scroll","$0.00","Ajax scroll without interruption Freely scroll down & See what page of the... Learn More","Magento 2 Infinite Scroll","https://landofcoder.com/magento-2-infinite-scroll.html"
"1587936491-91","https://landofcoder.com/user-experience.html","Rich Content","Magento 2 Store Locator","$199.00","Magento 2 Store Locator Extension helps shoppers easily find the nearest... Learn More","Magento 2 Store Locator","https://landofcoder.com/magento-2-store-locator.html"
"1587936484-54","https://landofcoder.com/conversion-rate.html","Rich Content","Magento 2 First Data Payeezy Hosted Extension","$160.00","No need SSL Certificate for your Magento 2 Payment, this Magento 2 Payeezy... Learn More","Magento 2 First Data Payeezy Hosted Extension","https://landofcoder.com/magento-2-firstdata-payeezy-hosted.html"
"1587936474-31","https://landofcoder.com/magento-2-extension-free.html","Rich Content","Magento 2 Lazy Load","$0.00","Load Magento 2 images with beautiful transition Saves web server... Learn More","Magento 2 Lazy Load","https://landofcoder.com/magento-2-lazy-load.html"
"1587936470-13","https://landofcoder.com/multi-vendor-marketplace.html","Rich Content","Magento 2 Marketplace Social Login Plugin","$99.00","Our product would definitely be a good solution for customer’s irritation... Learn More","Magento 2 Marketplace Social Login Plugin","https://landofcoder.com/magento2-marketplace-social-login.html"
"1587936486-66","https://landofcoder.com/administration.html","Rich Content","Magento 2 Multi Warehouse Inventory","$249.00","If you are running several warehouses at different locations at the same time,... Learn More","Magento 2 Multi Warehouse Inventory","https://landofcoder.com/magento-2-multi-warehouse-inventory.html"
"1587936491-89","https://landofcoder.com/user-experience.html","Rich Content","Testimonials Extension for Magento 2","$89.00","Impress your customers and enhance your store credibility with Magento 2... Learn More","Testimonials Extension for Magento 2","https://landofcoder.com/testimonial-extension-for-magento2.html"
"1587936477-44","https://landofcoder.com/customer-support.html","Rich Content","Magento 2 SMS Notification Extension","$99.00","If you are looking for a tool to help you interact with customers directly and... Learn More","Magento 2 SMS Notification Extension","https://landofcoder.com/magento-2-sms-notification-extension.html"
"1587936488-85","https://landofcoder.com/sale-motivation.html","Rich Content","Magento 2 Store Locator","$199.00","Magento 2 Store Locator Extension helps shoppers easily find the nearest... Learn More","Magento 2 Store Locator","https://landofcoder.com/magento-2-store-locator.html"
"1587936470-14","https://landofcoder.com/multi-vendor-marketplace.html","Rich Content","Magento 2 Marketplace PRO","$999.00","Magento 2 Marketplace Extension Pro supports Magento 2 store to achieve... Learn More","Magento 2 Marketplace PRO","https://landofcoder.com/magento-2-marketplace-pro.html"
"1587936477-46","https://landofcoder.com/customer-support.html","Rich Content","Magento 2 Cancel Order Extension","$59.00","''Are you sure to cancel this order?''Magento 2 Cancel Order extension... Learn More","Magento 2 Cancel Order Extension","https://landofcoder.com/magento-2-cancel-order.html"
"1587936468-4","https://landofcoder.com/magento-2-b2b-extensions.html","Rich Content","Magento 2 Customer Attributes Extension","$199.00","Magento 2 customer attributes helps to create an unlimited number of... Learn More","Magento 2 Customer Attributes Extension","https://landofcoder.com/magento-2-customer-attributes.html"
"1587936493-109","https://landofcoder.com/rich-content.html","Rich Content","Magento 2 Marketplace Auction Addons","$179.00","Auction is quite well-known Marketing concept in the Marketplace, which... Learn More","Magento 2 Marketplace Auction Addons","https://landofcoder.com/magento-2-marketplace-auction.html"
"1587936474-33","https://landofcoder.com/magento-2-extension-free.html","Rich Content","Magento 2 Auto Search","$45.00","Need solution for your customers search product fast? Our Magento 2 Search... Learn More","Magento 2 Auto Search","https://landofcoder.com/magento-2-search.html"
"1587936470-16","https://landofcoder.com/multi-vendor-marketplace.html","Rich Content","Magento 2 Marketplace DHL Shipping","$199.00","Magento 2 Marketplace DHL Shipping allows the vendor to deliver their products... Learn More","Magento 2 Marketplace DHL Shipping","https://landofcoder.com/magento-2-marketplace-dhl-shipping.html"
"1587936474-28","https://landofcoder.com/magento-2-extension-free.html","Rich Content","Magento 2 Slack Integration Extension","$0.00","Are you looking for the best solution for your Magento 2 Store with Slack Chat?... Learn More","Magento 2 Slack Integration Extension","https://landofcoder.com/magento-2-slack-integration-extension.html"
"1587936493-111","https://landofcoder.com/rich-content.html","Rich Content","Magento 2 Quantity Dropdown","$45.00","Magento 2 Quantity Dropdown imposes certain limitations on the quantity of the... Learn More","Magento 2 Quantity Dropdown","https://landofcoder.com/magento-2-quantity-dropdown.html"
"1587936486-75","https://landofcoder.com/administration.html","Rich Content","Magento 2 Commonwealth Bank CommWeb","$99.00","It's said that the high number of failed transactions mostly causes by... Learn More","Magento 2 Commonwealth Bank CommWeb","https://landofcoder.com/magento-2-commonwealth-bank-commweb.html"
"1587936488-78","https://landofcoder.com/sale-motivation.html","Rich Content","Magento 2 out of stock notification","$99.00","If you are in the search for a tool that can help you to keep your customers... Learn More","Magento 2 out of stock notification","https://landofcoder.com/magento-2-out-of-stock-notification.html"
"1587936470-19","https://landofcoder.com/multi-vendor-marketplace.html","Rich Content","Magento 2 Marketplace Auction Addons","$179.00","Auction is quite well-known Marketing concept in the Marketplace, which... Learn More","Magento 2 Marketplace Auction Addons","https://landofcoder.com/magento-2-marketplace-auction.html"
"1587936470-17","https://landofcoder.com/multi-vendor-marketplace.html","Rich Content","Magento 2 Marketplace Multi Shipping","$199.00","For the Buyers and Sellers, one of the foremost and crucial Feature in... Learn More","Magento 2 Marketplace Multi Shipping","https://landofcoder.com/magento-2-marketplace-multi-shipping.html"
"1587936486-64","https://landofcoder.com/administration.html","Rich Content","Magento 2 Advanced Reports","$129.00","Magento 2 Advanced Reports offer you sales performance status with 28 reports.... Learn More","Magento 2 Advanced Reports","https://landofcoder.com/magento-2-advanced-reports.html"
"1587936486-65","https://landofcoder.com/administration.html","Rich Content","Form Builder for Magento 2","$99.00","Magento 2 Form Builder with drag n drop & visual interface lets you build... Learn More","Form Builder for Magento 2","https://landofcoder.com/magento-2-form-builder.html"
"1587936488-77","https://landofcoder.com/sale-motivation.html","Rich Content","Blog Extension for Magento 2","$129.00","Magento 2 Blog Extension attracts more target audiences to the online store... Learn More","Blog Extension for Magento 2","https://landofcoder.com/magento-2-blog-extension.html"
"1587936477-40","https://landofcoder.com/customer-support.html","Rich Content","Magento 2 Customer Attributes Extension","$199.00","Magento 2 customer attributes helps to create an unlimited number of... Learn More","Magento 2 Customer Attributes Extension","https://landofcoder.com/magento-2-customer-attributes.html"
"1587936493-106","https://landofcoder.com/rich-content.html","Rich Content","Page Builder Extension for Magento 2","$0.00","Are you looking for a solution to build a Magento 2 theme faster and... Learn More","Page Builder Extension for Magento 2","https://landofcoder.com/magento-2-page-builder.html"
"1587936477-48","https://landofcoder.com/customer-support.html","Rich Content","OnePay Payment Gateway for Magento 2","$0.00","Free Magento 2 onepay extension is integrated with OnePay payment gateway.... Learn More","OnePay Payment Gateway for Magento 2","https://landofcoder.com/magento-2-onepay-payment-gateway.html"
"1587936493-104","https://landofcoder.com/rich-content.html","Rich Content","Advanced Magento 2 Product Reviews Extension","$99.00","Creating customers an excellent product experience will lead to compliments,... Learn More","Advanced Magento 2 Product Reviews Extension","https://landofcoder.com/advanced-magento-2-product-reviews.html"
"1587936474-34","https://landofcoder.com/magento-2-extension-free.html","Rich Content","Magento 2 Product List","$0.00","Displaying product list ( Latest, New Arrival, Special, Most Popular, Best... Learn More","Magento 2 Product List","https://landofcoder.com/magento-2-product-list.html"
"1587936468-2","https://landofcoder.com/magento-2-b2b-extensions.html","Rich Content","Magento 2 Quick Order Extension","$199.00","Magento 2 Quick Order Extension/ wholesale fast order helps customers fast... Learn More","Magento 2 Quick Order Extension","https://landofcoder.com/magento-2-quick-order-extension.html"
"1587936468-11","https://landofcoder.com/magento-2-b2b-extensions.html","Rich Content","Magento 2 Customer Approval Extension B2C & B2B","$45.00","Have you faced out-of control when there are overwhelming new customer... Learn More","Magento 2 Customer Approval Extension B2C & B2B","https://landofcoder.com/magento-2-customer-approval-extension.html"
"1587936488-86","https://landofcoder.com/sale-motivation.html","Rich Content","Magento 2 Sendy API","$89.00","With our Magento 2 Sendy API, it's easy to connect Magento 2.X + Sendy and not... Learn More","Magento 2 Sendy API","https://landofcoder.com/magento-2-sendy-api.html"
"1587936484-57","https://landofcoder.com/conversion-rate.html","Rich Content","Blog Extension for Magento 2","$129.00","Magento 2 Blog Extension attracts more target audiences to the online store... Learn More","Blog Extension for Magento 2","https://landofcoder.com/magento-2-blog-extension.html"
"1587936479-49","https://landofcoder.com/image-media.html","Rich Content","Blog Extension for Magento 2","$129.00","Magento 2 Blog Extension attracts more target audiences to the online store... Learn More","Blog Extension for Magento 2","https://landofcoder.com/magento-2-blog-extension.html"
"1587936484-53","https://landofcoder.com/conversion-rate.html","Rich Content","Magento 2 FirstData Payeezy GGe4 Payment Extension","$160.00","Don’t like Paypal & Paymentwall? And are you looking for other... Learn More","Magento 2 FirstData Payeezy GGe4 Payment Extension","https://landofcoder.com/magento-2-firstdata-payeezy-payment.html"
"1587936468-8","https://landofcoder.com/magento-2-b2b-extensions.html","Rich Content","Customer Quotation For Magento 2","$169.00","Magento 2 Quote Extension is a smart solution for both B2B & B2C... Learn More","Customer Quotation For Magento 2","https://landofcoder.com/magento-2-quote-extension.html"
"1587936491-95","https://landofcoder.com/user-experience.html","Rich Content","Blog Extension for Magento 2","$129.00","Magento 2 Blog Extension attracts more target audiences to the online store... Learn More","Blog Extension for Magento 2","https://landofcoder.com/magento-2-blog-extension.html"
"1587936477-37","https://landofcoder.com/customer-support.html","Rich Content","Magento 2 Help Desk Extension","$199.00","With Magento 2 Help Desk Extension, it helps you to collect all request,... Learn More","Magento 2 Help Desk Extension","https://landofcoder.com/magento-2-help-desk-extension.html"
"1587936468-12","https://landofcoder.com/magento-2-b2b-extensions.html","Rich Content","Required Login for Magento 2 | Force Customer Login","$69.00","“This page requires login to access. Please log in first.”. Have you got... Learn More","Required Login for Magento 2 | Force Customer Login","https://landofcoder.com/magento-2-force-login.html"
"1587936477-47","https://landofcoder.com/customer-support.html","Rich Content","Magento 2 ZaloPay Payment Extension","$49.00","Are you looking for a flawless payment mobile app for magento 2 online... Learn More","Magento 2 ZaloPay Payment Extension","https://landofcoder.com/magento-2-zalopay-payment-extension.html"
"1587936484-56","https://landofcoder.com/conversion-rate.html","Rich Content","Magento 2 Auction Extension","$99.00","Magento 2 Auction Extension supports admin in equipping the auction feature for... Learn More","Magento 2 Auction Extension","https://landofcoder.com/magento-2-auction-extension.html"
"1587936474-36","https://landofcoder.com/magento-2-extension-free.html","Rich Content","Magento 2 Affiliate Extension Free","$0.00","Are you looking for a perfect extension to create your affiliate... Learn More","Magento 2 Affiliate Extension Free","https://landofcoder.com/magento-2-affiliate-extension-free.html"
"1587936491-98","https://landofcoder.com/user-experience.html","Rich Content","Magento 2 Nab Transact Payment Gateway","$99.00","Nab Transact Payment Gateways offer you massive flexibility with highest level... Learn More","Magento 2 Nab Transact Payment Gateway","https://landofcoder.com/magento-2-nab-transact-payment-gateway.html"
"1587936488-82","https://landofcoder.com/sale-motivation.html","Rich Content","Magento 2 Follow Up Email","$149.00","Magento 2 Follow Up Email is a brilliant extension for Magento 2 if you are... Learn More","Magento 2 Follow Up Email","https://landofcoder.com/magento-2-follow-up-email.html"
"1587936484-62","https://landofcoder.com/conversion-rate.html","Rich Content","Magento 2 Order Tracking","$45.00","Magento 2 order tracking extension will take your customers directly to the... Learn More","Magento 2 Order Tracking","https://landofcoder.com/magento-2-order-tracking-extension.html"
"1587936493-108","https://landofcoder.com/rich-content.html","Rich Content","Magento 2 Marketplace Extension","$399.00","Magento 2 Multi vendor Marketplace Extension helps to convert your eCommerce... Learn More","Magento 2 Marketplace Extension","https://landofcoder.com/magento-2-marketplace-extension.html"
"1587936493-107","https://landofcoder.com/rich-content.html","Rich Content","Magento 2 Image Gallery PRO","$169.00","Upload single & multiple images at once Drag & Drop To Change Image... Learn More","Magento 2 Image Gallery PRO","https://landofcoder.com/magento-2-image-gallery-pro.html"
"1587936491-96","https://landofcoder.com/user-experience.html","Rich Content","Magento 2 Recent Order Notification","$69.00","Do you know that 85% of visitors leave an online store without buying any item.... Learn More","Magento 2 Recent Order Notification","https://landofcoder.com/magento-2-recent-order-notification.html"
"1587936493-100","https://landofcoder.com/rich-content.html","Rich Content","Blog Extension for Magento 2","$129.00","Magento 2 Blog Extension attracts more target audiences to the online store... Learn More","Blog Extension for Magento 2","https://landofcoder.com/magento-2-blog-extension.html"
"1587936488-79","https://landofcoder.com/sale-motivation.html","Rich Content","Magento 2 SMTP Extension","$168.00","Magento 2 SMTP extension supports to do basic assistance functions such as... Learn More","Magento 2 SMTP Extension","https://landofcoder.com/magento-2-smtp-extension.html"
"1587936484-63","https://landofcoder.com/conversion-rate.html","Rich Content","Magento 2 Store Locator","$199.00","Magento 2 Store Locator Extension helps shoppers easily find the nearest... Learn More","Magento 2 Store Locator","https://landofcoder.com/magento-2-store-locator.html"
"1587936491-92","https://landofcoder.com/user-experience.html","Rich Content","Magento 2 Help Desk Extension","$199.00","With Magento 2 Help Desk Extension, it helps you to collect all request,... Learn More","Magento 2 Help Desk Extension","https://landofcoder.com/magento-2-help-desk-extension.html"
"1587936468-1","https://landofcoder.com/magento-2-b2b-extensions.html","Rich Content","Magento 2 out of stock notification","$99.00","If you are in the search for a tool that can help you to keep your customers... Learn More","Magento 2 out of stock notification","https://landofcoder.com/magento-2-out-of-stock-notification.html"
"1587936491-97","https://landofcoder.com/user-experience.html","Rich Content","Magento 2 Cancel Order Extension","$59.00","''Are you sure to cancel this order?''Magento 2 Cancel Order extension... Learn More","Magento 2 Cancel Order Extension","https://landofcoder.com/magento-2-cancel-order.html"
"1587936493-102","https://landofcoder.com/rich-content.html","Rich Content","Magento 2 Membership Extension","$99.00","Magento 2 Membership extension allows the store owners to create and manage... Learn More","Magento 2 Membership Extension","https://landofcoder.com/magento-2-membership-extension.html"
"1587936474-25","https://landofcoder.com/magento-2-extension-free.html","Rich Content","Brand Extension for Magento 2","$0.00","Create and show flexible professional brand carousel, most inspirational brand... Learn More","Brand Extension for Magento 2","https://landofcoder.com/magento-2-brand-extension.html"
"1587936486-72","https://landofcoder.com/administration.html","Rich Content","Fedex Address Validation Shipping for Magento 2","$149.00","This Magento 2 FedEx (Federal Express) Validation Address Shipping Extension... Learn More","Fedex Address Validation Shipping for Magento 2","https://landofcoder.com/magento-2-fedex-address-validation-shipping.html"
"1587936479-51","https://landofcoder.com/image-media.html","Rich Content","Magento 2 Image Gallery PRO","$169.00","Upload single & multiple images at once Drag & Drop To Change Image... Learn More","Magento 2 Image Gallery PRO","https://landofcoder.com/magento-2-image-gallery-pro.html"
"1587936491-88","https://landofcoder.com/user-experience.html","Rich Content","FAQ Extension for Magento 2","$99.00","FAQ page is an important part of any eCommerce site, and with the help of our... Learn More","FAQ Extension for Magento 2","https://landofcoder.com/faq-extension-for-magento2.html"
"1587936484-61","https://landofcoder.com/conversion-rate.html","Rich Content","Magento 2 Reward Points","$149.00","‘90% of all customers exchange their reward points during the checkout... Learn More","Magento 2 Reward Points","https://landofcoder.com/magento-2-reward-points.html"
"1587936486-68","https://landofcoder.com/administration.html","Rich Content","Magento 2 Advanced Product Manager","$89.00","Magento 2 Advanced Product Manager extension supports store Admin to filter,... Learn More","Magento 2 Advanced Product Manager","https://landofcoder.com/magento-2-advanced-product-manager.html"
"1587936468-6","https://landofcoder.com/magento-2-b2b-extensions.html","Rich Content","Magento 2 Price Comparison","$99.00","Magento 2 Price Comparison extension help you push your store’s... Learn More","Magento 2 Price Comparison","https://landofcoder.com/magento-2-price-comparison.html"
"1587936486-71","https://landofcoder.com/administration.html","Rich Content","Magento 2 Admin Payment Method","$49.00","As the admin, do you find necessary to create orders for your customers from... Learn More","Magento 2 Admin Payment Method","https://landofcoder.com/magento-2-admin-payment-method.html"
"1587936484-52","https://landofcoder.com/conversion-rate.html","Rich Content","Form Builder for Magento 2","$99.00","Magento 2 Form Builder with drag n drop & visual interface lets you build... Learn More","Form Builder for Magento 2","https://landofcoder.com/magento-2-form-builder.html"
"1587936474-35","https://landofcoder.com/magento-2-extension-free.html","Rich Content","Image Slider Extension for Magento 2","$0.00","Fully responsive Magento 2 Slider Extension Support editor for image, video... Learn More","Image Slider Extension for Magento 2","https://landofcoder.com/magento-2-image-slider.html"
"1587936493-101","https://landofcoder.com/rich-content.html","Rich Content","Testimonials Extension for Magento 2","$89.00","Impress your customers and enhance your store credibility with Magento 2... Learn More","Testimonials Extension for Magento 2","https://landofcoder.com/testimonial-extension-for-magento2.html"
"1587936470-21","https://landofcoder.com/multi-vendor-marketplace.html","Rich Content","Magento 2 Marketplace Shipping Per Product","$169.00","It is important for your marketplace allowing various sellers and customers to... Learn More","Magento 2 Marketplace Shipping Per Product","https://landofcoder.com/magento-2-marketplace-shipping-per-product.html"
"1587936486-70","https://landofcoder.com/administration.html","Rich Content","Magento 2 Admin Payment Method PRO","$99.00","Magento 2 admin payment method PRO assists the store admin in generating a new... Learn More","Magento 2 Admin Payment Method PRO","https://landofcoder.com/magento-2-admin-payment-method-pro.html"
"1587936491-94","https://landofcoder.com/user-experience.html","Rich Content","Magento 2 Infinite Scroll","$0.00","Ajax scroll without interruption Freely scroll down & See what page of the... Learn More","Magento 2 Infinite Scroll","https://landofcoder.com/magento-2-infinite-scroll.html"
"1587936470-15","https://landofcoder.com/multi-vendor-marketplace.html","Rich Content","Marketplace Delivery Time Slot Discount","$129.00","Offering discounts brings lots of benefits such as: increasing traffic to your... Learn More","Marketplace Delivery Time Slot Discount","https://landofcoder.com/magento-2-marketplace-delivery-time-slot-discount.html"
"1587936484-60","https://landofcoder.com/conversion-rate.html","Rich Content","Magento 2 Follow Up Email","$149.00","Magento 2 Follow Up Email is a brilliant extension for Magento 2 if you are... Learn More","Magento 2 Follow Up Email","https://landofcoder.com/magento-2-follow-up-email.html"
"1587936484-58","https://landofcoder.com/conversion-rate.html","Rich Content","Magento 2 out of stock notification","$99.00","If you are in the search for a tool that can help you to keep your customers... Learn More","Magento 2 out of stock notification","https://landofcoder.com/magento-2-out-of-stock-notification.html"
"1587936486-69","https://landofcoder.com/administration.html","Rich Content","Required Login for Magento 2 | Force Customer Login","$69.00","“This page requires login to access. Please log in first.”. Have you got... Learn More","Required Login for Magento 2 | Force Customer Login","https://landofcoder.com/magento-2-force-login.html"
"1587936486-74","https://landofcoder.com/administration.html","Rich Content","Magento 2 Westpac Payway Payment","$99.00","Magento 2 Westpac Payway Payment is a stunning payment gateway solution which... Learn More","Magento 2 Westpac Payway Payment","https://landofcoder.com/magento-2-westpac-payway-payment.html"
"1587936477-42","https://landofcoder.com/customer-support.html","Rich Content","Magento 2 out of stock notification","$99.00","If you are in the search for a tool that can help you to keep your customers... Learn More","Magento 2 out of stock notification","https://landofcoder.com/magento-2-out-of-stock-notification.html"
"1587936488-84","https://landofcoder.com/sale-motivation.html","Rich Content","Magento 2 Help Desk Extension","$199.00","With Magento 2 Help Desk Extension, it helps you to collect all request,... Learn More","Magento 2 Help Desk Extension","https://landofcoder.com/magento-2-help-desk-extension.html"
"1587936468-7","https://landofcoder.com/magento-2-b2b-extensions.html","Rich Content","Magento 2 Store Credit","$199.00","Magento 2 Store Credit - a powerful tool to increase customer loyalty and... Learn More","Magento 2 Store Credit","https://landofcoder.com/magento-2-store-credit.html"
"1587936491-90","https://landofcoder.com/user-experience.html","Rich Content","Magento 2 Auto Search","$45.00","Need solution for your customers search product fast? Our Magento 2 Search... Learn More","Magento 2 Auto Search","https://landofcoder.com/magento-2-search.html"
"1587936474-29","https://landofcoder.com/magento-2-extension-free.html","Rich Content","Magento 2 Layered Navigation","$199.00","Are you looking for a fast, user-friendly navigation system? Magento 2 Layered... Learn More","Magento 2 Layered Navigation","https://landofcoder.com/magento-2-layered-navigation.html"
"1587936486-67","https://landofcoder.com/administration.html","Rich Content","Ajax Suite For Magento 2","$199.00","Magento 2 Ajax Suite decreases 95% page reload issue and increases customer... Learn More","Ajax Suite For Magento 2","https://landofcoder.com/magento-2-ajax-suite.html"
"1587936488-76","https://landofcoder.com/sale-motivation.html","Rich Content","Testimonials Extension for Magento 2","$89.00","Impress your customers and enhance your store credibility with Magento 2... Learn More","Testimonials Extension for Magento 2","https://landofcoder.com/testimonial-extension-for-magento2.html"
"1587936477-39","https://landofcoder.com/customer-support.html","Rich Content","Magento 2 Order Attributes PRO Extension","$189.00","Are you not satisfied about Magento 2 Checkout Default ? And your... Learn More","Magento 2 Order Attributes PRO Extension","https://landofcoder.com/magento-2-order-attributes.html"
"1587936484-55","https://landofcoder.com/conversion-rate.html","Rich Content","Magento 2 Firstdata Payeezy with Saved Credit Card Extension","$250.00","Have you fell in love with Firstdata Payeezy yet ? And you would like to speed... Learn More","Magento 2 Firstdata Payeezy with Saved Credit Card Extension","https://landofcoder.com/magento-2-firstdata-payeezy-saved-card.html"
"1587936468-9","https://landofcoder.com/magento-2-b2b-extensions.html","Rich Content","Magento 2 Hide Price","$128.00","Magento 2 Hide Price Extension is a smart solution for both B2B & B2C... Learn More","Magento 2 Hide Price","https://landofcoder.com/magento-2-hide-price.html"
"1587936479-50","https://landofcoder.com/image-media.html","Rich Content","Image Slider Extension for Magento 2","$0.00","Fully responsive Magento 2 Slider Extension Support editor for image, video... Learn More","Image Slider Extension for Magento 2","https://landofcoder.com/magento-2-image-slider.html"
"1587936470-24","https://landofcoder.com/multi-vendor-marketplace.html","Rich Content","Magento 2 Marketplace Featured Products","$89.00","Magento 2 Marketplace Vendor Featured Product Plugin allow seller to highlight... Learn More","Magento 2 Marketplace Featured Products","https://landofcoder.com/magento-2-marketplace-featured-products.html"
"1587936477-45","https://landofcoder.com/customer-support.html","Rich Content","Magento 2 Sales Rep Extension","$189.00","Magento 2 Sales Rep Extension is available for both B2C & B2B... Learn More","Magento 2 Sales Rep Extension","https://landofcoder.com/magento-2-sales-rep-extension.html"
"1587936491-99","https://landofcoder.com/user-experience.html","Rich Content","Magento 2 Sendy API","$89.00","With our Magento 2 Sendy API, it's easy to connect Magento 2.X + Sendy and not... Learn More","Magento 2 Sendy API","https://landofcoder.com/magento-2-sendy-api.html"
"1587936477-43","https://landofcoder.com/customer-support.html","Rich Content","FAQ Extension for Magento 2","$99.00","FAQ page is an important part of any eCommerce site, and with the help of our... Learn More","FAQ Extension for Magento 2","https://landofcoder.com/faq-extension-for-magento2.html"
"1587936468-3","https://landofcoder.com/magento-2-b2b-extensions.html","Rich Content","Magento 2 Sales Rep Extension","$189.00","Magento 2 Sales Rep Extension is available for both B2C & B2B... Learn More","Magento 2 Sales Rep Extension","https://landofcoder.com/magento-2-sales-rep-extension.html"
"1587936486-73","https://landofcoder.com/administration.html","Rich Content","Magento 2 Mastercard Payment Gateway","$99.00","In order to provide Convenient experience for customers on your website, we... Learn More","Magento 2 Mastercard Payment Gateway","https://landofcoder.com/magento-2-mastercard-payment-gateway.html"
"1587936470-23","https://landofcoder.com/multi-vendor-marketplace.html","Rich Content","Magento 2 Marketplace Facebook Livechat","$99.00","Facebook has taken the world by storm and become an important element in the... Learn More","Magento 2 Marketplace Facebook Livechat","https://landofcoder.com/marketplace-facebook-livechat.html"
"1587936468-10","https://landofcoder.com/magento-2-b2b-extensions.html","Rich Content","Magento 2 Marketplace PRO - EE","$1,599.00","Let’s put your Magento 2 website on top by allowing sellers to control... Learn More","Magento 2 Marketplace PRO - EE","https://landofcoder.com/magento-2-marketplace-pro-ee.html"
"1587936491-93","https://landofcoder.com/user-experience.html","Rich Content","Magento 2 Order Tracking","$45.00","Magento 2 order tracking extension will take your customers directly to the... Learn More","Magento 2 Order Tracking","https://landofcoder.com/magento-2-order-tracking-extension.html"
"1587936493-105","https://landofcoder.com/rich-content.html","Rich Content","Magento 2 Product Attachments","$119.00","Magento 2 Product Attachments extension allows admin to upload numerous file... Learn More","Magento 2 Product Attachments","https://landofcoder.com/magento-2-product-attachments.html"
"1587936468-5","https://landofcoder.com/magento-2-b2b-extensions.html","Rich Content","Magento 2 Pre Order Extension","$139.00","Magento 2 Pre Order extension allows customers to place order for products that... Learn More","Magento 2 Pre Order Extension","https://landofcoder.com/magento-2-preorder-extension.html"
"1587936488-83","https://landofcoder.com/sale-motivation.html","Rich Content","Magento 2 Reward Points","$149.00","‘90% of all customers exchange their reward points during the checkout... Learn More","Magento 2 Reward Points","https://landofcoder.com/magento-2-reward-points.html"
"1587936470-22","https://landofcoder.com/multi-vendor-marketplace.html","Rich Content","Magento 2 Favourite Seller Addon","$99.00","Magento 2 Favorite seller marketplace is an hot item of Landofcoder's... Learn More","Magento 2 Favourite Seller Addon","https://landofcoder.com/magento-2-marketplace-favourite-seller.html"
"1587936474-27","https://landofcoder.com/magento-2-extension-free.html","Rich Content","Free Magento 2 Facebook Live Chat Extension","$0.00","The integration of Facebook Messenger into your store can make the... Learn More","Free Magento 2 Facebook Live Chat Extension","https://landofcoder.com/free-magento-2-facebook-live-chat-extension.html"
"1587936493-110","https://landofcoder.com/rich-content.html","Rich Content","Magento 2 Product Tags","$99.00","Magento 2 Product Tags extension Free supports all users and admins in adding... Learn More","Magento 2 Product Tags","https://landofcoder.com/magento-2-product-tags.html"
"1587936488-80","https://landofcoder.com/sale-motivation.html","Rich Content","Magento 2 Affiliate Extension","$149.00","Modern digital commerce requires modern marketing strategy, and affiliate... Learn More","Magento 2 Affiliate Extension","https://landofcoder.com/magento-2-affiliate-extension.html"
"1587936474-26","https://landofcoder.com/magento-2-extension-free.html","Rich Content","Free Magento 2 Admin Theme","$0.00","Are you looking for a tool to better your Magento Store Management? But it... Learn More","Free Magento 2 Admin Theme","https://landofcoder.com/magento-2-admin-theme.html"
"1587936474-30","https://landofcoder.com/magento-2-extension-free.html","Rich Content","Magento 2 Advanced Reports","$129.00","Magento 2 Advanced Reports offer you sales performance status with 28 reports.... Learn More","Magento 2 Advanced Reports","https://landofcoder.com/magento-2-advanced-reports.html"
"1587936477-38","https://landofcoder.com/customer-support.html","Rich Content","Magento 2 Currency Auto Switcher - GeoIP Location Extension","$89.00","Do you want to switch automatically your product price on your store in... Learn More","Magento 2 Currency Auto Switcher - GeoIP Location Extension","https://landofcoder.com/magento-2-currency-auto-switcher.html"
"1587936493-103","https://landofcoder.com/rich-content.html","Rich Content","Magento 2 Recent Order Notification","$69.00","Do you know that 85% of visitors leave an online store without buying any item.... Learn More","Magento 2 Recent Order Notification","https://landofcoder.com/magento-2-recent-order-notification.html"
"1587936488-81","https://landofcoder.com/sale-motivation.html","Rich Content","Magento 2 Advanced Reports","$129.00","Magento 2 Advanced Reports offer you sales performance status with 28 reports.... Learn More","Magento 2 Advanced Reports","https://landofcoder.com/magento-2-advanced-reports.html"
"1587936488-87","https://landofcoder.com/sale-motivation.html","Rich Content","Magento 2 We Miss You Email Extension","$69.00","Magento 2 We Miss You email extension allows merchants to send alerts to... Learn More","Magento 2 We Miss You Email Extension","https://landofcoder.com/magento-2-we-miss-you.html"
