﻿web-scraper-order,web-scraper-start-url,activeCategory,name,price,description,url,url-href,image-src
"1587939831-396","https://landofcoder.com/conversion-rate.html","Conversion Rate","Magento 2 Auction Extension","$99.00","Magento 2 Auction Extension supports admin in equipping the auction feature for... Learn More","Magento 2 Auction Extension","https://landofcoder.com/magento-2-auction-extension.html","https://landofcoder.com/media/catalog/product/cache/1/small_image/350x/040ec09b1e35df139433887a97daa66f/m/a/magento-2-auction.png"
"1587939827-382","https://landofcoder.com/customer-support.html","Customer Support","Magento 2 out of stock notification","$99.00","If you are in the search for a tool that can help you to keep your customers... Learn More","Magento 2 out of stock notification","https://landofcoder.com/magento-2-out-of-stock-notification.html","https://landofcoder.com/media/catalog/product/cache/1/small_image/350x/040ec09b1e35df139433887a97daa66f/m/a/magento-2-out-of-stock-notification-main.png"
"1587939831-400","https://landofcoder.com/conversion-rate.html","Conversion Rate","Magento 2 Follow Up Email","$149.00","Magento 2 Follow Up Email is a brilliant extension for Magento 2 if you are... Learn More","Magento 2 Follow Up Email","https://landofcoder.com/magento-2-follow-up-email.html","https://landofcoder.com/media/catalog/product/cache/1/small_image/350x/040ec09b1e35df139433887a97daa66f/m/a/magento-2-follow-up-email-main.png"
"1587939836-426","https://landofcoder.com/sale-motivation.html","Sale Motivation","Magento 2 Sendy API","$89.00","With our Magento 2 Sendy API, it's easy to connect Magento 2.X + Sendy and not... Learn More","Magento 2 Sendy API","https://landofcoder.com/magento-2-sendy-api.html","https://landofcoder.com/media/catalog/product/cache/1/small_image/350x/040ec09b1e35df139433887a97daa66f/m/a/main_image_2_5.jpg"
"1587939836-424","https://landofcoder.com/sale-motivation.html","Sale Motivation","Magento 2 Help Desk Extension","$199.00","With Magento 2 Help Desk Extension, it helps you to collect all request,... Learn More","Magento 2 Help Desk Extension","https://landofcoder.com/magento-2-help-desk-extension.html","https://landofcoder.com/media/catalog/product/cache/1/small_image/350x/040ec09b1e35df139433887a97daa66f/m/a/magento-2-help-desk-main.png"
"1587939840-451","https://landofcoder.com/rich-content.html","Rich Content","Magento 2 Quantity Dropdown","$45.00","Magento 2 Quantity Dropdown imposes certain limitations on the quantity of the... Learn More","Magento 2 Quantity Dropdown","https://landofcoder.com/magento-2-quantity-dropdown.html","https://landofcoder.com/media/catalog/product/cache/1/small_image/350x/040ec09b1e35df139433887a97daa66f/m/a/magento-2-quantity-dropdown.png"
"1587939825-373","https://landofcoder.com/magento-2-extension-free.html","Magento 2 Extension Free","Magento 2 Auto Search","$45.00","Need solution for your customers search product fast? Our Magento 2 Search... Learn More","Magento 2 Auto Search","https://landofcoder.com/magento-2-search.html","https://landofcoder.com/media/catalog/product/cache/1/small_image/350x/040ec09b1e35df139433887a97daa66f/m/2/m2-auto-search.png"
"1587939825-374","https://landofcoder.com/magento-2-extension-free.html","Magento 2 Extension Free","Magento 2 Product List","$0.00","Displaying product list ( Latest, New Arrival, Special, Most Popular, Best... Learn More","Magento 2 Product List","https://landofcoder.com/magento-2-product-list.html","https://landofcoder.com/media/catalog/product/cache/1/small_image/350x/040ec09b1e35df139433887a97daa66f/m/2/m2-product-list.png"
"1587939827-378","https://landofcoder.com/customer-support.html","Customer Support","Magento 2 Currency Auto Switcher - GeoIP Location Extension","$89.00","Do you want to switch automatically your product price on your store in... Learn More","Magento 2 Currency Auto Switcher - GeoIP Location Extension","https://landofcoder.com/magento-2-currency-auto-switcher.html","https://landofcoder.com/media/catalog/product/cache/1/small_image/350x/040ec09b1e35df139433887a97daa66f/m/a/magento-2-currency-switcher-main.png"
"1587939821-342","https://landofcoder.com/magento-2-b2b-extensions.html","Magento 2 B2B Extensions","Magento 2 Quick Order Extension","$199.00","Magento 2 Quick Order Extension/ wholesale fast order helps customers fast... Learn More","Magento 2 Quick Order Extension","https://landofcoder.com/magento-2-quick-order-extension.html","https://landofcoder.com/media/catalog/product/cache/1/small_image/350x/040ec09b1e35df139433887a97daa66f/m/a/magento-2-quick-order-main.png"
"1587939834-410","https://landofcoder.com/administration.html","Administration","Magento 2 Admin Payment Method PRO","$99.00","Magento 2 admin payment method PRO assists the store admin in generating a new... Learn More","Magento 2 Admin Payment Method PRO","https://landofcoder.com/magento-2-admin-payment-method-pro.html","https://landofcoder.com/media/catalog/product/cache/1/small_image/350x/040ec09b1e35df139433887a97daa66f/m/a/magento-2-admin-payment-pro-main.png"
"1587939825-376","https://landofcoder.com/magento-2-extension-free.html","Magento 2 Extension Free","Magento 2 Affiliate Extension Free","$0.00","Are you looking for a perfect extension to create your affiliate... Learn More","Magento 2 Affiliate Extension Free","https://landofcoder.com/magento-2-affiliate-extension-free.html","https://landofcoder.com/media/catalog/product/cache/1/small_image/350x/040ec09b1e35df139433887a97daa66f/m/a/main_image_4_1.jpg"
"1587939834-409","https://landofcoder.com/administration.html","Administration","Required Login for Magento 2 | Force Customer Login","$69.00","“This page requires login to access. Please log in first.”. Have you got... Learn More","Required Login for Magento 2 | Force Customer Login","https://landofcoder.com/magento-2-force-login.html","https://landofcoder.com/media/catalog/product/cache/1/small_image/350x/040ec09b1e35df139433887a97daa66f/m/a/magento-2-force-login-main.png"
"1587939823-358","https://landofcoder.com/multi-vendor-marketplace.html","Marketplace","Magento 2 Marketplace Seller Price Comparison","$169.00","One important reason for the explosive Ecommerce is that it is easier for you... Learn More","Magento 2 Marketplace Seller Price Comparison","https://landofcoder.com/magento-2-marketplace-price-comparison.html","https://landofcoder.com/media/catalog/product/cache/1/small_image/350x/040ec09b1e35df139433887a97daa66f/m/a/main_image_1_6.jpg"
"1587939827-386","https://landofcoder.com/customer-support.html","Customer Support","Magento 2 Cancel Order Extension","$59.00","''Are you sure to cancel this order?''Magento 2 Cancel Order extension... Learn More","Magento 2 Cancel Order Extension","https://landofcoder.com/magento-2-cancel-order.html","https://landofcoder.com/media/catalog/product/cache/1/small_image/350x/040ec09b1e35df139433887a97daa66f/m/a/magento-2-cancel-order-extension-main.png"
"1587939840-450","https://landofcoder.com/rich-content.html","Rich Content","Magento 2 Product Tags","$99.00","Magento 2 Product Tags extension Free supports all users and admins in adding... Learn More","Magento 2 Product Tags","https://landofcoder.com/magento-2-product-tags.html","https://landofcoder.com/media/catalog/product/cache/1/small_image/350x/040ec09b1e35df139433887a97daa66f/m/2/m2-product-tag.png"
"1587939834-413","https://landofcoder.com/administration.html","Administration","Magento 2 Mastercard Payment Gateway","$99.00","In order to provide Convenient experience for customers on your website, we... Learn More","Magento 2 Mastercard Payment Gateway","https://landofcoder.com/magento-2-mastercard-payment-gateway.html","https://landofcoder.com/media/catalog/product/cache/1/small_image/350x/040ec09b1e35df139433887a97daa66f/m/a/main_image_3_5.jpg"
"1587939834-405","https://landofcoder.com/administration.html","Administration","Form Builder for Magento 2","$99.00","Magento 2 Form Builder with drag n drop & visual interface lets you build... Learn More","Form Builder for Magento 2","https://landofcoder.com/magento-2-form-builder.html","https://landofcoder.com/media/catalog/product/cache/1/small_image/350x/040ec09b1e35df139433887a97daa66f/m/a/magento-2-form-builder.png"
"1587939823-360","https://landofcoder.com/multi-vendor-marketplace.html","Marketplace","Magento 2 Marketplace Blog Plugins","$99.00","Multiple layouts types Mobile & Tablet Optimized Display Images or... Learn More","Magento 2 Marketplace Blog Plugins","https://landofcoder.com/magento-2-marketplace-blog.html","https://landofcoder.com/media/catalog/product/cache/1/small_image/350x/040ec09b1e35df139433887a97daa66f/m/a/main_image_1_11.jpg"
"1587939834-408","https://landofcoder.com/administration.html","Administration","Magento 2 Advanced Product Manager","$89.00","Magento 2 Advanced Product Manager extension supports store Admin to filter,... Learn More","Magento 2 Advanced Product Manager","https://landofcoder.com/magento-2-advanced-product-manager.html","https://landofcoder.com/media/catalog/product/cache/1/small_image/350x/040ec09b1e35df139433887a97daa66f/m/a/magento-2-product-manager-main.png"
"1587939840-447","https://landofcoder.com/rich-content.html","Rich Content","Magento 2 Image Gallery PRO","$169.00","Upload single & multiple images at once Drag & Drop To Change Image... Learn More","Magento 2 Image Gallery PRO","https://landofcoder.com/magento-2-image-gallery-pro.html","https://landofcoder.com/media/catalog/product/cache/1/small_image/350x/040ec09b1e35df139433887a97daa66f/m/a/magento-2-image-gallery-pro.png"
"1587939831-398","https://landofcoder.com/conversion-rate.html","Conversion Rate","Magento 2 out of stock notification","$99.00","If you are in the search for a tool that can help you to keep your customers... Learn More","Magento 2 out of stock notification","https://landofcoder.com/magento-2-out-of-stock-notification.html","https://landofcoder.com/media/catalog/product/cache/1/small_image/350x/040ec09b1e35df139433887a97daa66f/m/a/magento-2-out-of-stock-notification-main.png"
"1587939821-341","https://landofcoder.com/magento-2-b2b-extensions.html","Magento 2 B2B Extensions","Magento 2 out of stock notification","$99.00","If you are in the search for a tool that can help you to keep your customers... Learn More","Magento 2 out of stock notification","https://landofcoder.com/magento-2-out-of-stock-notification.html","https://landofcoder.com/media/catalog/product/cache/1/small_image/350x/040ec09b1e35df139433887a97daa66f/m/a/magento-2-out-of-stock-notification-main.png"
"1587939840-446","https://landofcoder.com/rich-content.html","Rich Content","Page Builder Extension for Magento 2","$0.00","Are you looking for a solution to build a Magento 2 theme faster and... Learn More","Page Builder Extension for Magento 2","https://landofcoder.com/magento-2-page-builder.html","https://landofcoder.com/media/catalog/product/cache/1/small_image/350x/040ec09b1e35df139433887a97daa66f/m/a/magento-2-page-builder-main-1.png"
"1587939821-348","https://landofcoder.com/magento-2-b2b-extensions.html","Magento 2 B2B Extensions","Customer Quotation For Magento 2","$169.00","Magento 2 Quote Extension is a smart solution for both B2B & B2C... Learn More","Customer Quotation For Magento 2","https://landofcoder.com/magento-2-quote-extension.html","https://landofcoder.com/media/catalog/product/cache/1/small_image/350x/040ec09b1e35df139433887a97daa66f/m/a/magento-2-customer-quotation-main.png"
"1587939827-379","https://landofcoder.com/customer-support.html","Customer Support","Magento 2 Order Attributes PRO Extension","$189.00","Are you not satisfied about Magento 2 Checkout Default ? And your... Learn More","Magento 2 Order Attributes PRO Extension","https://landofcoder.com/magento-2-order-attributes.html","https://landofcoder.com/media/catalog/product/cache/1/small_image/350x/040ec09b1e35df139433887a97daa66f/m/2/m2-order-attributes.png"
"1587939834-407","https://landofcoder.com/administration.html","Administration","Ajax Suite For Magento 2","$199.00","Magento 2 Ajax Suite decreases 95% page reload issue and increases customer... Learn More","Ajax Suite For Magento 2","https://landofcoder.com/magento-2-ajax-suite.html","https://landofcoder.com/media/catalog/product/cache/1/small_image/350x/040ec09b1e35df139433887a97daa66f/m/a/magento-2-ajax-suite-main_1.png"
"1587939825-371","https://landofcoder.com/magento-2-extension-free.html","Magento 2 Extension Free","Magento 2 Lazy Load","$0.00","Load Magento 2 images with beautiful transition Saves web server... Learn More","Magento 2 Lazy Load","https://landofcoder.com/magento-2-lazy-load.html","https://landofcoder.com/media/catalog/product/cache/1/small_image/350x/040ec09b1e35df139433887a97daa66f/m/2/m2-lazy-load.png"
"1587939831-402","https://landofcoder.com/conversion-rate.html","Conversion Rate","Magento 2 Order Tracking","$45.00","Magento 2 order tracking extension will take your customers directly to the... Learn More","Magento 2 Order Tracking","https://landofcoder.com/magento-2-order-tracking-extension.html","https://landofcoder.com/media/catalog/product/cache/1/small_image/350x/040ec09b1e35df139433887a97daa66f/m/a/magento-2-order-tracking-main.png"
"1587939829-391","https://landofcoder.com/image-media.html","Image & Media","Magento 2 Image Gallery PRO","$169.00","Upload single & multiple images at once Drag & Drop To Change Image... Learn More","Magento 2 Image Gallery PRO","https://landofcoder.com/magento-2-image-gallery-pro.html","https://landofcoder.com/media/catalog/product/cache/1/small_image/350x/040ec09b1e35df139433887a97daa66f/m/a/magento-2-image-gallery-pro.png"
"1587939838-437","https://landofcoder.com/user-experience.html","User Experience","Magento 2 Cancel Order Extension","$59.00","''Are you sure to cancel this order?''Magento 2 Cancel Order extension... Learn More","Magento 2 Cancel Order Extension","https://landofcoder.com/magento-2-cancel-order.html","https://landofcoder.com/media/catalog/product/cache/1/small_image/350x/040ec09b1e35df139433887a97daa66f/m/a/magento-2-cancel-order-extension-main.png"
"1587939838-436","https://landofcoder.com/user-experience.html","User Experience","Magento 2 Recent Order Notification","$69.00","Do you know that 85% of visitors leave an online store without buying any item.... Learn More","Magento 2 Recent Order Notification","https://landofcoder.com/magento-2-recent-order-notification.html","https://landofcoder.com/media/catalog/product/cache/1/small_image/350x/040ec09b1e35df139433887a97daa66f/m/a/magento-2-recent-order-noti-main.png"
"1587939825-369","https://landofcoder.com/magento-2-extension-free.html","Magento 2 Extension Free","Magento 2 Layered Navigation","$199.00","Are you looking for a fast, user-friendly navigation system? Magento 2 Layered... Learn More","Magento 2 Layered Navigation","https://landofcoder.com/magento-2-layered-navigation.html","https://landofcoder.com/media/catalog/product/cache/1/small_image/350x/040ec09b1e35df139433887a97daa66f/m/2/m2-layer-navigation.png"
"1587939831-403","https://landofcoder.com/conversion-rate.html","Conversion Rate","Magento 2 Store Locator","$199.00","Magento 2 Store Locator Extension helps shoppers easily find the nearest... Learn More","Magento 2 Store Locator","https://landofcoder.com/magento-2-store-locator.html","https://landofcoder.com/media/catalog/product/cache/1/small_image/350x/040ec09b1e35df139433887a97daa66f/m/a/magento-2-store-locator-main.png"
"1587939840-443","https://landofcoder.com/rich-content.html","Rich Content","Magento 2 Recent Order Notification","$69.00","Do you know that 85% of visitors leave an online store without buying any item.... Learn More","Magento 2 Recent Order Notification","https://landofcoder.com/magento-2-recent-order-notification.html","https://landofcoder.com/media/catalog/product/cache/1/small_image/350x/040ec09b1e35df139433887a97daa66f/m/a/magento-2-recent-order-noti-main.png"
"1587939827-387","https://landofcoder.com/customer-support.html","Customer Support","Magento 2 ZaloPay Payment Extension","$49.00","Are you looking for a flawless payment mobile app for magento 2 online... Learn More","Magento 2 ZaloPay Payment Extension","https://landofcoder.com/magento-2-zalopay-payment-extension.html","https://landofcoder.com/media/catalog/product/cache/1/small_image/350x/040ec09b1e35df139433887a97daa66f/m/a/magento-2-zalopay-payment-extension-main.png"
"1587939821-347","https://landofcoder.com/magento-2-b2b-extensions.html","Magento 2 B2B Extensions","Magento 2 Store Credit","$199.00","Magento 2 Store Credit - a powerful tool to increase customer loyalty and... Learn More","Magento 2 Store Credit","https://landofcoder.com/magento-2-store-credit.html","https://landofcoder.com/media/catalog/product/cache/1/small_image/350x/040ec09b1e35df139433887a97daa66f/m/a/main_image_14.jpg"
"1587939825-366","https://landofcoder.com/magento-2-extension-free.html","Magento 2 Extension Free","Free Magento 2 Admin Theme","$0.00","Are you looking for a tool to better your Magento Store Management? But it... Learn More","Free Magento 2 Admin Theme","https://landofcoder.com/magento-2-admin-theme.html","https://landofcoder.com/media/catalog/product/cache/1/small_image/350x/040ec09b1e35df139433887a97daa66f/m/2/m2-admin-theme.jpg"
"1587939825-368","https://landofcoder.com/magento-2-extension-free.html","Magento 2 Extension Free","Magento 2 Slack Integration Extension","$0.00","Are you looking for the best solution for your Magento 2 Store with Slack Chat?... Learn More","Magento 2 Slack Integration Extension","https://landofcoder.com/magento-2-slack-integration-extension.html","https://landofcoder.com/media/catalog/product/cache/1/small_image/350x/040ec09b1e35df139433887a97daa66f/m/2/m2-slack-integration.png"
"1587939836-422","https://landofcoder.com/sale-motivation.html","Sale Motivation","Magento 2 Follow Up Email","$149.00","Magento 2 Follow Up Email is a brilliant extension for Magento 2 if you are... Learn More","Magento 2 Follow Up Email","https://landofcoder.com/magento-2-follow-up-email.html","https://landofcoder.com/media/catalog/product/cache/1/small_image/350x/040ec09b1e35df139433887a97daa66f/m/a/magento-2-follow-up-email-main.png"
"1587939831-399","https://landofcoder.com/conversion-rate.html","Conversion Rate","Magento 2 Hide Price","$128.00","Magento 2 Hide Price Extension is a smart solution for both B2B & B2C... Learn More","Magento 2 Hide Price","https://landofcoder.com/magento-2-hide-price.html","https://landofcoder.com/media/catalog/product/cache/1/small_image/350x/040ec09b1e35df139433887a97daa66f/m/a/magento-2-hide-price-main.png"
"1587939823-364","https://landofcoder.com/multi-vendor-marketplace.html","Marketplace","Magento 2 Marketplace Featured Products","$89.00","Magento 2 Marketplace Vendor Featured Product Plugin allow seller to highlight... Learn More","Magento 2 Marketplace Featured Products","https://landofcoder.com/magento-2-marketplace-featured-products.html","https://landofcoder.com/media/catalog/product/cache/1/small_image/350x/040ec09b1e35df139433887a97daa66f/m/a/main_image_1_19.jpg"
"1587939823-354","https://landofcoder.com/multi-vendor-marketplace.html","Marketplace","Magento 2 Marketplace PRO","$999.00","Magento 2 Marketplace Extension Pro supports Magento 2 store to achieve... Learn More","Magento 2 Marketplace PRO","https://landofcoder.com/magento-2-marketplace-pro.html","https://landofcoder.com/media/catalog/product/cache/1/small_image/350x/040ec09b1e35df139433887a97daa66f/m/a/magento-2-marketplace-pro.png"
"1587939838-429","https://landofcoder.com/user-experience.html","User Experience","Testimonials Extension for Magento 2","$89.00","Impress your customers and enhance your store credibility with Magento 2... Learn More","Testimonials Extension for Magento 2","https://landofcoder.com/testimonial-extension-for-magento2.html","https://landofcoder.com/media/catalog/product/cache/1/small_image/350x/040ec09b1e35df139433887a97daa66f/m/a/magento-2-testimonial-main.png"
"1587939831-395","https://landofcoder.com/conversion-rate.html","Conversion Rate","Magento 2 Firstdata Payeezy with Saved Credit Card Extension","$250.00","Have you fell in love with Firstdata Payeezy yet ? And you would like to speed... Learn More","Magento 2 Firstdata Payeezy with Saved Credit Card Extension","https://landofcoder.com/magento-2-firstdata-payeezy-saved-card.html","https://landofcoder.com/media/catalog/product/cache/1/small_image/350x/040ec09b1e35df139433887a97daa66f/m/a/magento-2-firstdata-payeezy-saved-card-mainimage.jpg"
"1587939823-355","https://landofcoder.com/multi-vendor-marketplace.html","Marketplace","Marketplace Delivery Time Slot Discount","$129.00","Offering discounts brings lots of benefits such as: increasing traffic to your... Learn More","Marketplace Delivery Time Slot Discount","https://landofcoder.com/magento-2-marketplace-delivery-time-slot-discount.html","https://landofcoder.com/media/catalog/product/cache/1/small_image/350x/040ec09b1e35df139433887a97daa66f/m/a/main_image_1_16.jpg"
"1587939834-415","https://landofcoder.com/administration.html","Administration","Magento 2 Commonwealth Bank CommWeb","$99.00","It's said that the high number of failed transactions mostly causes by... Learn More","Magento 2 Commonwealth Bank CommWeb","https://landofcoder.com/magento-2-commonwealth-bank-commweb.html","https://landofcoder.com/media/catalog/product/cache/1/small_image/350x/040ec09b1e35df139433887a97daa66f/m/a/main_image_3_2.jpg"
"1587939827-385","https://landofcoder.com/customer-support.html","Customer Support","Magento 2 Sales Rep Extension","$189.00","Magento 2 Sales Rep Extension is available for both B2C & B2B... Learn More","Magento 2 Sales Rep Extension","https://landofcoder.com/magento-2-sales-rep-extension.html","https://landofcoder.com/media/catalog/product/cache/1/small_image/350x/040ec09b1e35df139433887a97daa66f/m/a/magento-2-sales-rep-main.png"
"1587939827-380","https://landofcoder.com/customer-support.html","Customer Support","Magento 2 Customer Attributes Extension","$199.00","Magento 2 customer attributes helps to create an unlimited number of... Learn More","Magento 2 Customer Attributes Extension","https://landofcoder.com/magento-2-customer-attributes.html","https://landofcoder.com/media/catalog/product/cache/1/small_image/350x/040ec09b1e35df139433887a97daa66f/m/a/magento-2-customer-attributes-main.png"
"1587939836-416","https://landofcoder.com/sale-motivation.html","Sale Motivation","Testimonials Extension for Magento 2","$89.00","Impress your customers and enhance your store credibility with Magento 2... Learn More","Testimonials Extension for Magento 2","https://landofcoder.com/testimonial-extension-for-magento2.html","https://landofcoder.com/media/catalog/product/cache/1/small_image/350x/040ec09b1e35df139433887a97daa66f/m/a/magento-2-testimonial-main.png"
"1587939823-361","https://landofcoder.com/multi-vendor-marketplace.html","Marketplace","Magento 2 Marketplace Shipping Per Product","$169.00","It is important for your marketplace allowing various sellers and customers to... Learn More","Magento 2 Marketplace Shipping Per Product","https://landofcoder.com/magento-2-marketplace-shipping-per-product.html","https://landofcoder.com/media/catalog/product/cache/1/small_image/350x/040ec09b1e35df139433887a97daa66f/m/a/main_image_1_9_1.jpg"
"1587939840-440","https://landofcoder.com/rich-content.html","Rich Content","Blog Extension for Magento 2","$129.00","Magento 2 Blog Extension attracts more target audiences to the online store... Learn More","Blog Extension for Magento 2","https://landofcoder.com/magento-2-blog-extension.html","https://landofcoder.com/media/catalog/product/cache/1/small_image/350x/040ec09b1e35df139433887a97daa66f/m/a/magento-2-blog-extension-main-1.png"
"1587939827-377","https://landofcoder.com/customer-support.html","Customer Support","Magento 2 Help Desk Extension","$199.00","With Magento 2 Help Desk Extension, it helps you to collect all request,... Learn More","Magento 2 Help Desk Extension","https://landofcoder.com/magento-2-help-desk-extension.html","https://landofcoder.com/media/catalog/product/cache/1/small_image/350x/040ec09b1e35df139433887a97daa66f/m/a/magento-2-help-desk-main.png"
"1587939840-444","https://landofcoder.com/rich-content.html","Rich Content","Advanced Magento 2 Product Reviews Extension","$99.00","Creating customers an excellent product experience will lead to compliments,... Learn More","Advanced Magento 2 Product Reviews Extension","https://landofcoder.com/advanced-magento-2-product-reviews.html","https://landofcoder.com/media/catalog/product/cache/1/small_image/350x/040ec09b1e35df139433887a97daa66f/m/a/magento-2-product-review-main.png"
"1587939836-425","https://landofcoder.com/sale-motivation.html","Sale Motivation","Magento 2 Store Locator","$199.00","Magento 2 Store Locator Extension helps shoppers easily find the nearest... Learn More","Magento 2 Store Locator","https://landofcoder.com/magento-2-store-locator.html","https://landofcoder.com/media/catalog/product/cache/1/small_image/350x/040ec09b1e35df139433887a97daa66f/m/a/magento-2-store-locator-main.png"
"1587939823-362","https://landofcoder.com/multi-vendor-marketplace.html","Marketplace","Magento 2 Favourite Seller Addon","$99.00","Magento 2 Favorite seller marketplace is an hot item of Landofcoder's... Learn More","Magento 2 Favourite Seller Addon","https://landofcoder.com/magento-2-marketplace-favourite-seller.html","https://landofcoder.com/media/catalog/product/cache/1/small_image/350x/040ec09b1e35df139433887a97daa66f/m/a/main_image_1_13.jpg"
"1587939836-417","https://landofcoder.com/sale-motivation.html","Sale Motivation","Blog Extension for Magento 2","$129.00","Magento 2 Blog Extension attracts more target audiences to the online store... Learn More","Blog Extension for Magento 2","https://landofcoder.com/magento-2-blog-extension.html","https://landofcoder.com/media/catalog/product/cache/1/small_image/350x/040ec09b1e35df139433887a97daa66f/m/a/magento-2-blog-extension-main-1.png"
"1587939834-411","https://landofcoder.com/administration.html","Administration","Magento 2 Admin Payment Method","$49.00","As the admin, do you find necessary to create orders for your customers from... Learn More","Magento 2 Admin Payment Method","https://landofcoder.com/magento-2-admin-payment-method.html","https://landofcoder.com/media/catalog/product/cache/1/small_image/350x/040ec09b1e35df139433887a97daa66f/m/a/magento-2-admin-payment-main.png"
"1587939838-428","https://landofcoder.com/user-experience.html","User Experience","FAQ Extension for Magento 2","$99.00","FAQ page is an important part of any eCommerce site, and with the help of our... Learn More","FAQ Extension for Magento 2","https://landofcoder.com/faq-extension-for-magento2.html","https://landofcoder.com/media/catalog/product/cache/1/small_image/350x/040ec09b1e35df139433887a97daa66f/m/a/magento-2-faq-main.png"
"1587939838-432","https://landofcoder.com/user-experience.html","User Experience","Magento 2 Help Desk Extension","$199.00","With Magento 2 Help Desk Extension, it helps you to collect all request,... Learn More","Magento 2 Help Desk Extension","https://landofcoder.com/magento-2-help-desk-extension.html","https://landofcoder.com/media/catalog/product/cache/1/small_image/350x/040ec09b1e35df139433887a97daa66f/m/a/magento-2-help-desk-main.png"
"1587939836-423","https://landofcoder.com/sale-motivation.html","Sale Motivation","Magento 2 Reward Points","$149.00","‘90% of all customers exchange their reward points during the checkout... Learn More","Magento 2 Reward Points","https://landofcoder.com/magento-2-reward-points.html","https://landofcoder.com/media/catalog/product/cache/1/small_image/350x/040ec09b1e35df139433887a97daa66f/m/2/m2-reward-points-main.jpg"
"1587939838-439","https://landofcoder.com/user-experience.html","User Experience","Magento 2 Sendy API","$89.00","With our Magento 2 Sendy API, it's easy to connect Magento 2.X + Sendy and not... Learn More","Magento 2 Sendy API","https://landofcoder.com/magento-2-sendy-api.html","https://landofcoder.com/media/catalog/product/cache/1/small_image/350x/040ec09b1e35df139433887a97daa66f/m/a/main_image_2_5.jpg"
"1587939823-357","https://landofcoder.com/multi-vendor-marketplace.html","Marketplace","Magento 2 Marketplace Multi Shipping","$199.00","For the Buyers and Sellers, one of the foremost and crucial Feature in... Learn More","Magento 2 Marketplace Multi Shipping","https://landofcoder.com/magento-2-marketplace-multi-shipping.html","https://landofcoder.com/media/catalog/product/cache/1/small_image/350x/040ec09b1e35df139433887a97daa66f/m/a/main_image_1_4.jpg"
"1587939831-392","https://landofcoder.com/conversion-rate.html","Conversion Rate","Form Builder for Magento 2","$99.00","Magento 2 Form Builder with drag n drop & visual interface lets you build... Learn More","Form Builder for Magento 2","https://landofcoder.com/magento-2-form-builder.html","https://landofcoder.com/media/catalog/product/cache/1/small_image/350x/040ec09b1e35df139433887a97daa66f/m/a/magento-2-form-builder.png"
"1587939825-375","https://landofcoder.com/magento-2-extension-free.html","Magento 2 Extension Free","Image Slider Extension for Magento 2","$0.00","Fully responsive Magento 2 Slider Extension Support editor for image, video... Learn More","Image Slider Extension for Magento 2","https://landofcoder.com/magento-2-image-slider.html","https://landofcoder.com/media/catalog/product/cache/1/small_image/350x/040ec09b1e35df139433887a97daa66f/m/2/m2-image-slider.png"
"1587939838-431","https://landofcoder.com/user-experience.html","User Experience","Magento 2 Store Locator","$199.00","Magento 2 Store Locator Extension helps shoppers easily find the nearest... Learn More","Magento 2 Store Locator","https://landofcoder.com/magento-2-store-locator.html","https://landofcoder.com/media/catalog/product/cache/1/small_image/350x/040ec09b1e35df139433887a97daa66f/m/a/magento-2-store-locator-main.png"
"1587939827-383","https://landofcoder.com/customer-support.html","Customer Support","FAQ Extension for Magento 2","$99.00","FAQ page is an important part of any eCommerce site, and with the help of our... Learn More","FAQ Extension for Magento 2","https://landofcoder.com/faq-extension-for-magento2.html","https://landofcoder.com/media/catalog/product/cache/1/small_image/350x/040ec09b1e35df139433887a97daa66f/m/a/magento-2-faq-main.png"
"1587939821-351","https://landofcoder.com/magento-2-b2b-extensions.html","Magento 2 B2B Extensions","Magento 2 Customer Approval Extension B2C & B2B","$45.00","Have you faced out-of control when there are overwhelming new customer... Learn More","Magento 2 Customer Approval Extension B2C & B2B","https://landofcoder.com/magento-2-customer-approval-extension.html","https://landofcoder.com/media/catalog/product/cache/1/small_image/350x/040ec09b1e35df139433887a97daa66f/m/a/magento-2-customer-approval-main.png"
"1587939821-350","https://landofcoder.com/magento-2-b2b-extensions.html","Magento 2 B2B Extensions","Magento 2 Marketplace PRO - EE","$1,599.00","Let’s put your Magento 2 website on top by allowing sellers to control... Learn More","Magento 2 Marketplace PRO - EE","https://landofcoder.com/magento-2-marketplace-pro-ee.html","https://landofcoder.com/media/catalog/product/cache/1/small_image/350x/040ec09b1e35df139433887a97daa66f/m/a/magento-2-marketplace-extension-ee-main.png"
"1587939829-390","https://landofcoder.com/image-media.html","Image & Media","Image Slider Extension for Magento 2","$0.00","Fully responsive Magento 2 Slider Extension Support editor for image, video... Learn More","Image Slider Extension for Magento 2","https://landofcoder.com/magento-2-image-slider.html","https://landofcoder.com/media/catalog/product/cache/1/small_image/350x/040ec09b1e35df139433887a97daa66f/m/2/m2-image-slider.png"
"1587939838-434","https://landofcoder.com/user-experience.html","User Experience","Magento 2 Infinite Scroll","$0.00","Ajax scroll without interruption Freely scroll down & See what page of the... Learn More","Magento 2 Infinite Scroll","https://landofcoder.com/magento-2-infinite-scroll.html","https://landofcoder.com/media/catalog/product/cache/1/small_image/350x/040ec09b1e35df139433887a97daa66f/m/2/m2-infinite-scroll.png"
"1587939821-345","https://landofcoder.com/magento-2-b2b-extensions.html","Magento 2 B2B Extensions","Magento 2 Pre Order Extension","$139.00","Magento 2 Pre Order extension allows customers to place order for products that... Learn More","Magento 2 Pre Order Extension","https://landofcoder.com/magento-2-preorder-extension.html","https://landofcoder.com/media/catalog/product/cache/1/small_image/350x/040ec09b1e35df139433887a97daa66f/m/a/magento-2-preorder-extension-main.png"
"1587939836-427","https://landofcoder.com/sale-motivation.html","Sale Motivation","Magento 2 We Miss You Email Extension","$69.00","Magento 2 We Miss You email extension allows merchants to send alerts to... Learn More","Magento 2 We Miss You Email Extension","https://landofcoder.com/magento-2-we-miss-you.html","https://landofcoder.com/media/catalog/product/cache/1/small_image/350x/040ec09b1e35df139433887a97daa66f/m/a/magento-2-we-miss-you-main.png"
"1587939840-449","https://landofcoder.com/rich-content.html","Rich Content","Magento 2 Marketplace Auction Addons","$179.00","Auction is quite well-known Marketing concept in the Marketplace, which... Learn More","Magento 2 Marketplace Auction Addons","https://landofcoder.com/magento-2-marketplace-auction.html","https://landofcoder.com/media/catalog/product/cache/1/small_image/350x/040ec09b1e35df139433887a97daa66f/a/u/auction-main.jpg"
"1587939821-343","https://landofcoder.com/magento-2-b2b-extensions.html","Magento 2 B2B Extensions","Magento 2 Sales Rep Extension","$189.00","Magento 2 Sales Rep Extension is available for both B2C & B2B... Learn More","Magento 2 Sales Rep Extension","https://landofcoder.com/magento-2-sales-rep-extension.html","https://landofcoder.com/media/catalog/product/cache/1/small_image/350x/040ec09b1e35df139433887a97daa66f/m/a/magento-2-sales-rep-main.png"
"1587939834-412","https://landofcoder.com/administration.html","Administration","Fedex Address Validation Shipping for Magento 2","$149.00","This Magento 2 FedEx (Federal Express) Validation Address Shipping Extension... Learn More","Fedex Address Validation Shipping for Magento 2","https://landofcoder.com/magento-2-fedex-address-validation-shipping.html","https://landofcoder.com/media/catalog/product/cache/1/small_image/350x/040ec09b1e35df139433887a97daa66f/m/a/mainimage_5.jpg"
"1587939834-406","https://landofcoder.com/administration.html","Administration","Magento 2 Multi Warehouse Inventory","$249.00","If you are running several warehouses at different locations at the same time,... Learn More","Magento 2 Multi Warehouse Inventory","https://landofcoder.com/magento-2-multi-warehouse-inventory.html","https://landofcoder.com/media/catalog/product/cache/1/small_image/350x/040ec09b1e35df139433887a97daa66f/m/a/magento-2-multi-warehouse-inventory-main.png"
"1587939823-353","https://landofcoder.com/multi-vendor-marketplace.html","Marketplace","Magento 2 Marketplace Social Login Plugin","$99.00","Our product would definitely be a good solution for customer’s irritation... Learn More","Magento 2 Marketplace Social Login Plugin","https://landofcoder.com/magento2-marketplace-social-login.html","https://landofcoder.com/media/catalog/product/cache/1/small_image/350x/040ec09b1e35df139433887a97daa66f/s/o/social_login.jpg"
"1587939827-384","https://landofcoder.com/customer-support.html","Customer Support","Magento 2 SMS Notification Extension","$99.00","If you are looking for a tool to help you interact with customers directly and... Learn More","Magento 2 SMS Notification Extension","https://landofcoder.com/magento-2-sms-notification-extension.html","https://landofcoder.com/media/catalog/product/cache/1/small_image/350x/040ec09b1e35df139433887a97daa66f/m/a/magento-2-sms-notification-main.png"
"1587939825-372","https://landofcoder.com/magento-2-extension-free.html","Magento 2 Extension Free","Magento 2 Infinite Scroll","$0.00","Ajax scroll without interruption Freely scroll down & See what page of the... Learn More","Magento 2 Infinite Scroll","https://landofcoder.com/magento-2-infinite-scroll.html","https://landofcoder.com/media/catalog/product/cache/1/small_image/350x/040ec09b1e35df139433887a97daa66f/m/2/m2-infinite-scroll.png"
"1587939825-365","https://landofcoder.com/magento-2-extension-free.html","Magento 2 Extension Free","Brand Extension for Magento 2","$0.00","Create and show flexible professional brand carousel, most inspirational brand... Learn More","Brand Extension for Magento 2","https://landofcoder.com/magento-2-brand-extension.html","https://landofcoder.com/media/catalog/product/cache/1/small_image/350x/040ec09b1e35df139433887a97daa66f/m/2/m2-ship-by-brand-main.jpg"
"1587939836-420","https://landofcoder.com/sale-motivation.html","Sale Motivation","Magento 2 Affiliate Extension","$149.00","Modern digital commerce requires modern marketing strategy, and affiliate... Learn More","Magento 2 Affiliate Extension","https://landofcoder.com/magento-2-affiliate-extension.html","https://landofcoder.com/media/catalog/product/cache/1/small_image/350x/040ec09b1e35df139433887a97daa66f/m/2/m2-affiliate-extension.png"
"1587939836-421","https://landofcoder.com/sale-motivation.html","Sale Motivation","Magento 2 Advanced Reports","$129.00","Magento 2 Advanced Reports offer you sales performance status with 28 reports.... Learn More","Magento 2 Advanced Reports","https://landofcoder.com/magento-2-advanced-reports.html","https://landofcoder.com/media/catalog/product/cache/1/small_image/350x/040ec09b1e35df139433887a97daa66f/m/2/m2-advanced-report.png"
"1587939829-389","https://landofcoder.com/image-media.html","Image & Media","Blog Extension for Magento 2","$129.00","Magento 2 Blog Extension attracts more target audiences to the online store... Learn More","Blog Extension for Magento 2","https://landofcoder.com/magento-2-blog-extension.html","https://landofcoder.com/media/catalog/product/cache/1/small_image/350x/040ec09b1e35df139433887a97daa66f/m/a/magento-2-blog-extension-main-1.png"
"1587939834-404","https://landofcoder.com/administration.html","Administration","Magento 2 Advanced Reports","$129.00","Magento 2 Advanced Reports offer you sales performance status with 28 reports.... Learn More","Magento 2 Advanced Reports","https://landofcoder.com/magento-2-advanced-reports.html","https://landofcoder.com/media/catalog/product/cache/1/small_image/350x/040ec09b1e35df139433887a97daa66f/m/2/m2-advanced-report.png"
"1587939831-401","https://landofcoder.com/conversion-rate.html","Conversion Rate","Magento 2 Reward Points","$149.00","‘90% of all customers exchange their reward points during the checkout... Learn More","Magento 2 Reward Points","https://landofcoder.com/magento-2-reward-points.html","https://landofcoder.com/media/catalog/product/cache/1/small_image/350x/040ec09b1e35df139433887a97daa66f/m/2/m2-reward-points-main.jpg"
"1587939825-370","https://landofcoder.com/magento-2-extension-free.html","Magento 2 Extension Free","Magento 2 Advanced Reports","$129.00","Magento 2 Advanced Reports offer you sales performance status with 28 reports.... Learn More","Magento 2 Advanced Reports","https://landofcoder.com/magento-2-advanced-reports.html","https://landofcoder.com/media/catalog/product/cache/1/small_image/350x/040ec09b1e35df139433887a97daa66f/m/2/m2-advanced-report.png"
"1587939838-433","https://landofcoder.com/user-experience.html","User Experience","Magento 2 Order Tracking","$45.00","Magento 2 order tracking extension will take your customers directly to the... Learn More","Magento 2 Order Tracking","https://landofcoder.com/magento-2-order-tracking-extension.html","https://landofcoder.com/media/catalog/product/cache/1/small_image/350x/040ec09b1e35df139433887a97daa66f/m/a/magento-2-order-tracking-main.png"
"1587939834-414","https://landofcoder.com/administration.html","Administration","Magento 2 Westpac Payway Payment","$99.00","Magento 2 Westpac Payway Payment is a stunning payment gateway solution which... Learn More","Magento 2 Westpac Payway Payment","https://landofcoder.com/magento-2-westpac-payway-payment.html","https://landofcoder.com/media/catalog/product/cache/1/small_image/350x/040ec09b1e35df139433887a97daa66f/m/a/main_image_3_3.jpg"
"1587939823-363","https://landofcoder.com/multi-vendor-marketplace.html","Marketplace","Magento 2 Marketplace Facebook Livechat","$99.00","Facebook has taken the world by storm and become an important element in the... Learn More","Magento 2 Marketplace Facebook Livechat","https://landofcoder.com/marketplace-facebook-livechat.html","https://landofcoder.com/media/catalog/product/cache/1/small_image/350x/040ec09b1e35df139433887a97daa66f/m/a/main-image-facebook-chat.jpg"
"1587939838-435","https://landofcoder.com/user-experience.html","User Experience","Blog Extension for Magento 2","$129.00","Magento 2 Blog Extension attracts more target audiences to the online store... Learn More","Blog Extension for Magento 2","https://landofcoder.com/magento-2-blog-extension.html","https://landofcoder.com/media/catalog/product/cache/1/small_image/350x/040ec09b1e35df139433887a97daa66f/m/a/magento-2-blog-extension-main-1.png"
"1587939821-352","https://landofcoder.com/magento-2-b2b-extensions.html","Magento 2 B2B Extensions","Required Login for Magento 2 | Force Customer Login","$69.00","“This page requires login to access. Please log in first.”. Have you got... Learn More","Required Login for Magento 2 | Force Customer Login","https://landofcoder.com/magento-2-force-login.html","https://landofcoder.com/media/catalog/product/cache/1/small_image/350x/040ec09b1e35df139433887a97daa66f/m/a/magento-2-force-login-main.png"
"1587939827-388","https://landofcoder.com/customer-support.html","Customer Support","OnePay Payment Gateway for Magento 2","$0.00","Free Magento 2 onepay extension is integrated with OnePay payment gateway.... Learn More","OnePay Payment Gateway for Magento 2","https://landofcoder.com/magento-2-onepay-payment-gateway.html","https://landofcoder.com/media/catalog/product/cache/1/small_image/350x/040ec09b1e35df139433887a97daa66f/m/2/m2-onepay-payment.png"
"1587939821-344","https://landofcoder.com/magento-2-b2b-extensions.html","Magento 2 B2B Extensions","Magento 2 Customer Attributes Extension","$199.00","Magento 2 customer attributes helps to create an unlimited number of... Learn More","Magento 2 Customer Attributes Extension","https://landofcoder.com/magento-2-customer-attributes.html","https://landofcoder.com/media/catalog/product/cache/1/small_image/350x/040ec09b1e35df139433887a97daa66f/m/a/magento-2-customer-attributes-main.png"
"1587939836-419","https://landofcoder.com/sale-motivation.html","Sale Motivation","Magento 2 SMTP Extension","$168.00","Magento 2 SMTP extension supports to do basic assistance functions such as... Learn More","Magento 2 SMTP Extension","https://landofcoder.com/magento-2-smtp-extension.html","https://landofcoder.com/media/catalog/product/cache/1/small_image/350x/040ec09b1e35df139433887a97daa66f/m/a/magento-2-smtp-main.png"
"1587939838-430","https://landofcoder.com/user-experience.html","User Experience","Magento 2 Auto Search","$45.00","Need solution for your customers search product fast? Our Magento 2 Search... Learn More","Magento 2 Auto Search","https://landofcoder.com/magento-2-search.html","https://landofcoder.com/media/catalog/product/cache/1/small_image/350x/040ec09b1e35df139433887a97daa66f/m/2/m2-auto-search.png"
"1587939831-393","https://landofcoder.com/conversion-rate.html","Conversion Rate","Magento 2 FirstData Payeezy GGe4 Payment Extension","$160.00","Don’t like Paypal & Paymentwall? And are you looking for other... Learn More","Magento 2 FirstData Payeezy GGe4 Payment Extension","https://landofcoder.com/magento-2-firstdata-payeezy-payment.html","https://landofcoder.com/media/catalog/product/cache/1/small_image/350x/040ec09b1e35df139433887a97daa66f/m/a/magento-2-firstdata-payeezy-mainimage.jpg"
"1587939825-367","https://landofcoder.com/magento-2-extension-free.html","Magento 2 Extension Free","Free Magento 2 Facebook Live Chat Extension","$0.00","The integration of Facebook Messenger into your store can make the... Learn More","Free Magento 2 Facebook Live Chat Extension","https://landofcoder.com/free-magento-2-facebook-live-chat-extension.html","https://landofcoder.com/media/catalog/product/cache/1/small_image/350x/040ec09b1e35df139433887a97daa66f/m/2/m2-facebook-live-chat.jpg"
"1587939831-397","https://landofcoder.com/conversion-rate.html","Conversion Rate","Blog Extension for Magento 2","$129.00","Magento 2 Blog Extension attracts more target audiences to the online store... Learn More","Blog Extension for Magento 2","https://landofcoder.com/magento-2-blog-extension.html","https://landofcoder.com/media/catalog/product/cache/1/small_image/350x/040ec09b1e35df139433887a97daa66f/m/a/magento-2-blog-extension-main-1.png"
"1587939823-359","https://landofcoder.com/multi-vendor-marketplace.html","Marketplace","Magento 2 Marketplace Auction Addons","$179.00","Auction is quite well-known Marketing concept in the Marketplace, which... Learn More","Magento 2 Marketplace Auction Addons","https://landofcoder.com/magento-2-marketplace-auction.html","https://landofcoder.com/media/catalog/product/cache/1/small_image/350x/040ec09b1e35df139433887a97daa66f/a/u/auction-main.jpg"
"1587939840-442","https://landofcoder.com/rich-content.html","Rich Content","Magento 2 Membership Extension","$99.00","Magento 2 Membership extension allows the store owners to create and manage... Learn More","Magento 2 Membership Extension","https://landofcoder.com/magento-2-membership-extension.html","https://landofcoder.com/media/catalog/product/cache/1/small_image/350x/040ec09b1e35df139433887a97daa66f/m/a/magento-2-membership-main.png"
"1587939840-441","https://landofcoder.com/rich-content.html","Rich Content","Testimonials Extension for Magento 2","$89.00","Impress your customers and enhance your store credibility with Magento 2... Learn More","Testimonials Extension for Magento 2","https://landofcoder.com/testimonial-extension-for-magento2.html","https://landofcoder.com/media/catalog/product/cache/1/small_image/350x/040ec09b1e35df139433887a97daa66f/m/a/magento-2-testimonial-main.png"
"1587939838-438","https://landofcoder.com/user-experience.html","User Experience","Magento 2 Nab Transact Payment Gateway","$99.00","Nab Transact Payment Gateways offer you massive flexibility with highest level... Learn More","Magento 2 Nab Transact Payment Gateway","https://landofcoder.com/magento-2-nab-transact-payment-gateway.html","https://landofcoder.com/media/catalog/product/cache/1/small_image/350x/040ec09b1e35df139433887a97daa66f/m/2/m2-nab-transact-payment-gateway-main.jpg"
"1587939840-448","https://landofcoder.com/rich-content.html","Rich Content","Magento 2 Marketplace Extension","$399.00","Magento 2 Multi vendor Marketplace Extension helps to convert your eCommerce... Learn More","Magento 2 Marketplace Extension","https://landofcoder.com/magento-2-marketplace-extension.html","https://landofcoder.com/media/catalog/product/cache/1/small_image/350x/040ec09b1e35df139433887a97daa66f/m/a/magento-2-marketplace-ava.png"
"1587939827-381","https://landofcoder.com/customer-support.html","Customer Support","Magento 2 One Step Checkout PRO","$399.00","If you are having a problem with your Magento 2 store high cart abandonment... Learn More","Magento 2 One Step Checkout PRO","https://landofcoder.com/magento-2-one-step-checkout-pro.html","https://landofcoder.com/media/catalog/product/cache/1/small_image/350x/040ec09b1e35df139433887a97daa66f/m/a/magento-2-one-step-checkout-pro-main.png"
"1587939823-356","https://landofcoder.com/multi-vendor-marketplace.html","Marketplace","Magento 2 Marketplace DHL Shipping","$199.00","Magento 2 Marketplace DHL Shipping allows the vendor to deliver their products... Learn More","Magento 2 Marketplace DHL Shipping","https://landofcoder.com/magento-2-marketplace-dhl-shipping.html","https://landofcoder.com/media/catalog/product/cache/1/small_image/350x/040ec09b1e35df139433887a97daa66f/d/h/dhlmain.jpg"
"1587939836-418","https://landofcoder.com/sale-motivation.html","Sale Motivation","Magento 2 out of stock notification","$99.00","If you are in the search for a tool that can help you to keep your customers... Learn More","Magento 2 out of stock notification","https://landofcoder.com/magento-2-out-of-stock-notification.html","https://landofcoder.com/media/catalog/product/cache/1/small_image/350x/040ec09b1e35df139433887a97daa66f/m/a/magento-2-out-of-stock-notification-main.png"
"1587939821-349","https://landofcoder.com/magento-2-b2b-extensions.html","Magento 2 B2B Extensions","Magento 2 Hide Price","$128.00","Magento 2 Hide Price Extension is a smart solution for both B2B & B2C... Learn More","Magento 2 Hide Price","https://landofcoder.com/magento-2-hide-price.html","https://landofcoder.com/media/catalog/product/cache/1/small_image/350x/040ec09b1e35df139433887a97daa66f/m/a/magento-2-hide-price-main.png"
"1587939821-346","https://landofcoder.com/magento-2-b2b-extensions.html","Magento 2 B2B Extensions","Magento 2 Price Comparison","$99.00","Magento 2 Price Comparison extension help you push your store’s... Learn More","Magento 2 Price Comparison","https://landofcoder.com/magento-2-price-comparison.html","https://landofcoder.com/media/catalog/product/cache/1/small_image/350x/040ec09b1e35df139433887a97daa66f/m/a/magento-2-price-comparison-main.png"
"1587939831-394","https://landofcoder.com/conversion-rate.html","Conversion Rate","Magento 2 First Data Payeezy Hosted Extension","$160.00","No need SSL Certificate for your Magento 2 Payment, this Magento 2 Payeezy... Learn More","Magento 2 First Data Payeezy Hosted Extension","https://landofcoder.com/magento-2-firstdata-payeezy-hosted.html","https://landofcoder.com/media/catalog/product/cache/1/small_image/350x/040ec09b1e35df139433887a97daa66f/m/a/magento-2-payeezy.png"
"1587939840-445","https://landofcoder.com/rich-content.html","Rich Content","Magento 2 Product Attachments","$119.00","Magento 2 Product Attachments extension allows admin to upload numerous file... Learn More","Magento 2 Product Attachments","https://landofcoder.com/magento-2-product-attachments.html","https://landofcoder.com/media/catalog/product/cache/1/small_image/350x/040ec09b1e35df139433887a97daa66f/m/a/magento-2-product-attachment-main.png"
