﻿web-scraper-order,web-scraper-start-url,description,avgreview
"1588017251-1164","https://www.mageplaza.com/magento-2-store-pickup-extension/","Magento 2 Store Pickup adds an extra shipping method allowing customers to collect their orders right at the store by themselves. This supports to reduce the potential shipping risks from a third party, and enhances shopping experience with new pickup choice.","5.0"
"1588017484-1267","https://www.mageplaza.com/magento-2-commweb/","Magento 2 Commonwealth Bank CommWeb extension integrates an additional gateway - Commonwealth Bank CommWeb provided by the Commonwealth Banks to Magento 2 online stores. Commonwealth Bank CommWeb facilitates the payment process of shoppers, which contributes to increase the conversion rate of e-commerce business.","5.0"
"1588017501-1275","https://www.mageplaza.com/magento-2-better-sorting/","Magento 2 Sorting is the supportive extension which assists online shoppers to easily and quickly find out preferred products via sorting out. Mageplaza Better Sorting extension enhances user experience during shopping time significantly and improves sales of online stores effectively.",""
"1588017231-1155","https://www.mageplaza.com/magento-2-wepay/","WePay Integration for Magento 2 enables almost worldwide credit cards such as VISA, Mastercard, Amex, Discover, JCB, Diners Club, etc. Customers can process payments directly by default Magento checkout, via iframe form or being redirected to WePay website with the highest security and convenience. Using WePay extension definitely helps customers save time and gain more trust when purchasing online with your stores!",""
"1588017367-1212","https://www.mageplaza.com/magento-2-order-labels-extension/","Magento 2 Order Labels extension allows adding extra columns, then auto-assigning labels with colorful images or any icons to orders at the backend order grid. Order Labels helps to clarify the orders recorded at the admin backend with better information and illustration.",""
"1588017349-1204","https://www.mageplaza.com/magento-2-product-labels/","Magento 2 Product Labels extension is an effective extension which attracts customers’ attention and motivates purchasing behavior. Appealing sales labels appointed to specific promotion campaign will support store owners to increase conversion rate then boost their sales significantly. Mageplaza Product Labels module allows admins to customize labels quickly and freely.","5.0"
"1588017450-1251","https://www.mageplaza.com/magento-2-extra-fee/","Magento 2 Extra Fee extension supports online stores to add additional fees for specific services such as gift wrapping, rush delivery and display them on the storefront. This brings the flexibility for store owners to introduce and offer better services to customers during their purchasing.","5.0"
"1588017481-1266","https://www.mageplaza.com/magento-2-countdown-timer/","Magento 2 Countdown Timer helps e-commerce stores to drive sales effectively by adding extra countdown clocks to special products or offers. It brings effectiveness for stores and enhance shopping experience significantly.","5.0"
"1588017534-1290","https://www.mageplaza.com/magento-2-ajax-layered-navigation/","Magento 2 Ajax Layered Navigation by Mageplaza is a clever solution to improve user experience during their shopping on online stores. This extension applies the modern AJAX technology to enhance the filtering systems to boost the satisfaction of customers towards every filtering action on pages.","4.8"
"1588017547-1296","https://www.mageplaza.com/magento-2-abn-amro/","ABN AMRO Integration supports Magento 2 stores in offering their customers a fast and secure online payment method using their bank accounts. The module configuration is also fully compliant with EU regulations for banking and payment providers. Your customers are highly protected for their purchases paid by ABN AMRO thanks to the consent token system as well.",""
"1588017238-1158","https://www.mageplaza.com/magento-2-twitter-widget/","Twitter Widget for Magento 2 allows stores to attach Twitter account in store websites. This is the trendy way to connect more Twitter users with the stores easily. Twitter Widget is a way to better interact with customers and make the shopping site look up-to-date and professional.","5.0"
"1588017444-1248","https://www.mageplaza.com/magento-2-follow-up-email/","Magento 2 Follow Up Email generate and send numerous triggered emails based on customer activity to build productive relationships with clients and increase the number of repeated purchases. Customize email templates and effectively manage email dispatch.",""
"1588017452-1252","https://www.mageplaza.com/magento-2-email-attachments/","Magnento 2 Email Attachments by Mageplaza allows attaching important billing documents as PDF invoice, Credit Memo, Shipment and adds Terms and Conditions to sales emails. This helps customers follow all purchasing information while checking emails from stores.","5.0"
"1588017530-1288","https://www.mageplaza.com/magento-2-automatic-related-products/","Magento 2 Automatic Related Products is a module which uses sets of conditions and actions as rules to establish relations between displayed products and related items. Its flexibility in generating unlimited rules for each product makes itself an all-round product recommendation tool.","5.0"
"1588017383-1220","https://www.mageplaza.com/magento-2-multi-flat-rates-shipping/","Magento 2 Multiple Shipping Flat Rates Shipping by Mageplaza is regarded as a must-have extension which assists store owners to diversify the shipping charges based on different countries. This brings benefits to both store owners and customers.","4.9"
"1588017503-1276","https://www.mageplaza.com/magento-2-better-product-reviews/","Magento 2 Product Reviews extension brings a better solution for reviews and ratings in online shopping stores. This is a great tool to support customers with useful information and better experience while store owners gain more feedbacks and improve better service.","5.0"
"1588017427-1240","https://www.mageplaza.com/magento-2-gift-wrap/","Gift Wrap by Mageplaza helps customers wrap their purchased items as lovely gifts and attach the message gift to send to their beloved. The extension definitely brings the great shopping experience for shoppers on special occasions.","5.0"
"1588017282-1179","https://www.mageplaza.com/magento-2-share-cart/","Share Cart Extension by Mageplaza allows customers to share their shopping cart with friends and family. This is a useful way to promote store’s products via the existing users efficiently and improve stores’ conversion rate.","4.8"
"1588017354-1206","https://www.mageplaza.com/magento-2-product-finder/","Magento 2 Product Finder is the advanced finder tool for Magento 2 store sites, which facilitates customers to find out their desired products quickly via multiple product filters. The extension saves customers a lot of their shopping time, enhances user experience and increases the conversion rate for online stores.",""
"1588017387-1222","https://www.mageplaza.com/magento-2-moneris/","Magento 2 Moneris Payment Gateway allows store owners to accept a great number of payment methods directly on the store site. With Moneris, customers can stay on the store during checkout instead of being redirected an external page. This considerably increases the conversion rates of the online stores.",""
"1588017414-1234","https://www.mageplaza.com/magento-2-image-optimizer/","Magento 2 Image Optimizer extension is the essential solution for Magento 2 store site to compress and optimize images. Optimizing images contributes to speed up page load, enhance user experience and increase conversion rate significantly.","5.0"
"1588017401-1228","https://www.mageplaza.com/magento-2-login-as-customer/","Magento 2 Login As Customer is the helpful extension which provides store administrators the access capabilities the same as customers. This will support stores on behalf of customers to take charge of their accounts in specific necessary or urgent cases.","5.0"
"1588017412-1233","https://www.mageplaza.com/magento-2-import-export-categories/","Magento 2 Import Export Categories allows admins to add a large number of categories at once. This is a great solution to help store owners to simplify their workload and increase productivity.",""
"1588017257-1167","https://www.mageplaza.com/magento-2-special-promotions/","Magento 2 Special Promotions extension enhances cart price rules to help e-commerce stores create many more discounts and promotions to attract customers and boost sales significantly.",""
"1588017308-1191","https://www.mageplaza.com/magento-2-review-reminder/","Magento 2 Review Reminder extension is a great solution for your store to increase conversion rate and boost sale. By allowing sending automated notifications to customers who have purchased products from the store, you can save time and get more reviews from them. The more reviews you get, the more trustworthy the store looks, which is an important factor for customers to decide on buying products from your store.","4.8"
"1588017456-1254","https://www.mageplaza.com/magento-2-delivery-time-extension/","Magento 2 Delivery Time is an advanced feature which enhances UX at your checkout page. The module makes delivery easy for customers with a user-friendly interface. Allows leaving a delivery comment and entering a security code.","5.0"
"1588017440-1246","https://www.mageplaza.com/magento-2-free-shipping-bar/","Magento 2 Free Shipping Bar extension helps increase your customers' shopping cart size by delivering a tempting offer. The module works as a reminder of the extra benefits buyers get when they spend more on your store.","5.0"
"1588017268-1172","https://www.mageplaza.com/magento-2-sms-notification/","Magento 2 SMS Notification extension enhances the notice-transfer operation of Magento 2 online stores by using SMS messages. Customers can be notified instantly via SMS about their order/invoice/ shipment/ credit memo creation and other activities as sharing, subscription. Also, store admins receive SMS alerts about store activities and common errors frequently.",""
"1588017341-1200","https://www.mageplaza.com/magento-2-promo-bar/","Magento 2 Promo Bar extension help stores online display notifications, promotion campaigns easily via small bars on the top of pages or any positions to attract customers. The module works effectively to draw customer attention and increase store sales.","5.0"
"1588017223-1151","https://www.mageplaza.com/magento-2-worldpay/","Magento 2 Worldpay Payment extension integrates the leading Worldpay gateway to Magento 2 stores, supporting both store owners and customers to access many payment methods and increasing conversion rate thanks to payment convenience.","5.0"
"1588017528-1287","https://www.mageplaza.com/magento-2-b2b-signup/","Magento 2 B2B Sign Up - B2B Registration Form is the proper solution for e-commerce stores to optimize the sign-up procedure. Store admins can add unlimited attributes to collect customer information clearly and specify B2B customers from the registration form. Then, every registration is required to pass the admin’s approval before the first login.",""
"1588017410-1232","https://www.mageplaza.com/magento-2-import-export-cms/","Magento 2 Import Export CMS Pages is the extension which assists online stores transfer data of CMS Pages or Blocks from Magento 1 site to Magento 2 site, or Magento 2 site to any other data sources easily. This simplifies the data-update process of online stores to become faster and more effective.",""
"1588017518-1283","https://www.mageplaza.com/magento-2-barclaycard/","Barclaycard is the UK’s payment gateway reaching customers and clients globally across 40 countries. Magento 2 Barclaycard facilitates every online payment with all major credit cards including Visa, Mastercard, American Express, Maestro, Diners Club and JCB.",""
"1588017347-1203","https://www.mageplaza.com/magento-2-product-questions/","Magento 2 Product Questions extension effectively assists customers to reach frequent questions related to their concerned products and other policies quickly and easily thanks to Knowledge Base search box and question category page with the Knowledge Base and Product questions List. Besides, customers can find it easy and convenient to address questions right on the page. Noticeably, this extension also well facilitates SEO effect.","4.8"
"1588017408-1231","https://www.mageplaza.com/magento-2-instagram-feed/","Instagram Feed is an effective extension to integrate Instagram images to Magento 2 stores. This trendy module allows placing eye-catching Instagram photos block to any pages, which will draw customer retention and bring a modern look to online stores.","4.8"
"1588017460-1256","https://www.mageplaza.com/magento-2-daily-deal-extension/","Magento 2 Daily Deal extension attracts new buyers and converts them to repeat customers. The module enables stores to feature appealing daily deals to customers and motivates them to purchase as quickly as possible. Daily Deal extension by Mageplaza boosts sale and increase customer retention.","5.0"
"1588017375-1216","https://www.mageplaza.com/magento-2-order-archive/","Magento 2 Order Archive by Mageplaza is the great solution which helps online stores to archive old or unwanted orders. This will make sure the order grid is always organised and up-to-date.",""
"1588017247-1162","https://www.mageplaza.com/magento-2-stripe/","Magento 2 Stripe Payment allows store owners to accept a great number of payment methods directly on the store site. With Stripe Payment Gateway, customers can stay on the store during checkout instead of being redirected an external page. This considerably increases the conversion rates of the online stores.","5.0"
"1588017416-1235","https://www.mageplaza.com/magento-2-hide-price/","Magento 2 Hide Price extension is a great solution for Magento 2 businesses to control price visibility. The advanced module encourages customers to contact stores directly and helps admins manage product prices with ease.","5.0"
"1588017270-1173","https://www.mageplaza.com/magento-2-size-chart/","Magento 2 Size Chart extension can be highly customized to provide perfectly detailed size guides on various product types and categories. In-line and pop-up size charts are supported. Size Chart extension also provides 6 ready-to-use size tables.","4.8"
"1588017345-1202","https://www.mageplaza.com/magento-2-product-slider-extension/","Magento 2 Product Slider module allows showing all suggested products friendly that match to customer’s expectation.","4.8"
"1588017274-1175","https://www.mageplaza.com/magento-2-shop-by-brand/","Magento 2 Shop by Brand extension brings a wholly new level of looking up products for visitors - Shop by brand! Your visitors will be given a chance to look for the brand they like easily as well as experience unique attractive brand page.","4.9"
"1588017435-1244","https://www.mageplaza.com/magento-2-freshsales/","Magento 2 Freshsales integration is a great solution for auto-synchronizing customer and order data from Magento 2 stores to the Freshsales system. The module helps you update and manage all necessary information to enhance customer relationships and implement stores’ campaigns successfully.",""
"1588017490-1270","https://www.mageplaza.com/magento-2-canada-post/","Magento 2 Canada Post Shipping extension integrates Canada Post API with Magento 2 to extend the shipping methods to customers worldwide, especially Canadian shoppers.",""
"1588017526-1286","https://www.mageplaza.com/magento-2-b2b/","",""
"1588017403-1229","https://www.mageplaza.com/magento-2-lazy-loading/","Magento 2 Lazy Loading extension allows speeding up the site load by showing the image only at the demanding time. Lazy Loading improves site performance and reduces bounce rate due to slow loading.","5.0"
"1588017507-1278","https://www.mageplaza.com/magento-2-order-grid/","Magento 2 Order Grid extension adds more columns and group them logically, helping store admins easily view order grid, manage and process orders better and more effectively.","5.0"
"1588017495-1272","https://www.mageplaza.com/magento-2-better-wishlist/","Magento 2 Wishlist extension brings an excellent solution to help customers create multiple wishlists to save any their preferred items organizedly. Various wishlist categories assist shoppers manage and access their wishlists much more quickly and easily.","5.0"
"1588017253-1165","https://www.mageplaza.com/magento-2-store-locator-extension/","Magento 2 Store Locator extension is a superb module to manage store location. This module assists customers to find out the nearest shop location with ease.","5.0"
"1588017462-1257","https://www.mageplaza.com/magento-2-customer-attributes/","Magento 2 Customer Attributes extension is a useful tool adding extra attribute fields to collect valuable customer information on registration or account page.","4.3"
"1588017356-1207","https://www.mageplaza.com/magento-2-product-feed-extension/","Magento 2 Product Feed extension works as a communication tool among your online store and other shopping channels like Google Shopping, Amazon, eBay, Bing, and Facebook. This module helps to generate, upload and operate product feeds on other shopping engines. Hence, this brings more exposure opportunities, attract more customers and drive big sales for your store.","5.0"
"1588017537-1291","https://www.mageplaza.com/magento-2-ajax-cart-extension/","Magento 2 AJAX Cart extension which not only allows customers to preview the information of products faster but also enables them to add the items which they preferred to their carts without having to leave the current site. This solution will help improve the shopping experience of customers and increase conversion rates.",""
"1588017509-1279","https://www.mageplaza.com/magento-2-better-maintenance/","Magento 2 Maintenance extension helps you notify customers that your site is currently under maintenance or upgradation, and prepare for upcoming products/ services. Thanks to Better Maintenance module, store visitors are well informed about maintenance progress as well as the launch date with comfort.","4.5"
"1588017316-1195","https://www.mageplaza.com/magento-2-quick-view/","Magento 2 Quick View extension is a mixture extension which not only helps customers to quick view product information but also adds preferred items to carts without leaving the current page. This is the very time-saving and user-friendly solution to online stores, which improves the shopping experience and enhance conversion rates.",""
"1588017310-1192","https://www.mageplaza.com/magento-2-required-login/","Magento 2 Required Login by Mageplaza is the supportive login extension. This module allows the store owner to restrict access to specific pages and set information visibility to registered users only. This module supports online stores to manage users and protect store information better.","5.0"
"1588017505-1277","https://www.mageplaza.com/magento-2-better-popup/","Mageplaza Better Popup / Exit Intent Popup for Magento 2 improves customer retention and converts abandoning store visitors to customers/subscribers. With the support of exit-intent popups, online stores can draw attention to subscription, discount coupons and other content on their page.","4.8"
"1588017543-1294","https://www.mageplaza.com/magento-2-reports-extension/","",""
"1588017512-1280","https://www.mageplaza.com/magento-2-better-coupon/","Magento 2 Better Coupon extension help generate and import coupon codes which cuts down workload for admins yet improves customer experience. Coupon codes now can be quickly generated, sent via emails or auto-applied via private coupon links.","4.7"
"1588017369-1213","https://www.mageplaza.com/magento-2-order-history/","Magento 2 Order History extension allows store admins to access order details via Customer and Product Edit Pages at the backend easily. Online stores can view and manage any orders related to a customer or a product much more conveniently.",""
"1588017454-1253","https://www.mageplaza.com/magento-2-edit-order/","Edit Order for Magento 2 brings a great improvement in editing orders with the pop-up support, avoiding page redirection and order cancellation. All information related to an order can be modified on only one page - the View Order page more quickly, easily and conveniently than ever!","5.0"
"1588017392-1224","https://www.mageplaza.com/magento-2-membership/","Magento 2 Membership extension allows store owners to create unlimited membership levels with diverse incentives. This is supportive extension which increases loyal customers for online stores and enhance the shopping experience significantly.",""
"1588017289-1182","https://www.mageplaza.com/magento-2-securepay/","Magento 2 SecurePay extension helps store owners to add another popular e-commerce gateway which is widely used in Australia. SecurePay supports customers to make payment easily via different cards including Visa, MasterCard, American Express, Diners Club, JCB.",""
"1588017431-1242","https://www.mageplaza.com/magento-2-geoip/","Magento 2 GeoIP is a useful extension which allows detecting customers’ location based on their IP addresses while they are shopping at the stores. This is the essential feature to assist store owners to bring a better experience for customers during their shopping journey.","5.0"
"1588017422-1238","https://www.mageplaza.com/magento-2-google-maps/","Magento 2 Google Maps extension allows displaying the location of the store on Contact us Page, which makes the site look more informative and professional.","4.9"
"1588017362-1210","https://www.mageplaza.com/magento-2-pre-order/","Magento 2 Pre Order by Mageplaza allows customers to place the order to the products which are not available at the current purchase. With the support of Magento 2, customers can keep going to process checkout with unavailable or out-of-stock products easily.","5.0"
"1588017225-1152","https://www.mageplaza.com/magento-2-who-viewed-this-also-viewed/","Magento 2 Who Viewed This Also Viewed extension by Mageplaza allows suggesting a group of related products which are viewed by other customers in a period of time to the current viewer. This is an effective tool for online stores to introduce cross-sell or up-sell products, and boost up sales significantly.",""
"1588017343-1201","https://www.mageplaza.com/magento-2-promo-banner/","Magento 2 Promo Banner decorates store sites with promotion and notification banners with various styles, especially slider and pop-up. Promo Banner supports to attract customers and notify them about any store updates such as sales campaigns, upcoming events and latest news effectively.","5.0"
"1588017493-1271","https://www.mageplaza.com/magento-2-call-for-price/","Magento 2 Call For Price supports e-commerce shop owners to manage the product price visibility. Call For Price is useful to specific purposes that push buyers to contact to store as well as hide product prices effectively.","5.0"
"1588017469-1260","https://www.mageplaza.com/magento-2-custom-order-number/","Magento 2 Custom Order Number helps online stores change order increment ID to protect sensitive business data. Also, the module attracts new customers by showing them a more professional order number system.","5.0"
"1588017306-1190","https://www.mageplaza.com/magento-2-reward-points-extension/","",""
"1588017479-1265","https://www.mageplaza.com/magento-2-cro/","",""
"1588017301-1188","https://www.mageplaza.com/magento-2-sage-pay/","Magento 2 Sage Pay extension integrates Sage Pay gateway to e-commerce stores to help customers’ payment process much faster and more convenient. Sage Pay gateway accepts all major credit cards and allows saving Sage Pay cards securely with token systems.",""
"1588017234-1156","https://www.mageplaza.com/magento-2-webhook/","Mageplaza Webhook for Magento 2 helps online store to configure to send an API request to a configurable destination (URL) when specific event entities occur. This is a very useful tool supporting stores updates instant, real-time notifications.","4.8"
"1588017539-1292","https://www.mageplaza.com/magento-2-age-verification/","Age Verification for Magento 2 by Mageplaza requires one more step about the age requirement for customers before getting the permission to view or make purchases on specific store pages.","5.0"
"1588017438-1245","https://www.mageplaza.com/magento-2-frequently-bought-together/","Frequently Bought Together Extension is a tool that allows suggesting related products for customers and helps online stores boost sales. Add all items to their cart simultaneously.","5.0"
"1588017242-1160","https://www.mageplaza.com/magento-2-table-rate-shipping/","Magento 2 Table Rate Shipping extension helps your stores to create unlimited custom shipping methods and shipping rates based on various condition combinations. Especially, shipping rate calculation is upgraded with volumetric weight, rate-setting types and more.",""
"1588017532-1289","https://www.mageplaza.com/magento-2-search-extension/","Magento 2 Advanced Search extension is developed with Ajax function. It combines all advanced techniques for searching online. The search result will be shown as a drop-down list after starting typing only the first letter of the keywords in the search box.","4.8"
"1588017550-1297","https://www.mageplaza.com/magento-2-abandoned-cart-email/","Magento 2 Abandoned Cart Email extension helps recover all your customer's forgotten carts by helping them to come back your online store to complete the checkout easily.","4.9"
"1588017229-1154","https://www.mageplaza.com/magento-2-westpac-payway/","Westpac PayWay extension helps Magento 2 stores to integrate a popular online payment service which is simple, secure to better manage cash flow and customer payments.",""
"1588017358-1208","https://www.mageplaza.com/magento-2-product-attachments/","Magento 2 Product Attachments extension enriches your product page by allowing admins to attach single or multiple informative files to every product in any formats. Admin can drag and drop to quickly upload attachments as well as restrict the file viewability and downloadability. Attract your customers by eye-catching file icons and well-documented attachments.","5.0"
"1588017293-1184","https://www.mageplaza.com/magento-2-same-order-number/","Magento 2 Same Order Number by Mageplaza helps store owners easily create the same Increment ID for associated billing documents including Order, Shipment, Invoice and Credit Memo.","5.0"
"1588017291-1183","https://www.mageplaza.com/magento-2-save-cart/","Magento 2 Save Cart and Buy Later extension helps shoppers to save their shopping carts or items for later purchase. Save Cart and Buy Later is one of proven ways to reduce abandonment cart rates effectively.",""
"1588017381-1219","https://www.mageplaza.com/magento-2-name-your-price/","Magento 2 Name Your Price by Mageplaza is the interesting extension which allows customers to make a negotiation for lower prices for their desired products. This functional module motivates customers’ purchase and increases the conversion rate for online stores effectively.","5.0"
"1588017360-1209","https://www.mageplaza.com/magento-2-product-alerts/","Mageplaza Product Alerts for Magento 2 is an excellent solution to keep in touch with customers and update them with every change in product availability and price changes. This is a great bridge to maintain the relationship with customers, improve shopping experience, express good customer care service, and especially contribute to increasing conversion rates.",""
"1588017477-1264","https://www.mageplaza.com/magento-2-cron-schedule/","Magento 2 Cron Schedule extension helps store admins view, manage and schedule cron tasks in an easy way from store backend. The module contributes significantly to prevent errors and improve store performance.","4.0"
"1588017351-1205","https://www.mageplaza.com/magento-2-product-grid/","Magento 2 Product Grid extension help organize and modify the default product grid into the wholly new level. Admins can easily expand product grid with various columns and useful options as well as instantly edit unlimited information there. Simplify admin tasks in the product grid right away!","5.0"
"1588017425-1239","https://www.mageplaza.com/magento-2-google-analytics-pro/","Magento 2 Google Analytics extension helps store owners fetch enhanced ecommerce data from the stores, and send it to Google Analytics more easily and conveniently. With the support of Google Analytics built-in module, store owners can have a clear analysis of the insight into shopping and behavior of customers and make the right business strategies properly.","4.9"
"1588017284-1180","https://www.mageplaza.com/magento-2-seo-extension/","",""
"1588017442-1247","https://www.mageplaza.com/magento-2-free-gifts/","Magento 2 Free Gifts by Mageplaza allows store owners to offer customers free gifts with purchase - ‘surprise and delight moment’ attached with specific products. This module is an effective solution to build customers’ retention and boost sales significantly for online retailers.","4.0"
"1588017227-1153","https://www.mageplaza.com/magento-2-who-bought-this-also-bought/","Who Bought This Also Bought extension for Magento 2 developed by Mageplaza provides many outstanding features which help Magento online store owners increase their revenue as well as improve shoppers’ satisfaction.","4.8"
"1588017236-1157","https://www.mageplaza.com/magento-2-two-factor-authentication/","Magento 2 Two-Factor Authentication is the effective solution with the latest advancement to help e-commerce business increase system security and be better protected from unauthorized access.","5.0"
"1588017394-1225","https://www.mageplaza.com/magento-2-mass-order-actions/","Magento 2 Mass Order Actions is an effective solution to apply actions such as creating invoice/ shipment for mass orders at the same time. Mass Order Actions helps store admins reduce a lot of workload and improves the workflow at online stores significantly.","5.0"
"1588017467-1259","https://www.mageplaza.com/magento-2-custom-stock-status/","Magento 2 Custom Stock Status allows store owners to add any stock status to any products. Custom Stock Status extension is the effective solution to provide customers with more details about product availability, while it helps stores increase sales considerably with attractive stock status labels.","5.0"
"1588017240-1159","https://www.mageplaza.com/magento-2-thank-you-page/","Magento 2 Thank You Page / Checkout Success Page is a supportive extension which beautifies the notice page of successful orders with the more attractive look and adds extra useful information and more.","5.0"
"1588017312-1193","https://www.mageplaza.com/magento-2-request-for-quote/","Magento 2 Request For Quote extension allows customers to request a quote for one, some products or the whole shopping cart easily. Customers will add their preferred items to the quote cart with their wished prices. After viewing the quote requests, store owners can approve, cancel, discuss with customers and modify the quotes. Hence, the module supports both sides to reach a price agreement, which decreases cart abandonment with price reason and increase purchases.",""
"1588017249-1163","https://www.mageplaza.com/magento-2-store-switcher/","Magento 2 Store Switcher by Mageplaza automatically guides international customers of online stores to reach localized stores with the familiar languages and currencies.","5.0"
"1588017385-1221","https://www.mageplaza.com/magento-2-multiple-coupons/","Magento 2 Multiple Coupons is the supportive extension to help customers to add various coupons in one order. This way helps shoppers to gain more chances with better prices while stores can increase conversion rate and boost sales significantly.","5.0"
"1588017486-1268","https://www.mageplaza.com/magento-2-catalog-permissions/","Magento 2 Catalog Permission module allows limiting access to specific categories, products and static pages/ blocks by customer groups. This supports stores owners with business strategies and brings better shopping experience to customers.","5.0"
"1588017276-1176","https://www.mageplaza.com/magento-2-shipping-rules/","Magento 2 Shipping Rules is the wise solution for online stores to create unlimited shipping rates following specific rules. This is the supportive tool to help store owners adjust shipping cost suitably and fairly to particular situations.","5.0"
"1588017514-1281","https://www.mageplaza.com/magento-2-better-change-qty/","Magento 2 Better Change Qty / Quantity Dropdown brings customers with more options to select preferred quantities with different discount prices. This is the supportive extension which supports store owners to gain more benefits and improve shopping experience of customers.","5.0"
"1588017433-1243","https://www.mageplaza.com/magento-2-gdpr-extension/","Magento 2 GDPR is a must-have extension which helps e-commerce stores get ready for the data privacy regulations which will be officially valid on May 25th, 2018.","5.0"
"1588017266-1171","https://www.mageplaza.com/magento-2-smtp/","Magento 2 SMTP helps improve your email reputation which is vital for every email marketing campaign. Say GOODBYE to SPAMBOX now! With friendly configurable port and host, brief modules along with user guide line stick below the fields, this extension is surely be useful for every online store.","4.9"
"1588017318-1196","https://www.mageplaza.com/magento-2-quick-order/","Magento 2 Quick Order extension by Mageplaza assists customers in placing a bulk order more quickly. This helps wholesalers cut down abandonment and boost sales.","5.0"
"1588017259-1168","https://www.mageplaza.com/magento-2-social-suite/","Magento 2 Social Suite is the mixture extension for Magento 2 store to optimize the sales effectiveness in social channels via the integration of multiple applications including Social Login, Social Share, Facebook Plugin, Instagram Feed, Twitter Widget, and Share Cart.",""
"1588017429-1241","https://www.mageplaza.com/magento-2-gift-card-extension/","",""
"1588017365-1211","https://www.mageplaza.com/magento-2-payment-restriction/","Magento 2 Payment Restrictions extension is the restriction tool which uses conditions to assign payment methods. With this extension, store owners can restrict payment choices of customers by store views, customer groups, countries/states, product attributes and more.","5.0"
"1588017263-1170","https://www.mageplaza.com/magento-2-social-login-extension/","Magento 2 Social Login extension is designed for quick login to your Magento 2 store without processing complex register steps","4.9"
"1588017287-1181","https://www.mageplaza.com/magento-2-security/","",""
"1588017522-1285","https://www.mageplaza.com/magento-2-backend-reindex/","Magento 2 Backend Reindex extension allows store admins to update individual or all indexes manually right from the admin backend easily instead of running the command line.","5.0"
"1588017473-1262","https://www.mageplaza.com/magento-2-custom-checkout-fields/","Magento 2 Custom Checkout Fields extension allows online stores to add more checkout fields and display them on the different positions on the checkout page. This extension helps admins to collect sufficient information at the checkout step, perfect the order process, and satisfy customers.","4.9"
"1588017499-1274","https://www.mageplaza.com/magento-2-better-static-block/","Magento 2 Static Block extention allows limiting block access by customer groups, adding labels and setting display schedule with ease. Mageplaza Better Static Block is a helpful solution to manage the content of store sites properly.","5.0"
"1588017377-1217","https://www.mageplaza.com/magento-2-one-step-checkout-extension/","",""
"1588017320-1197","https://www.mageplaza.com/magento-2-quick-flush-cache/","Magento 2 Quick Flush Cache is the solution to save a lot of time flushing cache at the admin backend. With Quick Flush Cache, clearing cache becomes easily with the automatic process or ajax flushing on the current page","5.0"
"1588017295-1185","https://www.mageplaza.com/magento-2-salesforce/","Magento 2 Salesforce extension connects Magento 2 stores to Salesforce and synchronizes both systems together. Salesforce module offers the ability to automatically synchronize primary Magento objects to Salesforce including Customers, Products, Orders, Catalog Price Rule.",""
"1588017418-1236","https://www.mageplaza.com/magento-2-google-tag-manager/","Magento 2 Google Tag Manager extension is the properly mixed solution with the site-tagging function and the supplement of Google Analytics Enhanced Ecommerce, Google Adwords Conversion Tracking, Facebook Pixel. The module with the full functionalities definitely will support e-commerce stores to collect huge data, analyze customers insight deeply, improve store performance and increase conversion rate.","4.9"
"1588017255-1166","https://www.mageplaza.com/magento-2-store-credit/","Magento 2 Store Credit extension by Mageplaza is the powerful tool to increase customer loyalty and motivate customers. Store Credit extension significantly supports e-commerce stores to encourage customers’ purchases by awarding them credit amount which is automatically added to their account balance.","5.0"
"1588017261-1169","https://www.mageplaza.com/magento-2-social-share/","Social Share for Magento 2 is proper solution to public customers’ sharing experience to multiple social channels. This is an excellent method to promote store brand, increase traffic and improve site ranking effectively.","4.8"
"1588017464-1258","https://www.mageplaza.com/magento-2-customer-approval/","Magento 2 Customer Approval extension is a solution which helps store owner to approve or reject new account registration from customers in specific cases. This is regarded as an effective control method of customer accounts in e-commerce stores.",""
"1588017488-1269","https://www.mageplaza.com/magento-2-cartasi/","Magento 2 CartaSi / Nexi Payment extension brings another payment gateway facilitating e-commerce stores in the Italian market. CartaSi supports the most common payment cards, which creates the most convenience for customers.","5.0"
"1588017339-1199","https://www.mageplaza.com/magento-2-social-proof/","",""
"1588017475-1263","https://www.mageplaza.com/magento-2-currency-formatter/","Currency Formatter extension brings the flexibility in formatting the price currency appearance in Magento stores. With the support of Currency Formatter, customers from multi-nations will feel familiar to the price format and avoid risks of misunderstanding.","5.0"
"1588017280-1178","https://www.mageplaza.com/magento-2-shipping-cost/","Magento 2 Shipping Cost extension displays the shipping methods and corresponding fees right on the Product Page. Therefore, customers can quickly estimate the fee including shipping cost and checkout with willingness",""
"1588017397-1226","https://www.mageplaza.com/marketing-solution/","",""
"1588017272-1174","https://www.mageplaza.com/magento-2-google-sitemap/","XML Google Sitemap is one of the most effective solutions which may optimize your site. Sitemap helps to navigate your site more easily. It is not only good for your users but also your search engines. There are two types of sitemap: HTML sitemap and XML sitemap. HTML sitemap can help your customers easily navigate the site and find product quickly. XML sitemap helps search engines understand your site better; hence the index process is much faster and your site will have higher ranking, then attract more customers, generate more organic traffic.","5.0"
"1588017304-1189","https://www.mageplaza.com/magento-2-rma/","Magento 2 RMA (Return Merchandise Authorization) helps store owners manage product returns and exchanges from customers conveniently and effectively. With Magento 2 RMA, the return procedure becomes clear, easy, satisfactory for both customers and store owners","5.0"
"1588017446-1249","https://www.mageplaza.com/magento-2-faq-extension/","Magento 2 FAQ extension enables customers to look for common inquiries, ask and get answered on the Knowledge Base and FAQ lists. Admins can create an informative SEO-friendly FAQ page with all necessary features","4.8"
"1588017314-1194","https://www.mageplaza.com/magento-2-quickbooks-online/","Magento 2 Quickbooks Online extension automatically synchronize and update all accounting information such as customer’s information, product details, orders, payments, invoices, inventory, etc. from Magento 2 store to Quickbooks platform.",""
"1588017420-1237","https://www.mageplaza.com/magento-2-google-recaptcha/","Google reCaptcha extension for Magento 2 helps you create a shield which protects your store from spams and bots. Invisible reCaptcha is implemented into the module to help improve user experience and conversion rates","4.9"
"1588017497-1273","https://www.mageplaza.com/magento-2-better-tier-price/","Magento 2 Tier Price extension allows store owners to offer tier prices to customers more attractively via the automated pricing table and sounding notice. Customers will have a better shopping experience thanks to this tier-price innovation.","5.0"
"1588017406-1230","https://www.mageplaza.com/magento-2-layered-navigation-extension/","",""
"1588017299-1187","https://www.mageplaza.com/sales-booster/","",""
"1588017552-1298","https://www.mageplaza.com/magento-2-2checkout/","Magento 2 2Checkout extension integrates a premier global payment gateway to Magento 2 online stores to facilitate the checkout process of shoppers. 2Checkout impresses merchants globally thanks to the diversity payment methods, currencies, high security and more.","5.0"
"1588017245-1161","https://www.mageplaza.com/magento-2-table-category-view/","Table Category View extension displays the Category Page at the table view format. Customers can view, compare products, add product quantity and pick all to the shopping cart easily and quickly right from the table view category page.",""
"1588017448-1250","https://www.mageplaza.com/magento-2-facebook-plugin/","Facebook Plugin by Mageplaza allows store owners to embed and promote the Facebook page right on the main shopping sites. This brings an easy way for visitors to interact with the Facebook page right from the websites they are visiting.","5.0"
"1588017278-1177","https://www.mageplaza.com/magento-2-shipping-restrictions/","Magento 2 Shipping Restrictions extension helps store owners to restrict the application of shipping methods based on specific conditions such as cart/ product attributes, payment methods, shipping locations and more. This creates highly customized and individualized shipping options for customers.
The extension optimizes shipping process by only allowing effective shipping methods & gets rid of risks and eliminate shipping issues","5.0"
"1588017297-1186","https://www.mageplaza.com/magento-2-sales-pop/","Magento 2 Sales Pop will show the recent sales, checkouts and purchasers on the store site in popups. Sales Pop is the effective indirect marketing methods to motivate customers to increase conversion rate and make purchase decision much more easily and quickly.",""
"1588017541-1293","https://www.mageplaza.com/magento-2-affiliate-extension/","",""
"1588017471-1261","https://www.mageplaza.com/magento-2-custom-form/","Magento 2 Custom Form extension helps store owners to create any forms such as survey forms, contact forms, etc to collect information for customers on the store sites. The easy configuration help you to customize any forms meeting your expectations flexibly.",""
"1588017520-1284","https://www.mageplaza.com/magento-2-banner-slider-extension/","Banner Slider by Mageplaza is a powerful marketing tool that helps store owners insert unlimited eye-catching banner sliders on shopping sites. The extension enhances visual effects and UX of visitors then increases CTR for your promotional campaigns.","4.7"
"1588017399-1227","https://www.mageplaza.com/magento-2-loyalty-program/","Magento 2 Loyalty Program extension is a must-have tool for every store that is building effective discount programs for loyal customers. This module helps store owners create multiple exclusive discounts for loyal clients based on order and customer data","5.0"
"1588017371-1214","https://www.mageplaza.com/magento-2-order-export/","Magento 2 Order Export extension supports store owners to export data of order, invoice, credit memo and shipment to the familiar output formats such as CSV or XML. Hence, store owners can back up or deliver these export data to the related third parties quickly and easily.","5.0"
"1588017458-1255","https://www.mageplaza.com/magento-2-delete-orders/","Magento 2 Delete Orders allows admin to delete orders and all the related documents - invoices, shipments, credit memos with ease. This is the perfect solution to delete all test orders which can make you confused and make sure admin backends well-organized.","4.9"
"1588017373-1215","https://www.mageplaza.com/magento-2-order-attributes/","Magento 2 Order Attributes extension allows store owners to add more attributes to orders and display on the various positions on the checkout page. This module supports store owner efficiently in collecting adequate information during the check-out process and gain customers’ satisfaction for successful orders.","4.9"
"1588017545-1295","https://www.mageplaza.com/magento-2-admin-permissions/","Admin Permissions for Magento 2 supports in allocating permissions for different store admins effectively. The difference comes from the section access (sales, products, categories, product attributes, customer, user role), the action extent (view, edit, delete), the valid time for each user role.",""
"1588017390-1223","https://www.mageplaza.com/magento-2-milestone/","Magento 2 Milestone helps online stores take good care for customers by switching shoppers to appropriate customer groups based on various attributes of customers, whole orders, or each purchased items in cart. The newcomers to a group will get specific benefits from the applied coupon rules.",""
"1588017322-1198","https://www.mageplaza.com/magento-2-quick-cart/","Quick Cart for Magento 2 modifies the minicart in Magento 2 Default in both design and function. With Quick Cart, customers can grab quickly all necessary information, add coupon code and go to checkout instantly. The advanced quick cart simplifies the checkout and increases conversion rate in Magento 2 online stores.",""
"1588017379-1218","https://www.mageplaza.com/magento-2-newsletter-popup/","Magento 2 Newsletter popup is a key solution for Brand awareness and marketing strategies that help inform a great deal of hot and last-updated information from your websites to customers. Online stores get sales increase and generate more loyal customers as consequently.","4.8"
"1588017516-1282","https://www.mageplaza.com/magento-2-better-blog/","Magento 2 Blog extension is a better blog for your e-commerce store without a framework such as Wordpress.","4.9"
