﻿web-scraper-order,web-scraper-start-url,name,reviews,price,description,url,url-href,activeCategory,image-src
"1587939526-219","https://www.mageworx.com/magento2-extensions/shipping-extensions.html","Shipping Calculator","null","$99","Increase conversion rates and improve customer experience by letting your customers calculate the shipping prices right on the product page.","Shipping Calculator","https://www.mageworx.com/magento-2-shipping-cost-calculator.html","Shipping Extensions","https://www.mageworx.com/media/catalog/product/cache/1/small_image/300x300/9df78eab33525d08d6e5fb8d27136e95/s/h/shipping_calculator3.png"
"1587939512-189","https://www.mageworx.com/magento2-extensions/user-experience-extensions.html","Layered Navigation","9 Review(s)
            |","$99","A set advanced features to make Magento 2 store navigation search engine and user friendly.","Layered Navigation","https://www.mageworx.com/magento-2-layered-navigation.html","User Experience","https://www.mageworx.com/media/catalog/product/cache/1/small_image/300x300/9df78eab33525d08d6e5fb8d27136e95/1/9/19_layered_navigation.png"
"1587939509-180","https://www.mageworx.com/magento2-extensions/admin-extensions.html","File Downloads and Product Attachments","88 Review(s)
            |","$149","Add various kinds of attachments to your product pages - equip them with product videos, user guides, price lists, and any other type of useful materials of any format.","File Downloads and Product Attachments","https://www.mageworx.com/magento-2-product-attachments.html","Store Administration","https://www.mageworx.com/media/catalog/product/cache/1/small_image/300x300/9df78eab33525d08d6e5fb8d27136e95/0/4/04_file_downloads_and_product_attachments.png"
"1587939504-172","https://www.mageworx.com/magento2-extensions/free-extensions.html","No-Contact Delivery / Curbside Pickup","1 Review(s)
            |","null","Add 'no-contact' delivery to your store to give your customers safe way to receive their orders.","No-Contact Delivery / Curbside Pickup","https://www.mageworx.com/magento-2-no-contact-delivery.html","Free Extensions","https://www.mageworx.com/media/catalog/product/cache/1/small_image/300x300/9df78eab33525d08d6e5fb8d27136e95/n/o/no-contact_delivery_1.png"
"1587939529-222","https://www.mageworx.com/magento2-extensions/seo-tools-services.html","Shop by Brand","null","$149","Brands create desire, sense of belonging, status & prestige. Introduce flawless & intuitive shop by brands functionality to bridge the distance between the customers and their favorites","Shop by Brand","https://www.mageworx.com/shop-by-brand-magento-2.html","SEO Extensions","https://www.mageworx.com/media/catalog/product/cache/1/small_image/300x300/9df78eab33525d08d6e5fb8d27136e95/s/h/shop_by_brand7.png"
"1587939529-223","https://www.mageworx.com/magento2-extensions/seo-tools-services.html","Landing Pages","4 Review(s)
            |","$149","Create SEO- and user-friendly landing pages. Deliver your marketing message via creating a page with eye-candy custom design, smartly arranged content and well-thought page layout.","Landing Pages","https://www.mageworx.com/magento2-landing-pages.html","SEO Extensions","https://www.mageworx.com/media/catalog/product/cache/1/small_image/300x300/9df78eab33525d08d6e5fb8d27136e95/3/2/32_landing_pages.png"
"1587939523-214","https://www.mageworx.com/magento2-extensions/product-management-extensions.html","Shipping Calculator","null","$99","Increase conversion rates and improve customer experience by letting your customers calculate the shipping prices right on the product page.","Shipping Calculator","https://www.mageworx.com/magento-2-shipping-cost-calculator.html","Product Management","https://www.mageworx.com/media/catalog/product/cache/1/small_image/300x300/9df78eab33525d08d6e5fb8d27136e95/s/h/shipping_calculator3.png"
"1587939512-188","https://www.mageworx.com/magento2-extensions/user-experience-extensions.html","Product Countdown Timers","null","$149","Create the urgency effect to boost your sales with beautiful countdown timers.","Product Countdown Timers","https://www.mageworx.com/magento-2-product-countdown-timer.html","User Experience","https://www.mageworx.com/media/catalog/product/cache/1/small_image/300x300/9df78eab33525d08d6e5fb8d27136e95/i/c/icon_product_countdown_timer.png"
"1587939512-187","https://www.mageworx.com/magento2-extensions/user-experience-extensions.html","Social Proof & FOMO","2 Review(s)
            |","$149","Build the social trust displaying the information about recent sales, trending products and orders directly on product, category and CMS pages.","Social Proof & FOMO","https://www.mageworx.com/magento-2-sales-popup-social-proof.html","User Experience","https://www.mageworx.com/media/catalog/product/cache/1/small_image/300x300/9df78eab33525d08d6e5fb8d27136e95/p/o/popup3.png"
"1587939514-192","https://www.mageworx.com/magento2-extensions/promotions-motivation-extensions.html","Customer Prices Suite","null","$239","Easily set customer/customer group/product catalog, product-specific prices, completely replace the default value or choose to display a crossed price as a special offer.","Customer Prices Suite","https://www.mageworx.com/customer-prices-suite-magento-2.html","Promotions & Motivation","https://www.mageworx.com/media/catalog/product/cache/1/small_image/300x300/9df78eab33525d08d6e5fb8d27136e95/c/u/customer_prices_suite-edit6.png"
"1587939518-202","https://www.mageworx.com/magento2-extensions/prices-currencies-extensions.html","Store & Currency Auto Switcher","49 Review(s)
            |","$149","Advanced multi-store and multi-currency functionality. Automatically redirects customers to the localized stores and switches to their home currencies.","Store & Currency Auto Switcher","https://www.mageworx.com/store-and-currency-switcher-magento-2.html","Prices & Currencies","https://www.mageworx.com/media/catalog/product/cache/1/small_image/300x300/9df78eab33525d08d6e5fb8d27136e95/1/2/12_store_and_currency_auto_switcher.png"
"1587939526-218","https://www.mageworx.com/magento2-extensions/shipping-extensions.html","Shipping Table Rates","null","$149","Bring Magento 2 table rates management and shipping cost calculation to a whole new level! Overcome the default limitations ― create an unlimited number of carriers, methods and shipping rates that make product delivery a win-win.","Shipping Table Rates","https://www.mageworx.com/magento2-shipping-table-rates.html","Shipping Extensions","https://www.mageworx.com/media/catalog/product/cache/1/small_image/300x300/9df78eab33525d08d6e5fb8d27136e95/s/h/shipping_table_rate2.png"
"1587939529-229","https://www.mageworx.com/magento2-extensions/seo-tools-services.html","Short Category & Product URLs","null","$99","Make product & category pages better indexed and crawled by the search engine spiders. Easily shorten URLs by removing parent categories. Make the critical site pages more trustworthy and authoritative.","Short Category & Product URLs","https://www.mageworx.com/short-category-product-urls.html","SEO Extensions","https://www.mageworx.com/media/catalog/product/cache/1/small_image/300x300/9df78eab33525d08d6e5fb8d27136e95/1/1/1111-2_1_.png"
"1587939512-190","https://www.mageworx.com/magento2-extensions/user-experience-extensions.html","Sphinx Search Suite","11 Review(s)
            |","$99","Sphinx-powered search toolkit to make Magento 2 search faster and precise.","Sphinx Search Suite","https://www.mageworx.com/magento-2-search-extension.html","User Experience","https://www.mageworx.com/media/catalog/product/cache/1/small_image/300x300/9df78eab33525d08d6e5fb8d27136e95/1/7/17_sphinx_search_suite.png"
"1587939509-182","https://www.mageworx.com/magento2-extensions/admin-extensions.html","Custom Order Number","null","$99","Expand the native numbering scheme of Magento 2 through order length editing, custom prefixes, increment prefixes, and starting numbers.","Custom Order Number","https://www.mageworx.com/magento-2-custom-order-number.html","Store Administration","https://www.mageworx.com/media/catalog/product/cache/1/small_image/300x300/9df78eab33525d08d6e5fb8d27136e95/i/c/icon_3.jpg"
"1587939520-208","https://www.mageworx.com/magento2-extensions/order-management-extensions.html","Extended Orders Grid","6 Review(s)
            |","$99","Extend and customize the default Magento 2 orders grid. Easily add 28 extra colums with essential order parameters, perform order mass-actions, synch order data and more.","Extended Orders Grid","https://www.mageworx.com/magento-2-orders-grid.html","Order Management","https://www.mageworx.com/media/catalog/product/cache/1/small_image/300x300/9df78eab33525d08d6e5fb8d27136e95/2/6/26_extended_orders_grid.png"
"1587939526-217","https://www.mageworx.com/magento2-extensions/shipping-extensions.html","Delivery Date","3 Review(s)
            |","$179","Use timely and convenient delivery options as means to build customer loyalty in your Magento 2 store.","Delivery Date","https://www.mageworx.com/delivery-date-magento-2.html","Shipping Extensions","https://www.mageworx.com/media/catalog/product/cache/1/small_image/300x300/9df78eab33525d08d6e5fb8d27136e95/d/e/delivery_date_icon_750x750.png"
"1587939509-178","https://www.mageworx.com/magento2-extensions/admin-extensions.html","Multi Fees","77 Review(s)
            |","$199","Sell more by introducing a wide selection of product extra options and services. Create an unlimited number of additional fees for any product/service you offer.","Multi Fees","https://www.mageworx.com/magento-2-extra-product-fees.html","Store Administration","https://www.mageworx.com/media/catalog/product/cache/1/small_image/300x300/9df78eab33525d08d6e5fb8d27136e95/2/6/265.png"
"1587939504-173","https://www.mageworx.com/magento2-extensions/free-extensions.html","Geo Lock FREE","13 Review(s)
            |","null","Manage access to your Magento 2 store for specific locations by detecting customers' IPs.","Geo Lock FREE","https://www.mageworx.com/geo-lock-magento2-extension.html","Free Extensions","https://www.mageworx.com/media/catalog/product/cache/1/small_image/300x300/9df78eab33525d08d6e5fb8d27136e95/2/3/23_geo_lock_free.png"
"1587939523-212","https://www.mageworx.com/magento2-extensions/product-management-extensions.html","Shop by Brand","null","$149","Brands create desire, sense of belonging, status & prestige. Introduce flawless & intuitive shop by brands functionality to bridge the distance between the customers and their favorites","Shop by Brand","https://www.mageworx.com/shop-by-brand-magento-2.html","Product Management","https://www.mageworx.com/media/catalog/product/cache/1/small_image/300x300/9df78eab33525d08d6e5fb8d27136e95/s/h/shop_by_brand7.png"
"1587939520-209","https://www.mageworx.com/magento2-extensions/order-management-extensions.html","Custom Order Number","null","$99","Expand the native numbering scheme of Magento 2 through order length editing, custom prefixes, increment prefixes, and starting numbers.","Custom Order Number","https://www.mageworx.com/magento-2-custom-order-number.html","Order Management","https://www.mageworx.com/media/catalog/product/cache/1/small_image/300x300/9df78eab33525d08d6e5fb8d27136e95/i/c/icon_3.jpg"
"1587939523-210","https://www.mageworx.com/magento2-extensions/product-management-extensions.html","Advanced Product Options Suite","254 Review(s)
            |","$299","All-in-one, highly customization solution for managing Magento 2 advanced product options. Increase your store revenue and serve your customers in a better way.","Advanced Product Options Suite","https://www.mageworx.com/magento-2-advanced-product-options-suite.html","Product Management","https://www.mageworx.com/media/catalog/product/cache/1/small_image/300x300/9df78eab33525d08d6e5fb8d27136e95/a/p/apo_opt.png"
"1587939506-176","https://www.mageworx.com/magento2-extensions/search-plugins.html","Layered Navigation","9 Review(s)
            |","$99","A set advanced features to make Magento 2 store navigation search engine and user friendly.","Layered Navigation","https://www.mageworx.com/magento-2-layered-navigation.html","Search Extensions","https://www.mageworx.com/media/catalog/product/cache/1/small_image/300x300/9df78eab33525d08d6e5fb8d27136e95/1/9/19_layered_navigation.png"
"1587939518-203","https://www.mageworx.com/magento2-extensions/prices-currencies-extensions.html","Prices per Customer","19 Review(s)
            |","$99","Set individual product pricing for your customers.","Prices per Customer","https://www.mageworx.com/magento-2-prices-per-customer.html","Prices & Currencies","https://www.mageworx.com/media/catalog/product/cache/1/small_image/300x300/9df78eab33525d08d6e5fb8d27136e95/0/9/09_prices_per_customer.png"
"1587939504-171","https://www.mageworx.com/magento2-extensions/free-extensions.html","Search Autocomplete FREE","24 Review(s)
            |","null","Instant product search results. Let your customers instantly find what they are looking for.","Search Autocomplete FREE","https://www.mageworx.com/magento-2-search-autocomplete-free.html","Free Extensions","https://www.mageworx.com/media/catalog/product/cache/1/small_image/300x300/9df78eab33525d08d6e5fb8d27136e95/2/2/22_search_autocomplete.png"
"1587939506-175","https://www.mageworx.com/magento2-extensions/search-plugins.html","Sphinx Search Suite","11 Review(s)
            |","$99","Sphinx-powered search toolkit to make Magento 2 search faster and precise.","Sphinx Search Suite","https://www.mageworx.com/magento-2-search-extension.html","Search Extensions","https://www.mageworx.com/media/catalog/product/cache/1/small_image/300x300/9df78eab33525d08d6e5fb8d27136e95/1/7/17_sphinx_search_suite.png"
"1587939514-195","https://www.mageworx.com/magento2-extensions/promotions-motivation-extensions.html","Multi Fees","77 Review(s)
            |","$199","Sell more by introducing a wide selection of product extra options and services. Create an unlimited number of additional fees for any product/service you offer.","Multi Fees","https://www.mageworx.com/magento-2-extra-product-fees.html","Promotions & Motivation","https://www.mageworx.com/media/catalog/product/cache/1/small_image/300x300/9df78eab33525d08d6e5fb8d27136e95/2/6/265.png"
"1587939509-177","https://www.mageworx.com/magento2-extensions/admin-extensions.html","Store Locator & In-store Pickup","3 Review(s)
            |","$249","Optimize Magento 2 shipping by offering in-store pickup delivery option. On a separate SEO-friendly page, help the shoppers pick up nearby stores on Google Maps and track items’ availability in them.","Store Locator & In-store Pickup","https://www.mageworx.com/magento-2-store-locator-and-pickup.html","Store Administration","https://www.mageworx.com/media/catalog/product/cache/1/small_image/300x300/9df78eab33525d08d6e5fb8d27136e95/s/t/store_locator_3_.png"
"1587939512-185","https://www.mageworx.com/magento2-extensions/user-experience-extensions.html","File Downloads and Product Attachments","88 Review(s)
            |","$149","Add various kinds of attachments to your product pages - equip them with product videos, user guides, price lists, and any other type of useful materials of any format.","File Downloads and Product Attachments","https://www.mageworx.com/magento-2-product-attachments.html","User Experience","https://www.mageworx.com/media/catalog/product/cache/1/small_image/300x300/9df78eab33525d08d6e5fb8d27136e95/0/4/04_file_downloads_and_product_attachments.png"
"1587939529-225","https://www.mageworx.com/magento2-extensions/seo-tools-services.html","Layered Navigation","9 Review(s)
            |","$99","A set advanced features to make Magento 2 store navigation search engine and user friendly.","Layered Navigation","https://www.mageworx.com/magento-2-layered-navigation.html","SEO Extensions","https://www.mageworx.com/media/catalog/product/cache/1/small_image/300x300/9df78eab33525d08d6e5fb8d27136e95/1/9/19_layered_navigation.png"
"1587939529-228","https://www.mageworx.com/magento2-extensions/seo-tools-services.html","Sitemap Suite","21 Review(s)
            |","$99","Magento 2 Sitemap Suite toolkit - all you need to create efficient HTML and XML Magento 2 sitemaps.","Sitemap Suite","https://www.mageworx.com/magento-2-sitemap-extension.html","SEO Extensions","https://www.mageworx.com/media/catalog/product/cache/1/small_image/300x300/9df78eab33525d08d6e5fb8d27136e95/2/1/21_sitemap_suite_1.png"
"1587939504-174","https://www.mageworx.com/magento2-extensions/free-extensions.html","Others Also Bought FREE","14 Review(s)
            |","null","Replace 'Related Products' block with the more user-friendly alternative. Provide customers with the smart product list based on others purchase history.","Others Also Bought FREE","https://www.mageworx.com/magento-2-others-also-bought.html","Free Extensions","https://www.mageworx.com/media/catalog/product/cache/1/small_image/300x300/9df78eab33525d08d6e5fb8d27136e95/2/4/24_others_also_bought.png"
"1587939529-227","https://www.mageworx.com/magento2-extensions/seo-tools-services.html","SEO Meta Templates","6 Review(s)
            |","$99","Advanced SEO attribute templates to easily optimize product and category page meta data, as well as the short and detailed descriptions.","SEO Meta Templates","https://www.mageworx.com/magento2-meta-seo-templates.html","SEO Extensions","https://www.mageworx.com/media/catalog/product/cache/1/small_image/300x300/9df78eab33525d08d6e5fb8d27136e95/1/8/18_seo_meta_templates.png"
"1587939514-193","https://www.mageworx.com/magento2-extensions/promotions-motivation-extensions.html","Reward Points","49 Review(s)
            |","$199","Build a loyalty program that works! Reward your most active and loyal store customers, motivate hesitating shoppers and generate more profit for each order.","Reward Points","https://www.mageworx.com/magento-2-reward-points.html","Promotions & Motivation","https://www.mageworx.com/media/catalog/product/cache/1/small_image/300x300/9df78eab33525d08d6e5fb8d27136e95/1/_/1_reward-points.png"
"1587939523-213","https://www.mageworx.com/magento2-extensions/product-management-extensions.html","Product Custom Options Templates","6 Review(s)
            |","$99","Ease the pain of manual product configuration. Create any number of custom options templates like color,size, dimensions,etc. just in a few clicks.","Product Custom Options Templates","https://www.mageworx.com/magento-2-product-custom-options-templates.html","Product Management","https://www.mageworx.com/media/catalog/product/cache/1/small_image/300x300/9df78eab33525d08d6e5fb8d27136e95/1/3/13_custom_options_templates.png"
"1587939518-204","https://www.mageworx.com/magento2-extensions/prices-currencies-extensions.html","Personal Customer Discount","2 Review(s)
            |","$99","Motivate shoppers to make a purchase by offering one-off, custom-tailored personal discounts and coupon codes.","Personal Customer Discount","https://www.mageworx.com/customer-discount-magento-2.html","Prices & Currencies","https://www.mageworx.com/media/catalog/product/cache/1/small_image/300x300/9df78eab33525d08d6e5fb8d27136e95/p/e/personal_promotions_icon_750x750.jpg"
"1587939514-199","https://www.mageworx.com/magento2-extensions/promotions-motivation-extensions.html","No-Contact Delivery / Curbside Pickup","1 Review(s)
            |","null","Add 'no-contact' delivery to your store to give your customers safe way to receive their orders.","No-Contact Delivery / Curbside Pickup","https://www.mageworx.com/magento-2-no-contact-delivery.html","Promotions & Motivation","https://www.mageworx.com/media/catalog/product/cache/1/small_image/300x300/9df78eab33525d08d6e5fb8d27136e95/n/o/no-contact_delivery_1.png"
"1587939514-196","https://www.mageworx.com/magento2-extensions/promotions-motivation-extensions.html","Social Proof & FOMO","2 Review(s)
            |","$149","Build the social trust displaying the information about recent sales, trending products and orders directly on product, category and CMS pages.","Social Proof & FOMO","https://www.mageworx.com/magento-2-sales-popup-social-proof.html","Promotions & Motivation","https://www.mageworx.com/media/catalog/product/cache/1/small_image/300x300/9df78eab33525d08d6e5fb8d27136e95/p/o/popup3.png"
"1587939509-179","https://www.mageworx.com/magento2-extensions/admin-extensions.html","Order Management","106 Review(s)
            |","$199","Streamline the process of Magento 2 order processing. Easily add/delete/remove any order details, order customers' billing and shipping info and more.","Order Management","https://www.mageworx.com/magento2-order-management-extension.html","Store Administration","https://www.mageworx.com/media/catalog/product/cache/1/small_image/300x300/9df78eab33525d08d6e5fb8d27136e95/1/0/10_order_management_1_2.png"
"1587939518-201","https://www.mageworx.com/magento2-extensions/prices-currencies-extensions.html","Customer Group Prices","11 Review(s)
            |","$149","Diversify your pricing strategies by setting up custom prices for customer groups. Create targeted marketing campaigns, hide prices from not-registered customers, engage shoppers into certain activities to get a special discount.","Customer Group Prices","https://www.mageworx.com/magento2-customer-group-prices.html","Prices & Currencies","https://www.mageworx.com/media/catalog/product/cache/1/small_image/300x300/9df78eab33525d08d6e5fb8d27136e95/3/7/37_customer_group_prices.png"
"1587939512-184","https://www.mageworx.com/magento2-extensions/user-experience-extensions.html","Store Locator & In-store Pickup","3 Review(s)
            |","$249","Optimize Magento 2 shipping by offering in-store pickup delivery option. On a separate SEO-friendly page, help the shoppers pick up nearby stores on Google Maps and track items’ availability in them.","Store Locator & In-store Pickup","https://www.mageworx.com/magento-2-store-locator-and-pickup.html","User Experience","https://www.mageworx.com/media/catalog/product/cache/1/small_image/300x300/9df78eab33525d08d6e5fb8d27136e95/s/t/store_locator_3_.png"
"1587939512-191","https://www.mageworx.com/magento2-extensions/user-experience-extensions.html","No-Contact Delivery / Curbside Pickup","1 Review(s)
            |","null","Add 'no-contact' delivery to your store to give your customers safe way to receive their orders.","No-Contact Delivery / Curbside Pickup","https://www.mageworx.com/magento-2-no-contact-delivery.html","User Experience","https://www.mageworx.com/media/catalog/product/cache/1/small_image/300x300/9df78eab33525d08d6e5fb8d27136e95/n/o/no-contact_delivery_1.png"
"1587939509-183","https://www.mageworx.com/magento2-extensions/admin-extensions.html","Extended Orders Grid","6 Review(s)
            |","$99","Extend and customize the default Magento 2 orders grid. Easily add 28 extra colums with essential order parameters, perform order mass-actions, synch order data and more.","Extended Orders Grid","https://www.mageworx.com/magento-2-orders-grid.html","Store Administration","https://www.mageworx.com/media/catalog/product/cache/1/small_image/300x300/9df78eab33525d08d6e5fb8d27136e95/2/6/26_extended_orders_grid.png"
"1587939529-221","https://www.mageworx.com/magento2-extensions/seo-tools-services.html","SEO Suite Ultimate","279 Review(s)
            |","$299","The first Magento 2 SEO solution. Eliminates duplicate content issues, improves website indexation and makes it search engine & user friendly.","SEO Suite Ultimate","https://www.mageworx.com/magento-2-seo-extension.html","SEO Extensions","https://www.mageworx.com/media/catalog/product/cache/1/small_image/300x300/9df78eab33525d08d6e5fb8d27136e95/0/2/02_seo_suite_ultimate_1_1.png"
"1587939523-211","https://www.mageworx.com/magento2-extensions/product-management-extensions.html","File Downloads and Product Attachments","88 Review(s)
            |","$149","Add various kinds of attachments to your product pages - equip them with product videos, user guides, price lists, and any other type of useful materials of any format.","File Downloads and Product Attachments","https://www.mageworx.com/magento-2-product-attachments.html","Product Management","https://www.mageworx.com/media/catalog/product/cache/1/small_image/300x300/9df78eab33525d08d6e5fb8d27136e95/0/4/04_file_downloads_and_product_attachments.png"
"1587939526-216","https://www.mageworx.com/magento2-extensions/shipping-extensions.html","Store Locator & In-store Pickup","3 Review(s)
            |","$249","Optimize Magento 2 shipping by offering in-store pickup delivery option. On a separate SEO-friendly page, help the shoppers pick up nearby stores on Google Maps and track items’ availability in them.","Store Locator & In-store Pickup","https://www.mageworx.com/magento-2-store-locator-and-pickup.html","Shipping Extensions","https://www.mageworx.com/media/catalog/product/cache/1/small_image/300x300/9df78eab33525d08d6e5fb8d27136e95/s/t/store_locator_3_.png"
"1587939520-206","https://www.mageworx.com/magento2-extensions/order-management-extensions.html","Order Management","106 Review(s)
            |","$199","Streamline the process of Magento 2 order processing. Easily add/delete/remove any order details, order customers' billing and shipping info and more.","Order Management","https://www.mageworx.com/magento2-order-management-extension.html","Order Management","https://www.mageworx.com/media/catalog/product/cache/1/small_image/300x300/9df78eab33525d08d6e5fb8d27136e95/1/0/10_order_management_1_2.png"
"1587939529-224","https://www.mageworx.com/magento2-extensions/seo-tools-services.html","Cross Linking","6 Review(s)
            |","$99","Create and manage Magento 2 cross links in a click. Easily link any keywords to the targeted store pages or external sources.","Cross Linking","https://www.mageworx.com/magento2-cross-linking-extension.html","SEO Extensions","https://www.mageworx.com/media/catalog/product/cache/1/small_image/300x300/9df78eab33525d08d6e5fb8d27136e95/2/0/20_cross_linking.png"
"1587939518-205","https://www.mageworx.com/magento2-extensions/prices-currencies-extensions.html","Currency Auto Switcher","11 Review(s)
            |","$79","Expand your Magento business to the new markets. Automatically switch your prices to the customers' home currencies.","Currency Auto Switcher","https://www.mageworx.com/magento-2-auto-currency-switcher.html","Prices & Currencies","https://www.mageworx.com/media/catalog/product/cache/1/small_image/300x300/9df78eab33525d08d6e5fb8d27136e95/1/4/14_currency_autoswitcher.png"
"1587939526-220","https://www.mageworx.com/magento2-extensions/shipping-extensions.html","No-Contact Delivery / Curbside Pickup","1 Review(s)
            |","null","Add 'no-contact' delivery to your store to give your customers safe way to receive their orders.","No-Contact Delivery / Curbside Pickup","https://www.mageworx.com/magento-2-no-contact-delivery.html","Shipping Extensions","https://www.mageworx.com/media/catalog/product/cache/1/small_image/300x300/9df78eab33525d08d6e5fb8d27136e95/n/o/no-contact_delivery_1.png"
"1587939509-181","https://www.mageworx.com/magento2-extensions/admin-extensions.html","Order Editor","5 Review(s)
            |","$149","Streamline the process of Magento 2 order processing. Easily add/delete/remove any order details, order customers' billing and shipping info and more.","Order Editor","https://www.mageworx.com/magento2-order-editor-extension.html","Store Administration","https://www.mageworx.com/media/catalog/product/cache/1/small_image/300x300/9df78eab33525d08d6e5fb8d27136e95/3/6/36_ordereditor_1.png"
"1587939512-186","https://www.mageworx.com/magento2-extensions/user-experience-extensions.html","Shop by Brand","null","$149","Brands create desire, sense of belonging, status & prestige. Introduce flawless & intuitive shop by brands functionality to bridge the distance between the customers and their favorites","Shop by Brand","https://www.mageworx.com/shop-by-brand-magento-2.html","User Experience","https://www.mageworx.com/media/catalog/product/cache/1/small_image/300x300/9df78eab33525d08d6e5fb8d27136e95/s/h/shop_by_brand7.png"
"1587939529-226","https://www.mageworx.com/magento2-extensions/seo-tools-services.html","Extended Rich Snippets","12 Review(s)
            |","$99","Draw users attention and win the click with more detailed search engine results.  Developed according to the latest Google and Schema.org standards.","Extended Rich Snippets","https://www.mageworx.com/magento2-extended-rich-snippets.html","SEO Extensions","https://www.mageworx.com/media/catalog/product/cache/1/small_image/300x300/9df78eab33525d08d6e5fb8d27136e95/0/7/07_extended_rich_snippets.png"
"1587939514-198","https://www.mageworx.com/magento2-extensions/promotions-motivation-extensions.html","Donations Suite","43 Review(s)
            |","$99","Use the power of giving back to bring goodness to the world and gain business benefits.","Donations Suite","https://www.mageworx.com/magento-2-donations-suite.html","Promotions & Motivation","https://www.mageworx.com/media/catalog/product/cache/1/small_image/300x300/9df78eab33525d08d6e5fb8d27136e95/3/1/31_donations_suite.png"
"1587939518-200","https://www.mageworx.com/magento2-extensions/prices-currencies-extensions.html","Customer Prices Suite","null","$239","Easily set customer/customer group/product catalog, product-specific prices, completely replace the default value or choose to display a crossed price as a special offer.","Customer Prices Suite","https://www.mageworx.com/customer-prices-suite-magento-2.html","Prices & Currencies","https://www.mageworx.com/media/catalog/product/cache/1/small_image/300x300/9df78eab33525d08d6e5fb8d27136e95/c/u/customer_prices_suite-edit6.png"
"1587939520-207","https://www.mageworx.com/magento2-extensions/order-management-extensions.html","Order Editor","5 Review(s)
            |","$149","Streamline the process of Magento 2 order processing. Easily add/delete/remove any order details, order customers' billing and shipping info and more.","Order Editor","https://www.mageworx.com/magento2-order-editor-extension.html","Order Management","https://www.mageworx.com/media/catalog/product/cache/1/small_image/300x300/9df78eab33525d08d6e5fb8d27136e95/3/6/36_ordereditor_1.png"
"1587939526-215","https://www.mageworx.com/magento2-extensions/shipping-extensions.html","Shipping Suite","79 Review(s)
            |","$399","A full (and flexible) control over Magento shipping. Diversify your target markets, find new sales channels and multiply your store profits manifold.","Shipping Suite","https://www.mageworx.com/magento-2-shipping-suite.html","Shipping Extensions","https://www.mageworx.com/media/catalog/product/cache/1/small_image/300x300/9df78eab33525d08d6e5fb8d27136e95/0/3/03_shipping_suite_2.png"
"1587939514-197","https://www.mageworx.com/magento2-extensions/promotions-motivation-extensions.html","Product Countdown Timers","null","$149","Create the urgency effect to boost your sales with beautiful countdown timers.","Product Countdown Timers","https://www.mageworx.com/magento-2-product-countdown-timer.html","Promotions & Motivation","https://www.mageworx.com/media/catalog/product/cache/1/small_image/300x300/9df78eab33525d08d6e5fb8d27136e95/i/c/icon_product_countdown_timer.png"
"1587939514-194","https://www.mageworx.com/magento2-extensions/promotions-motivation-extensions.html","Gift Cards","69 Review(s)
            |","$199","Make gift card giving easy. Provide customers with traditional physical or eGift cards. Offer flexible pricing schemes & full gift card data analysis.","Gift Cards","https://www.mageworx.com/magento-2-gift-cards.html","Promotions & Motivation","https://www.mageworx.com/media/catalog/product/cache/1/small_image/300x300/9df78eab33525d08d6e5fb8d27136e95/0/6/06_gift_cards.png"
