﻿web-scraper-order,web-scraper-start-url,Category,titla,price,reviews,image-src,url,url-href
"1588013986-1131","https://www.mageplaza.com/magento-2-extensions/administration.html","Magento 2 Administration Extensions","GeoIP","$149","3 reviews","https://www.mageplaza.com/assets/img/extensions/geoip.png","","https://www.mageplaza.com/magento-2-geoip/"
"1588013986-1137","https://www.mageplaza.com/magento-2-extensions/administration.html","Magento 2 Administration Extensions","Backend Reindex","FREE","3 reviews","https://www.mageplaza.com/assets/img/extensions/backend-reindex.png","FREE","https://www.mageplaza.com/magento-2-backend-reindex/"
"1588013976-1066","https://www.mageplaza.com/magento-2-extensions/navigation.html","Magento 2 Navigation & Search Extensions","Store Pickup","$199","4 reviews","https://www.mageplaza.com/assets/img/extensions/store-pickup.png","","https://www.mageplaza.com/magento-2-store-pickup-extension/"
"1588013974-1051","https://www.mageplaza.com/magento-2-extensions/order-management.html","Magento 2 Order Management Extensions","Order Labels","$99","","https://www.mageplaza.com/assets/img/extensions/order-label.png","","https://www.mageplaza.com/magento-2-order-labels-extension/"
"1588013976-1063","https://www.mageplaza.com/magento-2-extensions/navigation.html","Magento 2 Navigation & Search Extensions","GeoIP","$149","3 reviews","https://www.mageplaza.com/assets/img/extensions/geoip.png","","https://www.mageplaza.com/magento-2-geoip/"
"1588013986-1123","https://www.mageplaza.com/magento-2-extensions/administration.html","Magento 2 Administration Extensions","Advanced Reports Ultimate","$299","","https://www.mageplaza.com/assets/img/extensions/magento-2-reports.png","","https://www.mageplaza.com/magento-2-reports-extension/"
"1588013958-946","https://www.mageplaza.com/magento-2-extensions/user-experience.html","Magento 2 User Experience - UX","Better Product Reviews","$159","2 reviews","https://www.mageplaza.com/assets/img/extensions/better-product-reviews.png","","https://www.mageplaza.com/magento-2-better-product-reviews/"
"1588013981-1088","https://www.mageplaza.com/magento-2-extensions/checkout.html","Magento 2 Checkout Extensions","Payment Restrictions","$149","5 reviews","https://www.mageplaza.com/assets/img/extensions/payment-restriction.png","-16%","https://www.mageplaza.com/magento-2-payment-restriction/"
"1588013955-916","https://www.mageplaza.com/magento-2-extensions/payment.html","Magento 2 Payment Gateway / Method Extensions","Moneris","$249","","https://www.mageplaza.com/assets/img/extensions/moneris.png","","https://www.mageplaza.com/magento-2-moneris/"
"1588013960-973","https://www.mageplaza.com/magento-2-extensions/shipping-payment.html","Magento 2 Shipping & Fee Extensions","Delivery Time","$69","2 reviews","https://www.mageplaza.com/assets/img/extensions/delivery-time.png","-12%","https://www.mageplaza.com/magento-2-delivery-time-extension/"
"1588013974-1047","https://www.mageplaza.com/magento-2-extensions/order-management.html","Magento 2 Order Management Extensions","Same Order Number","FREE","4 reviews","https://www.mageplaza.com/assets/img/extensions/same-order-number.png","FREE","https://www.mageplaza.com/magento-2-same-order-number/"
"1588013981-1085","https://www.mageplaza.com/magento-2-extensions/checkout.html","Magento 2 Checkout Extensions","Shipping Rules","$149","3 reviews","https://www.mageplaza.com/assets/img/extensions/shipping-rules.png","-16%","https://www.mageplaza.com/magento-2-shipping-rules/"
"1588013965-995","https://www.mageplaza.com/magento-2-extensions/sales-motivation.html","Magento 2 Sales Motivation Extensions","Multiple Coupons","$119","1 review","https://www.mageplaza.com/assets/img/extensions/multiple-coupons.png","","https://www.mageplaza.com/magento-2-multiple-coupons/"
"1588013986-1130","https://www.mageplaza.com/magento-2-extensions/administration.html","Magento 2 Administration Extensions","Same Order Number","FREE","4 reviews","https://www.mageplaza.com/assets/img/extensions/same-order-number.png","FREE","https://www.mageplaza.com/magento-2-same-order-number/"
"1588013958-957","https://www.mageplaza.com/magento-2-extensions/user-experience.html","Magento 2 User Experience - UX","Table Category View","$99","","https://www.mageplaza.com/assets/img/extensions/table-category-view.png","","https://www.mageplaza.com/magento-2-table-category-view/"
"1588013951-900","https://www.mageplaza.com/magento-2-extensions/integration.html","Magento 2 Integration Extensions","Quickbooks Online","$249","","https://www.mageplaza.com/assets/img/extensions/quickbooks-online.png","","https://www.mageplaza.com/magento-2-quickbooks-online/"
"1588013953-904","https://www.mageplaza.com/magento-2-extensions/cro.html","Magento 2 CRO Extensions","Social Login","FREE","155 reviews","https://www.mageplaza.com/assets/img/extensions/magento-2-social-login-extension.png","FREE","https://www.mageplaza.com/magento-2-social-login-extension/"
"1588013962-980","https://www.mageplaza.com/magento-2-extensions/seo-suite.html","Magento 2 SEO Suite Extensions","Lazy Loading","FREE","1 review","https://www.mageplaza.com/assets/img/extensions/lazy-loading.png","FREE","https://www.mageplaza.com/magento-2-lazy-loading/"
"1588013974-1044","https://www.mageplaza.com/magento-2-extensions/order-management.html","Magento 2 Order Management Extensions","Order Export","$129","7 reviews","https://www.mageplaza.com/assets/img/extensions/order-export.png","","https://www.mageplaza.com/magento-2-order-export/"
"1588013976-1069","https://www.mageplaza.com/magento-2-extensions/navigation.html","Magento 2 Navigation & Search Extensions","Layered Navigation Ultimate","$299","","https://www.mageplaza.com/assets/img/extensions/magento-2-layered-navigation.png","","https://www.mageplaza.com/magento-2-layered-navigation-extension/"
"1588013955-922","https://www.mageplaza.com/magento-2-extensions/payment.html","Magento 2 Payment Gateway / Method Extensions","SecurePay","$299","","https://www.mageplaza.com/assets/img/extensions/securepay.png","","https://www.mageplaza.com/magento-2-securepay/"
"1588013958-962","https://www.mageplaza.com/magento-2-extensions/user-experience.html","Magento 2 User Experience - UX","null","null","null","","null",""
"1588013986-1129","https://www.mageplaza.com/magento-2-extensions/administration.html","Magento 2 Administration Extensions","Email Attachments","FREE","7 reviews","https://www.mageplaza.com/assets/img/extensions/email-attachments.png","FREE","https://www.mageplaza.com/magento-2-email-attachments/"
"1588013955-921","https://www.mageplaza.com/magento-2-extensions/payment.html","Magento 2 Payment Gateway / Method Extensions","CommWeb","$199","2 reviews","https://www.mageplaza.com/assets/img/extensions/commweb.png","","https://www.mageplaza.com/magento-2-commweb/"
"1588013947-879","https://www.mageplaza.com/magento-2-extensions/api-graphql-pwa.html","Magento 2 API / GraphQL","Thank You Page","$129","2 reviews","https://www.mageplaza.com/assets/img/extensions/thank-you-page.png","","https://www.mageplaza.com/magento-2-thank-you-page/"
"1588013958-929","https://www.mageplaza.com/magento-2-extensions/user-experience.html","Magento 2 User Experience - UX","Social Suite","FREE","","https://www.mageplaza.com/assets/img/extensions/social-suite.png","FREE","https://www.mageplaza.com/magento-2-social-suite/"
"1588013947-870","https://www.mageplaza.com/magento-2-extensions/api-graphql-pwa.html","Magento 2 API / GraphQL","Shop By Brand","$99","25 reviews","https://www.mageplaza.com/assets/img/extensions/magento-2-shop-by-brand.png","","https://www.mageplaza.com/magento-2-shop-by-brand/"
"1588013986-1135","https://www.mageplaza.com/magento-2-extensions/administration.html","Magento 2 Administration Extensions","Age Verification","$149","3 reviews","https://www.mageplaza.com/assets/img/extensions/age-verification.png","","https://www.mageplaza.com/magento-2-age-verification/"
"1588013949-887","https://www.mageplaza.com/magento-2-extensions/security.html","Magento 2 Security Extensions","Security","FREE","22 reviews","https://www.mageplaza.com/assets/img/extensions/security.png","FREE","https://www.mageplaza.com/magento-2-security/"
"1588013976-1060","https://www.mageplaza.com/magento-2-extensions/navigation.html","Magento 2 Navigation & Search Extensions","Ajax Layered Navigation","FREE","10 reviews","https://www.mageplaza.com/assets/img/extensions/ajax-layered-navigation.png","FREE","https://www.mageplaza.com/magento-2-ajax-layered-navigation/"
"1588013981-1100","https://www.mageplaza.com/magento-2-extensions/checkout.html","Magento 2 Checkout Extensions","null","null","null","","null",""
"1588013958-940","https://www.mageplaza.com/magento-2-extensions/user-experience.html","Magento 2 User Experience - UX","Product Alerts","$199","","https://www.mageplaza.com/assets/img/extensions/product-alerts.png","","https://www.mageplaza.com/magento-2-product-alerts/"
"1588013960-971","https://www.mageplaza.com/magento-2-extensions/shipping-payment.html","Magento 2 Shipping & Fee Extensions","Shipping Cost","$89","","https://www.mageplaza.com/assets/img/extensions/shipping-cost.png","-10%","https://www.mageplaza.com/magento-2-shipping-cost/"
"1588013955-918","https://www.mageplaza.com/magento-2-extensions/payment.html","Magento 2 Payment Gateway / Method Extensions","CartaSi","$199","1 review","https://www.mageplaza.com/assets/img/extensions/cartasi.png","","https://www.mageplaza.com/magento-2-cartasi/"
"1588013972-1032","https://www.mageplaza.com/magento-2-extensions/product-enhancements.html","Magento 2 Product Enhancements Extensions","Product Attachments","$129","5 reviews","https://www.mageplaza.com/assets/img/extensions/product-attachments.png","","https://www.mageplaza.com/magento-2-product-attachments/"
"1588013984-1108","https://www.mageplaza.com/magento-2-extensions/b2b.html","Magento 2 B2B Extensions","Catalog Permissions","$199","1 review","https://www.mageplaza.com/assets/img/extensions/catalog-permissions.png","","https://www.mageplaza.com/magento-2-catalog-permissions/"
"1588013984-1115","https://www.mageplaza.com/magento-2-extensions/b2b.html","Magento 2 B2B Extensions","null","null","null","","null",""
"1588013958-953","https://www.mageplaza.com/magento-2-extensions/user-experience.html","Magento 2 User Experience - UX","Save Cart","$99","","https://www.mageplaza.com/assets/img/extensions/save-cart.png","","https://www.mageplaza.com/magento-2-save-cart/"
"1588013972-1039","https://www.mageplaza.com/magento-2-extensions/product-enhancements.html","Magento 2 Product Enhancements Extensions","Better Change Qty","$79","2 reviews","https://www.mageplaza.com/assets/img/extensions/better-change-qty.png","","https://www.mageplaza.com/magento-2-better-change-qty/"
"1588013951-896","https://www.mageplaza.com/magento-2-extensions/integration.html","Magento 2 Integration Extensions","Proofo - Social Proof","FREE","","https://www.mageplaza.com/assets/img/extensions/proofo.png?ref=mageplaza","FREE","https://www.mageplaza.com/magento-2-social-proof/"
"1588013960-970","https://www.mageplaza.com/magento-2-extensions/shipping-payment.html","Magento 2 Shipping & Fee Extensions","Table Rate Shipping","$149","","https://www.mageplaza.com/assets/img/extensions/table-rate-shipping.png","-16%","https://www.mageplaza.com/magento-2-table-rate-shipping/"
"1588013981-1097","https://www.mageplaza.com/magento-2-extensions/checkout.html","Magento 2 Checkout Extensions","One Step Checkout Pro","$229","","https://www.mageplaza.com/assets/img/extensions/magento-2-one-step-checkout.png","","https://www.mageplaza.com/magento-2-one-step-checkout-extension/"
"1588013968-1010","https://www.mageplaza.com/magento-2-extensions/promotions.html","Magento 2 Promotions Extensions","Gift Card","$199","14 reviews","https://www.mageplaza.com/assets/img/extensions/magento-2-gift-card.png","","https://www.mageplaza.com/magento-2-gift-card-extension/"
"1588013955-919","https://www.mageplaza.com/magento-2-extensions/payment.html","Magento 2 Payment Gateway / Method Extensions","Worldpay","$299","1 review","https://www.mageplaza.com/assets/img/extensions/worldpay.png","","https://www.mageplaza.com/magento-2-worldpay/"
"1588013968-1007","https://www.mageplaza.com/magento-2-extensions/promotions.html","Magento 2 Promotions Extensions","Marketing Solution","$289","","https://www.mageplaza.com/assets/img/extensions/marketing-solution.png","-16%","https://www.mageplaza.com/marketing-solution/"
"1588013984-1109","https://www.mageplaza.com/magento-2-extensions/b2b.html","Magento 2 B2B Extensions","Better Tier Price","$99","2 reviews","https://www.mageplaza.com/assets/img/extensions/better-tier-price.png","","https://www.mageplaza.com/magento-2-better-tier-price/"
"1588013972-1035","https://www.mageplaza.com/magento-2-extensions/product-enhancements.html","Magento 2 Product Enhancements Extensions","Size Chart","$89","5 reviews","https://www.mageplaza.com/assets/img/extensions/size-chart.png","","https://www.mageplaza.com/magento-2-size-chart/"
"1588013947-880","https://www.mageplaza.com/magento-2-extensions/api-graphql-pwa.html","Magento 2 API / GraphQL","Better Product Reviews","$159","2 reviews","https://www.mageplaza.com/assets/img/extensions/better-product-reviews.png","","https://www.mageplaza.com/magento-2-better-product-reviews/"
"1588013947-885","https://www.mageplaza.com/magento-2-extensions/api-graphql-pwa.html","Magento 2 API / GraphQL","Who Bought This Also Bought","$149","8 reviews","https://www.mageplaza.com/assets/img/extensions/magento-2-who-bought-this-also-bought.png","","https://www.mageplaza.com/magento-2-who-bought-this-also-bought/"
"1588013968-1013","https://www.mageplaza.com/magento-2-extensions/promotions.html","Magento 2 Promotions Extensions","Newsletter Popup","FREE","25 reviews","https://www.mageplaza.com/assets/img/extensions/newsletter-popup.png","FREE","https://www.mageplaza.com/magento-2-newsletter-popup/"
"1588013986-1122","https://www.mageplaza.com/magento-2-extensions/administration.html","Magento 2 Administration Extensions","Advanced Reports Pro","$199","","https://www.mageplaza.com/assets/img/extensions/magento-2-reports.png","","https://www.mageplaza.com/magento-2-reports-extension/"
"1588013965-1002","https://www.mageplaza.com/magento-2-extensions/sales-motivation.html","Magento 2 Sales Motivation Extensions","Affiliate Pro","$199","","https://www.mageplaza.com/assets/img/extensions/magento-2-affiliate.png","","https://www.mageplaza.com/magento-2-affiliate-extension/"
"1588013986-1124","https://www.mageplaza.com/magento-2-extensions/administration.html","Magento 2 Administration Extensions","Order Export","$129","7 reviews","https://www.mageplaza.com/assets/img/extensions/order-export.png","","https://www.mageplaza.com/magento-2-order-export/"
"1588013986-1136","https://www.mageplaza.com/magento-2-extensions/administration.html","Magento 2 Administration Extensions","Import Export Categories","$99","","https://www.mageplaza.com/assets/img/extensions/import-export-categories.png","","https://www.mageplaza.com/magento-2-import-export-categories/"
"1588013965-1005","https://www.mageplaza.com/magento-2-extensions/sales-motivation.html","Magento 2 Sales Motivation Extensions","null","null","null","","null",""
"1588013981-1089","https://www.mageplaza.com/magento-2-extensions/checkout.html","Magento 2 Checkout Extensions","Store Credit","$149","2 reviews","https://www.mageplaza.com/assets/img/extensions/store-credit.png","","https://www.mageplaza.com/magento-2-store-credit/"
"1588013979-1078","https://www.mageplaza.com/magento-2-extensions/content-management.html","Magento 2 Content Management Extensions","Better Static Block","$99","2 reviews","https://www.mageplaza.com/assets/img/extensions/better-static-block.png","","https://www.mageplaza.com/magento-2-better-static-block/"
"1588013968-1019","https://www.mageplaza.com/magento-2-extensions/promotions.html","Magento 2 Promotions Extensions","Countdown Timer","$99","2 reviews","https://www.mageplaza.com/assets/img/extensions/countdown-timer.png","","https://www.mageplaza.com/magento-2-countdown-timer/"
"1588013958-935","https://www.mageplaza.com/magento-2-extensions/user-experience.html","Magento 2 User Experience - UX","Ajax Search","$99","11 reviews","https://www.mageplaza.com/assets/img/extensions/magento-2-search-extension.png","","https://www.mageplaza.com/magento-2-search-extension/"
"1588013981-1093","https://www.mageplaza.com/magento-2-extensions/checkout.html","Magento 2 Checkout Extensions","Sage Pay","$249","","https://www.mageplaza.com/assets/img/extensions/sagepay.png","","https://www.mageplaza.com/magento-2-sage-pay/"
"1588013947-882","https://www.mageplaza.com/magento-2-extensions/api-graphql-pwa.html","Magento 2 API / GraphQL","Name Your Price","$99","1 review","https://www.mageplaza.com/assets/img/extensions/name-your-price.png","","https://www.mageplaza.com/magento-2-name-your-price/"
"1588013958-959","https://www.mageplaza.com/magento-2-extensions/user-experience.html","Magento 2 User Experience - UX","Lazy Loading","FREE","1 review","https://www.mageplaza.com/assets/img/extensions/lazy-loading.png","FREE","https://www.mageplaza.com/magento-2-lazy-loading/"
"1588013958-954","https://www.mageplaza.com/magento-2-extensions/user-experience.html","Magento 2 User Experience - UX","SMS Notification","$99","","https://www.mageplaza.com/assets/img/extensions/sms-notification.png","","https://www.mageplaza.com/magento-2-sms-notification/"
"1588013955-924","https://www.mageplaza.com/magento-2-extensions/payment.html","Magento 2 Payment Gateway / Method Extensions","ABN AMRO","$199","","https://www.mageplaza.com/assets/img/extensions/abn-amro.png","","https://www.mageplaza.com/magento-2-abn-amro/"
"1588013976-1062","https://www.mageplaza.com/magento-2-extensions/navigation.html","Magento 2 Navigation & Search Extensions","Store Switcher","$149","3 reviews","https://www.mageplaza.com/assets/img/extensions/store-switcher.png","","https://www.mageplaza.com/magento-2-store-switcher/"
"1588013965-989","https://www.mageplaza.com/magento-2-extensions/sales-motivation.html","Magento 2 Sales Motivation Extensions","Frequently Bought Together","$149","14 reviews","https://www.mageplaza.com/assets/img/extensions/frequently-bought-together.png","","https://www.mageplaza.com/magento-2-frequently-bought-together/"
"1588013972-1042","https://www.mageplaza.com/magento-2-extensions/product-enhancements.html","Magento 2 Product Enhancements Extensions","null","null","null","","null",""
"1588013986-1147","https://www.mageplaza.com/magento-2-extensions/administration.html","Magento 2 Administration Extensions","Security Pro","$112","22 reviews","https://www.mageplaza.com/assets/img/extensions/security.png","-25%","https://www.mageplaza.com/magento-2-security/"
"1588013968-1020","https://www.mageplaza.com/magento-2-extensions/promotions.html","Magento 2 Promotions Extensions","Promo Bar","$99","5 reviews","https://www.mageplaza.com/assets/img/extensions/promo-bar.png","","https://www.mageplaza.com/magento-2-promo-bar/"
"1588013958-958","https://www.mageplaza.com/magento-2-extensions/user-experience.html","Magento 2 User Experience - UX","Free Gifts","$199","1 review","https://www.mageplaza.com/assets/img/extensions/free-gifts.png","","https://www.mageplaza.com/magento-2-free-gifts/"
"1588013953-908","https://www.mageplaza.com/magento-2-extensions/cro.html","Magento 2 CRO Extensions","Multiple Coupons","$119","1 review","https://www.mageplaza.com/assets/img/extensions/multiple-coupons.png","","https://www.mageplaza.com/magento-2-multiple-coupons/"
"1588013986-1127","https://www.mageplaza.com/magento-2-extensions/administration.html","Magento 2 Administration Extensions","Delete Orders","FREE","45 reviews","https://www.mageplaza.com/assets/img/extensions/magento-2-delete-order.png","FREE","https://www.mageplaza.com/magento-2-delete-orders/"
"1588013981-1092","https://www.mageplaza.com/magento-2-extensions/checkout.html","Magento 2 Checkout Extensions","Custom Checkout Fields","$199","7 reviews","https://www.mageplaza.com/assets/img/extensions/custom-checkout-fields.png","","https://www.mageplaza.com/magento-2-custom-checkout-fields/"
"1588013981-1098","https://www.mageplaza.com/magento-2-extensions/checkout.html","Magento 2 Checkout Extensions","Delivery Time","$69","2 reviews","https://www.mageplaza.com/assets/img/extensions/delivery-time.png","-12%","https://www.mageplaza.com/magento-2-delivery-time-extension/"
"1588013968-1011","https://www.mageplaza.com/magento-2-extensions/promotions.html","Magento 2 Promotions Extensions","Frequently Bought Together","$149","14 reviews","https://www.mageplaza.com/assets/img/extensions/frequently-bought-together.png","","https://www.mageplaza.com/magento-2-frequently-bought-together/"
"1588013986-1139","https://www.mageplaza.com/magento-2-extensions/administration.html","Magento 2 Administration Extensions","Import Export CMS","$99","","https://www.mageplaza.com/assets/img/extensions/cms-import-export.png","","https://www.mageplaza.com/magento-2-import-export-cms/"
"1588013958-933","https://www.mageplaza.com/magento-2-extensions/user-experience.html","Magento 2 User Experience - UX","Quick Order","$199","7 reviews","https://www.mageplaza.com/assets/img/extensions/quick-order.png","","https://www.mageplaza.com/magento-2-quick-order/"
"1588013951-897","https://www.mageplaza.com/magento-2-extensions/integration.html","Magento 2 Integration Extensions","Zoho CRM integration","$299","","https://www.mageplaza.com/assets/img/extensions/zoho-crm.png","","https://www.mageplaza.com/magento-2-zoho-crm-integration-extension/"
"1588013958-965","https://www.mageplaza.com/magento-2-extensions/user-experience.html","Magento 2 User Experience - UX","null","null","null","","null",""
"1588013962-974","https://www.mageplaza.com/magento-2-extensions/seo-suite.html","Magento 2 SEO Suite Extensions","Layered Navigation","$99","89 reviews","https://www.mageplaza.com/assets/img/extensions/magento-2-layered-navigation.png","","https://www.mageplaza.com/magento-2-layered-navigation-extension/"
"1588013949-893","https://www.mageplaza.com/magento-2-extensions/security.html","Magento 2 Security Extensions","Customer Approval","FREE","","https://www.mageplaza.com/assets/img/extensions/customer-approval.png","FREE","https://www.mageplaza.com/magento-2-customer-approval/"
"1588013947-872","https://www.mageplaza.com/magento-2-extensions/api-graphql-pwa.html","Magento 2 API / GraphQL","Gift Card","$199","14 reviews","https://www.mageplaza.com/assets/img/extensions/magento-2-gift-card.png","","https://www.mageplaza.com/magento-2-gift-card-extension/"
"1588013958-932","https://www.mageplaza.com/magento-2-extensions/user-experience.html","Magento 2 User Experience - UX","GDPR","FREE","27 reviews","https://www.mageplaza.com/assets/img/extensions/magento-2-gdpr-extension.png","FREE","https://www.mageplaza.com/magento-2-gdpr-extension/"
"1588013981-1101","https://www.mageplaza.com/magento-2-extensions/checkout.html","Magento 2 Checkout Extensions","null","null","null","","null",""
"1588013965-983","https://www.mageplaza.com/magento-2-extensions/sales-motivation.html","Magento 2 Sales Motivation Extensions","Automatic Related Products","$199","25 reviews","https://www.mageplaza.com/assets/img/extensions/magento-2-automatic-related-products.png","","https://www.mageplaza.com/magento-2-automatic-related-products/"
"1588013965-986","https://www.mageplaza.com/magento-2-extensions/sales-motivation.html","Magento 2 Sales Motivation Extensions","CRO","$521","","https://www.mageplaza.com/assets/img/extensions/cro.png","-19%","https://www.mageplaza.com/magento-2-cro/"
"1588013965-985","https://www.mageplaza.com/magento-2-extensions/sales-motivation.html","Magento 2 Sales Motivation Extensions","Reward Points","$99","18 reviews","https://www.mageplaza.com/assets/img/extensions/reward-points.png","","https://www.mageplaza.com/magento-2-reward-points-extension/"
"1588013947-876","https://www.mageplaza.com/magento-2-extensions/api-graphql-pwa.html","Magento 2 API / GraphQL","FAQ","$129","6 reviews","https://www.mageplaza.com/assets/img/extensions/faq.jpg","","https://www.mageplaza.com/magento-2-faq-extension/"
"1588013968-1018","https://www.mageplaza.com/magento-2-extensions/promotions.html","Magento 2 Promotions Extensions","Who Viewed This Also Viewed","$149","","https://www.mageplaza.com/assets/img/extensions/who-viewed-this-also-viewed.png","","https://www.mageplaza.com/magento-2-who-viewed-this-also-viewed/"
"1588013981-1086","https://www.mageplaza.com/magento-2-extensions/checkout.html","Magento 2 Checkout Extensions","Order Attributes","$199","7 reviews","https://www.mageplaza.com/assets/img/extensions/order-attributes.png","","https://www.mageplaza.com/magento-2-order-attributes/"
"1588013949-891","https://www.mageplaza.com/magento-2-extensions/security.html","Magento 2 Security Extensions","Two-Factor Authentication","FREE","1 review","https://www.mageplaza.com/assets/img/extensions/two-factor-authentication.png","FREE","https://www.mageplaza.com/magento-2-two-factor-authentication/"
"1588013962-977","https://www.mageplaza.com/magento-2-extensions/seo-suite.html","Magento 2 SEO Suite Extensions","FAQ","$129","6 reviews","https://www.mageplaza.com/assets/img/extensions/faq.jpg","","https://www.mageplaza.com/magento-2-faq-extension/"
"1588013955-920","https://www.mageplaza.com/magento-2-extensions/payment.html","Magento 2 Payment Gateway / Method Extensions","2Checkout","$199","1 review","https://www.mageplaza.com/assets/img/extensions/2checkout.png","","https://www.mageplaza.com/magento-2-2checkout/"
"1588013965-990","https://www.mageplaza.com/magento-2-extensions/sales-motivation.html","Magento 2 Sales Motivation Extensions","Better Coupon","$189","3 reviews","https://www.mageplaza.com/assets/img/extensions/magento-2-better-coupon-extension.png","","https://www.mageplaza.com/magento-2-better-coupon/"
"1588013958-960","https://www.mageplaza.com/magento-2-extensions/user-experience.html","Magento 2 User Experience - UX","Delivery Time","$69","2 reviews","https://www.mageplaza.com/assets/img/extensions/delivery-time.png","-12%","https://www.mageplaza.com/magento-2-delivery-time-extension/"
"1588013958-938","https://www.mageplaza.com/magento-2-extensions/user-experience.html","Magento 2 User Experience - UX","Store Switcher","$149","3 reviews","https://www.mageplaza.com/assets/img/extensions/store-switcher.png","","https://www.mageplaza.com/magento-2-store-switcher/"
"1588013955-926","https://www.mageplaza.com/magento-2-extensions/payment.html","Magento 2 Payment Gateway / Method Extensions","WePay","$199","","https://www.mageplaza.com/assets/img/extensions/wepay.png","","https://www.mageplaza.com/magento-2-wepay/"
"1588013962-978","https://www.mageplaza.com/magento-2-extensions/seo-suite.html","Magento 2 SEO Suite Extensions","Google Maps","FREE","8 reviews","https://www.mageplaza.com/assets/img/extensions/google-maps.png","FREE","https://www.mageplaza.com/magento-2-google-maps/"
"1588013960-966","https://www.mageplaza.com/magento-2-extensions/shipping-payment.html","Magento 2 Shipping & Fee Extensions","Multiple Shipping Flat Rates","FREE","14 reviews","https://www.mageplaza.com/assets/img/extensions/mulitple-shipping-flat-rates.png","FREE","https://www.mageplaza.com/magento-2-multi-flat-rates-shipping/"
"1588013986-1118","https://www.mageplaza.com/magento-2-extensions/administration.html","Magento 2 Administration Extensions","Advanced Reports","FREE","17 reviews","https://www.mageplaza.com/assets/img/extensions/magento-2-reports.png","FREE","https://www.mageplaza.com/magento-2-reports-extension/"
"1588013947-884","https://www.mageplaza.com/magento-2-extensions/api-graphql-pwa.html","Magento 2 API / GraphQL","Sales Pop","$0","","https://www.mageplaza.com/assets/img/extensions/sales-pop.png","-100%","https://www.mageplaza.com/magento-2-sales-pop/"
"1588013968-1015","https://www.mageplaza.com/magento-2-extensions/promotions.html","Magento 2 Promotions Extensions","Free Shipping Bar","$89","7 reviews","https://www.mageplaza.com/assets/img/extensions/free-shipping-bar.png","-10%","https://www.mageplaza.com/magento-2-free-shipping-bar/"
"1588013986-1149","https://www.mageplaza.com/magento-2-extensions/administration.html","Magento 2 Administration Extensions","null","null","null","","null",""
"1588013953-901","https://www.mageplaza.com/magento-2-extensions/cro.html","Magento 2 CRO Extensions","Layered Navigation","$99","89 reviews","https://www.mageplaza.com/assets/img/extensions/magento-2-layered-navigation.png","","https://www.mageplaza.com/magento-2-layered-navigation-extension/"
"1588013962-975","https://www.mageplaza.com/magento-2-extensions/seo-suite.html","Magento 2 SEO Suite Extensions","Better Blog","FREE","109 reviews","https://www.mageplaza.com/assets/img/extensions/magento-2-blog-extension.png","FREE","https://www.mageplaza.com/magento-2-better-blog/"
"1588013949-890","https://www.mageplaza.com/magento-2-extensions/security.html","Magento 2 Security Extensions","Required Login","$79","4 reviews","https://www.mageplaza.com/assets/img/extensions/required-login.png","","https://www.mageplaza.com/magento-2-required-login/"
"1588013986-1138","https://www.mageplaza.com/magento-2-extensions/administration.html","Magento 2 Administration Extensions","Catalog Permissions","$199","1 review","https://www.mageplaza.com/assets/img/extensions/catalog-permissions.png","","https://www.mageplaza.com/magento-2-catalog-permissions/"
"1588013976-1061","https://www.mageplaza.com/magento-2-extensions/navigation.html","Magento 2 Navigation & Search Extensions","Ajax Search","$99","11 reviews","https://www.mageplaza.com/assets/img/extensions/magento-2-search-extension.png","","https://www.mageplaza.com/magento-2-search-extension/"
"1588013981-1096","https://www.mageplaza.com/magento-2-extensions/checkout.html","Magento 2 Checkout Extensions","One Step Checkout Ultimate","$299","","https://www.mageplaza.com/assets/img/extensions/magento-2-one-step-checkout.png","","https://www.mageplaza.com/magento-2-one-step-checkout-extension/"
"1588013984-1102","https://www.mageplaza.com/magento-2-extensions/b2b.html","Magento 2 B2B Extensions","B2B Solution","$465","","https://www.mageplaza.com/assets/img/extensions/b2b-solution.png","-19%","https://www.mageplaza.com/magento-2-b2b/"
"1588013955-917","https://www.mageplaza.com/magento-2-extensions/payment.html","Magento 2 Payment Gateway / Method Extensions","Sage Pay","$249","","https://www.mageplaza.com/assets/img/extensions/sagepay.png","","https://www.mageplaza.com/magento-2-sage-pay/"
"1588013986-1140","https://www.mageplaza.com/magento-2-extensions/administration.html","Magento 2 Administration Extensions","Google Analytics","$99","28 reviews","https://www.mageplaza.com/assets/img/extensions/google-analytics.png","","https://www.mageplaza.com/magento-2-google-analytics-pro/"
"1588013958-948","https://www.mageplaza.com/magento-2-extensions/user-experience.html","Magento 2 User Experience - UX","Custom Stock Status","$199","1 review","https://www.mageplaza.com/assets/img/extensions/custom-stock-status.png","","https://www.mageplaza.com/magento-2-custom-stock-status/"
"1588013947-881","https://www.mageplaza.com/magento-2-extensions/api-graphql-pwa.html","Magento 2 API / GraphQL","Gift Wrap","$199","3 reviews","https://www.mageplaza.com/assets/img/extensions/gift-wrap.png","","https://www.mageplaza.com/magento-2-gift-wrap/"
"1588013965-988","https://www.mageplaza.com/magento-2-extensions/sales-motivation.html","Magento 2 Sales Motivation Extensions","Gift Card","$199","14 reviews","https://www.mageplaza.com/assets/img/extensions/magento-2-gift-card.png","","https://www.mageplaza.com/magento-2-gift-card-extension/"
"1588013953-905","https://www.mageplaza.com/magento-2-extensions/cro.html","Magento 2 CRO Extensions","Free Shipping Bar","$89","7 reviews","https://www.mageplaza.com/assets/img/extensions/free-shipping-bar.png","-10%","https://www.mageplaza.com/magento-2-free-shipping-bar/"
"1588013976-1067","https://www.mageplaza.com/magento-2-extensions/navigation.html","Magento 2 Navigation & Search Extensions","Product Finder","$179","","https://www.mageplaza.com/assets/img/extensions/product-finder.png","","https://www.mageplaza.com/magento-2-product-finder/"
"1588013981-1090","https://www.mageplaza.com/magento-2-extensions/checkout.html","Magento 2 Checkout Extensions","Multiple Coupons","$119","1 review","https://www.mageplaza.com/assets/img/extensions/multiple-coupons.png","","https://www.mageplaza.com/magento-2-multiple-coupons/"
"1588013979-1076","https://www.mageplaza.com/magento-2-extensions/content-management.html","Magento 2 Content Management Extensions","Banner Slider","FREE","20 reviews","https://www.mageplaza.com/assets/img/extensions/magento-2-banner-slider.jpg","FREE","https://www.mageplaza.com/magento-2-banner-slider-extension/"
"1588013947-875","https://www.mageplaza.com/magento-2-extensions/api-graphql-pwa.html","Magento 2 API / GraphQL","Size Chart","$89","5 reviews","https://www.mageplaza.com/assets/img/extensions/size-chart.png","","https://www.mageplaza.com/magento-2-size-chart/"
"1588013965-996","https://www.mageplaza.com/magento-2-extensions/sales-motivation.html","Magento 2 Sales Motivation Extensions","Who Viewed This Also Viewed","$149","","https://www.mageplaza.com/assets/img/extensions/who-viewed-this-also-viewed.png","","https://www.mageplaza.com/magento-2-who-viewed-this-also-viewed/"
"1588013958-963","https://www.mageplaza.com/magento-2-extensions/user-experience.html","Magento 2 User Experience - UX","null","null","null","","null",""
"1588013955-914","https://www.mageplaza.com/magento-2-extensions/payment.html","Magento 2 Payment Gateway / Method Extensions","Store Credit","$149","2 reviews","https://www.mageplaza.com/assets/img/extensions/store-credit.png","","https://www.mageplaza.com/magento-2-store-credit/"
"1588013979-1079","https://www.mageplaza.com/magento-2-extensions/content-management.html","Magento 2 Content Management Extensions","Twitter Widget","FREE","3 reviews","https://www.mageplaza.com/assets/img/extensions/twitter-widget.png","FREE","https://www.mageplaza.com/magento-2-twitter-widget/"
"1588013974-1052","https://www.mageplaza.com/magento-2-extensions/order-management.html","Magento 2 Order Management Extensions","Edit Order","$149","1 review","https://www.mageplaza.com/assets/img/extensions/edit-order.png","","https://www.mageplaza.com/magento-2-edit-order/"
"1588013958-930","https://www.mageplaza.com/magento-2-extensions/user-experience.html","Magento 2 User Experience - UX","Social Login","FREE","155 reviews","https://www.mageplaza.com/assets/img/extensions/magento-2-social-login-extension.png","FREE","https://www.mageplaza.com/magento-2-social-login-extension/"
"1588013981-1087","https://www.mageplaza.com/magento-2-extensions/checkout.html","Magento 2 Checkout Extensions","Extra Fee","$199","4 reviews","https://www.mageplaza.com/assets/img/extensions/extra-fee.png","","https://www.mageplaza.com/magento-2-extra-fee/"
"1588013958-939","https://www.mageplaza.com/magento-2-extensions/user-experience.html","Magento 2 User Experience - UX","Store Credit","$149","2 reviews","https://www.mageplaza.com/assets/img/extensions/store-credit.png","","https://www.mageplaza.com/magento-2-store-credit/"
"1588013968-1012","https://www.mageplaza.com/magento-2-extensions/promotions.html","Magento 2 Promotions Extensions","Better Coupon","$189","3 reviews","https://www.mageplaza.com/assets/img/extensions/magento-2-better-coupon-extension.png","","https://www.mageplaza.com/magento-2-better-coupon/"
"1588013984-1105","https://www.mageplaza.com/magento-2-extensions/b2b.html","Magento 2 B2B Extensions","Better Change Qty","$79","2 reviews","https://www.mageplaza.com/assets/img/extensions/better-change-qty.png","","https://www.mageplaza.com/magento-2-better-change-qty/"
"1588013965-1004","https://www.mageplaza.com/magento-2-extensions/sales-motivation.html","Magento 2 Sales Motivation Extensions","Who Bought This Also Bought","$149","8 reviews","https://www.mageplaza.com/assets/img/extensions/magento-2-who-bought-this-also-bought.png","","https://www.mageplaza.com/magento-2-who-bought-this-also-bought/"
"1588013986-1143","https://www.mageplaza.com/magento-2-extensions/administration.html","Magento 2 Administration Extensions","Admin Permissions","$199","","https://www.mageplaza.com/assets/img/extensions/admin-permissions.png","","https://www.mageplaza.com/magento-2-admin-permissions/"
"1588013986-1133","https://www.mageplaza.com/magento-2-extensions/administration.html","Magento 2 Administration Extensions","Login As Customer","FREE","7 reviews","https://www.mageplaza.com/assets/img/extensions/login-as-customer.png","FREE","https://www.mageplaza.com/magento-2-login-as-customer/"
"1588013974-1056","https://www.mageplaza.com/magento-2-extensions/order-management.html","Magento 2 Order Management Extensions","null","null","null","","null",""
"1588013972-1030","https://www.mageplaza.com/magento-2-extensions/product-enhancements.html","Magento 2 Product Enhancements Extensions","Product Labels","$129","7 reviews","https://www.mageplaza.com/assets/img/extensions/product-labels.png","","https://www.mageplaza.com/magento-2-product-labels/"
"1588013958-952","https://www.mageplaza.com/magento-2-extensions/user-experience.html","Magento 2 User Experience - UX","Currency Formatter","FREE","2 reviews","https://www.mageplaza.com/assets/img/extensions/currency-formatter.png","FREE","https://www.mageplaza.com/magento-2-currency-formatter/"
"1588013972-1037","https://www.mageplaza.com/magento-2-extensions/product-enhancements.html","Magento 2 Product Enhancements Extensions","Product Questions","$129","6 reviews","https://www.mageplaza.com/assets/img/extensions/product-questions.png","","https://www.mageplaza.com/magento-2-product-questions/"
"1588013958-928","https://www.mageplaza.com/magento-2-extensions/user-experience.html","Magento 2 User Experience - UX","Layered Navigation","$99","89 reviews","https://www.mageplaza.com/assets/img/extensions/magento-2-layered-navigation.png","","https://www.mageplaza.com/magento-2-layered-navigation-extension/"
"1588013958-947","https://www.mageplaza.com/magento-2-extensions/user-experience.html","Magento 2 User Experience - UX","Pre Order","$149","1 review","https://www.mageplaza.com/assets/img/extensions/pre-order.png","","https://www.mageplaza.com/magento-2-pre-order/"
"1588013984-1113","https://www.mageplaza.com/magento-2-extensions/b2b.html","Magento 2 B2B Extensions","null","null","null","","null",""
"1588013965-998","https://www.mageplaza.com/magento-2-extensions/sales-motivation.html","Magento 2 Sales Motivation Extensions","Better Tier Price","$99","2 reviews","https://www.mageplaza.com/assets/img/extensions/better-tier-price.png","","https://www.mageplaza.com/magento-2-better-tier-price/"
"1588013958-927","https://www.mageplaza.com/magento-2-extensions/user-experience.html","Magento 2 User Experience - UX","One Step Checkout","$199","175 reviews","https://www.mageplaza.com/assets/img/extensions/magento-2-one-step-checkout.png","","https://www.mageplaza.com/magento-2-one-step-checkout-extension/"
"1588013974-1046","https://www.mageplaza.com/magento-2-extensions/order-management.html","Magento 2 Order Management Extensions","Order Attributes","$199","7 reviews","https://www.mageplaza.com/assets/img/extensions/order-attributes.png","","https://www.mageplaza.com/magento-2-order-attributes/"
"1588013986-1117","https://www.mageplaza.com/magento-2-extensions/administration.html","Magento 2 Administration Extensions","Abandoned Cart Email","$79","25 reviews","https://www.mageplaza.com/assets/img/extensions/abandoned-cart-email.png","","https://www.mageplaza.com/magento-2-abandoned-cart-email/"
"1588013974-1057","https://www.mageplaza.com/magento-2-extensions/order-management.html","Magento 2 Order Management Extensions","null","null","null","","null",""
"1588013958-950","https://www.mageplaza.com/magento-2-extensions/user-experience.html","Magento 2 User Experience - UX","Milestone","$99","","https://www.mageplaza.com/assets/img/extensions/milestone.png","","https://www.mageplaza.com/magento-2-milestone/"
"1588013968-1008","https://www.mageplaza.com/magento-2-extensions/promotions.html","Magento 2 Promotions Extensions","Automatic Related Products","$199","25 reviews","https://www.mageplaza.com/assets/img/extensions/magento-2-automatic-related-products.png","","https://www.mageplaza.com/magento-2-automatic-related-products/"
"1588013979-1075","https://www.mageplaza.com/magento-2-extensions/content-management.html","Magento 2 Content Management Extensions","Product Questions","$129","6 reviews","https://www.mageplaza.com/assets/img/extensions/product-questions.png","","https://www.mageplaza.com/magento-2-product-questions/"
"1588013968-1023","https://www.mageplaza.com/magento-2-extensions/promotions.html","Magento 2 Promotions Extensions","SMS Notification","$99","","https://www.mageplaza.com/assets/img/extensions/sms-notification.png","","https://www.mageplaza.com/magento-2-sms-notification/"
"1588013981-1084","https://www.mageplaza.com/magento-2-extensions/checkout.html","Magento 2 Checkout Extensions","Better Coupon","$189","3 reviews","https://www.mageplaza.com/assets/img/extensions/magento-2-better-coupon-extension.png","","https://www.mageplaza.com/magento-2-better-coupon/"
"1588013960-968","https://www.mageplaza.com/magento-2-extensions/shipping-payment.html","Magento 2 Shipping & Fee Extensions","Extra Fee","$199","4 reviews","https://www.mageplaza.com/assets/img/extensions/extra-fee.png","","https://www.mageplaza.com/magento-2-extra-fee/"
"1588013972-1029","https://www.mageplaza.com/magento-2-extensions/product-enhancements.html","Magento 2 Product Enhancements Extensions","Automatic Related Products","$199","25 reviews","https://www.mageplaza.com/assets/img/extensions/magento-2-automatic-related-products.png","","https://www.mageplaza.com/magento-2-automatic-related-products/"
"1588013981-1099","https://www.mageplaza.com/magento-2-extensions/checkout.html","Magento 2 Checkout Extensions","null","null","null","","null",""
"1588013984-1110","https://www.mageplaza.com/magento-2-extensions/b2b.html","Magento 2 B2B Extensions","Hide Price","$129","3 reviews","https://www.mageplaza.com/assets/img/extensions/hide-price.png","","https://www.mageplaza.com/magento-2-hide-price/"
"1588013979-1081","https://www.mageplaza.com/magento-2-extensions/content-management.html","Magento 2 Content Management Extensions","null","null","null","","null",""
"1588013955-925","https://www.mageplaza.com/magento-2-extensions/payment.html","Magento 2 Payment Gateway / Method Extensions","Barclaycard","$199","","https://www.mageplaza.com/assets/img/extensions/barclaycard.png","","https://www.mageplaza.com/magento-2-barclaycard/"
"1588013968-1025","https://www.mageplaza.com/magento-2-extensions/promotions.html","Magento 2 Promotions Extensions","Follow Up Email","$249","","https://www.mageplaza.com/assets/img/extensions/follow-up-email.png","","https://www.mageplaza.com/magento-2-follow-up-email/"
"1588013974-1054","https://www.mageplaza.com/magento-2-extensions/order-management.html","Magento 2 Order Management Extensions","RMA","$229","2 reviews","https://www.mageplaza.com/assets/img/extensions/rma.png","","https://www.mageplaza.com/magento-2-rma/"
"1588013958-945","https://www.mageplaza.com/magento-2-extensions/user-experience.html","Magento 2 User Experience - UX","AJAX Cart","$129","","https://www.mageplaza.com/assets/img/extensions/ajax-cart.png","","https://www.mageplaza.com/magento-2-ajax-cart-extension/"
"1588013984-1104","https://www.mageplaza.com/magento-2-extensions/b2b.html","Magento 2 B2B Extensions","Call for Price","$129","3 reviews","https://www.mageplaza.com/assets/img/extensions/call-for-price.png","","https://www.mageplaza.com/magento-2-call-for-price/"
"1588013968-1024","https://www.mageplaza.com/magento-2-extensions/promotions.html","Magento 2 Promotions Extensions","Sales Pop","$0","","https://www.mageplaza.com/assets/img/extensions/sales-pop.png","-100%","https://www.mageplaza.com/magento-2-sales-pop/"
"1588013984-1111","https://www.mageplaza.com/magento-2-extensions/b2b.html","Magento 2 B2B Extensions","Request for Quote","$249","","https://www.mageplaza.com/assets/img/extensions/request-for-quote.png","","https://www.mageplaza.com/magento-2-request-for-quote/"
"1588013986-1120","https://www.mageplaza.com/magento-2-extensions/administration.html","Magento 2 Administration Extensions","Security","FREE","22 reviews","https://www.mageplaza.com/assets/img/extensions/security.png","FREE","https://www.mageplaza.com/magento-2-security/"
"1588013953-902","https://www.mageplaza.com/magento-2-extensions/cro.html","Magento 2 CRO Extensions","Product Labels","$129","7 reviews","https://www.mageplaza.com/assets/img/extensions/product-labels.png","","https://www.mageplaza.com/magento-2-product-labels/"
"1588013968-1027","https://www.mageplaza.com/magento-2-extensions/promotions.html","Magento 2 Promotions Extensions","null","null","null","","null",""
"1588013972-1033","https://www.mageplaza.com/magento-2-extensions/product-enhancements.html","Magento 2 Product Enhancements Extensions","Frequently Bought Together","$149","14 reviews","https://www.mageplaza.com/assets/img/extensions/frequently-bought-together.png","","https://www.mageplaza.com/magento-2-frequently-bought-together/"
"1588013979-1077","https://www.mageplaza.com/magento-2-extensions/content-management.html","Magento 2 Content Management Extensions","Instagram Feed","FREE","5 reviews","https://www.mageplaza.com/assets/img/extensions/instagram-feed.png","FREE","https://www.mageplaza.com/magento-2-instagram-feed/"
"1588013949-895","https://www.mageplaza.com/magento-2-extensions/security.html","Magento 2 Security Extensions","Admin Permissions","$199","","https://www.mageplaza.com/assets/img/extensions/admin-permissions.png","","https://www.mageplaza.com/magento-2-admin-permissions/"
"1588013979-1080","https://www.mageplaza.com/magento-2-extensions/content-management.html","Magento 2 Content Management Extensions","Custom Form","$179","","https://www.mageplaza.com/assets/img/extensions/custom-form.png","","https://www.mageplaza.com/magento-2-custom-form/"
"1588013947-867","https://www.mageplaza.com/magento-2-extensions/api-graphql-pwa.html","Magento 2 API / GraphQL","Affiliate","$99","28 reviews","https://www.mageplaza.com/assets/img/extensions/magento-2-affiliate.png","","https://www.mageplaza.com/magento-2-affiliate-extension/"
"1588013955-913","https://www.mageplaza.com/magento-2-extensions/payment.html","Magento 2 Payment Gateway / Method Extensions","Payment Restrictions","$149","5 reviews","https://www.mageplaza.com/assets/img/extensions/payment-restriction.png","-16%","https://www.mageplaza.com/magento-2-payment-restriction/"
"1588013968-1026","https://www.mageplaza.com/magento-2-extensions/promotions.html","Magento 2 Promotions Extensions","Free Gifts","$199","1 review","https://www.mageplaza.com/assets/img/extensions/free-gifts.png","","https://www.mageplaza.com/magento-2-free-gifts/"
"1588013962-979","https://www.mageplaza.com/magento-2-extensions/seo-suite.html","Magento 2 SEO Suite Extensions","Image Optimizer","FREE","1 review","https://www.mageplaza.com/assets/img/extensions/image-optimizer.png","FREE","https://www.mageplaza.com/magento-2-image-optimizer/"
"1588013947-886","https://www.mageplaza.com/magento-2-extensions/api-graphql-pwa.html","Magento 2 API / GraphQL","Delivery Time","$69","2 reviews","https://www.mageplaza.com/assets/img/extensions/delivery-time.png","-12%","https://www.mageplaza.com/magento-2-delivery-time-extension/"
"1588013986-1142","https://www.mageplaza.com/magento-2-extensions/administration.html","Magento 2 Administration Extensions","Better Maintenance","FREE","2 reviews","https://www.mageplaza.com/assets/img/extensions/better-maintenance.png","FREE","https://www.mageplaza.com/magento-2-better-maintenance/"
"1588013958-937","https://www.mageplaza.com/magento-2-extensions/user-experience.html","Magento 2 User Experience - UX","Facebook Plugin","FREE","6 reviews","https://www.mageplaza.com/assets/img/extensions/facebook-plugin.png","FREE","https://www.mageplaza.com/magento-2-facebook-plugin/"
"1588013958-936","https://www.mageplaza.com/magento-2-extensions/user-experience.html","Magento 2 User Experience - UX","Size Chart","$89","5 reviews","https://www.mageplaza.com/assets/img/extensions/size-chart.png","","https://www.mageplaza.com/magento-2-size-chart/"
"1588013958-956","https://www.mageplaza.com/magento-2-extensions/user-experience.html","Magento 2 User Experience - UX","Product Finder","$179","","https://www.mageplaza.com/assets/img/extensions/product-finder.png","","https://www.mageplaza.com/magento-2-product-finder/"
"1588013981-1095","https://www.mageplaza.com/magento-2-extensions/checkout.html","Magento 2 Checkout Extensions","SecurePay","$299","","https://www.mageplaza.com/assets/img/extensions/securepay.png","","https://www.mageplaza.com/magento-2-securepay/"
"1588013976-1070","https://www.mageplaza.com/magento-2-extensions/navigation.html","Magento 2 Navigation & Search Extensions","null","null","null","","null",""
"1588013981-1094","https://www.mageplaza.com/magento-2-extensions/checkout.html","Magento 2 Checkout Extensions","Quick Cart","$199","","https://www.mageplaza.com/assets/img/extensions/quick-cart.png","","https://www.mageplaza.com/magento-2-quick-cart/"
"1588013958-955","https://www.mageplaza.com/magento-2-extensions/user-experience.html","Magento 2 User Experience - UX","Quick Cart","$199","","https://www.mageplaza.com/assets/img/extensions/quick-cart.png","","https://www.mageplaza.com/magento-2-quick-cart/"
"1588013972-1041","https://www.mageplaza.com/magento-2-extensions/product-enhancements.html","Magento 2 Product Enhancements Extensions","null","null","null","","null",""
"1588013955-923","https://www.mageplaza.com/magento-2-extensions/payment.html","Magento 2 Payment Gateway / Method Extensions","Westpac PayWay","$199","","https://www.mageplaza.com/assets/img/extensions/westpac-payway.png","","https://www.mageplaza.com/magento-2-westpac-payway/"
"1588013958-942","https://www.mageplaza.com/magento-2-extensions/user-experience.html","Magento 2 User Experience - UX","Social Share","FREE","6 reviews","https://www.mageplaza.com/assets/img/extensions/social-share.png","FREE","https://www.mageplaza.com/magento-2-social-share/"
"1588013958-943","https://www.mageplaza.com/magento-2-extensions/user-experience.html","Magento 2 User Experience - UX","Better Sorting","$99","","https://www.mageplaza.com/assets/img/extensions/better-sorting.png","","https://www.mageplaza.com/magento-2-better-sorting/"
"1588013947-874","https://www.mageplaza.com/magento-2-extensions/api-graphql-pwa.html","Magento 2 API / GraphQL","Daily Deal","$149","7 reviews","https://www.mageplaza.com/assets/img/extensions/daily-deal.png","","https://www.mageplaza.com/magento-2-daily-deal-extension/"
"1588013986-1145","https://www.mageplaza.com/magento-2-extensions/administration.html","Magento 2 Administration Extensions","Quick Flush Cache","FREE","1 review","https://www.mageplaza.com/assets/img/extensions/quick-flush-cache.png","FREE","https://www.mageplaza.com/magento-2-quick-flush-cache/"
"1588013976-1071","https://www.mageplaza.com/magento-2-extensions/navigation.html","Magento 2 Navigation & Search Extensions","null","null","null","","null",""
"1588013955-915","https://www.mageplaza.com/magento-2-extensions/payment.html","Magento 2 Payment Gateway / Method Extensions","Stripe","$149","2 reviews","https://www.mageplaza.com/assets/img/extensions/stripe.png","","https://www.mageplaza.com/magento-2-stripe/"
"1588013986-1148","https://www.mageplaza.com/magento-2-extensions/administration.html","Magento 2 Administration Extensions","null","null","null","","null",""
"1588013958-931","https://www.mageplaza.com/magento-2-extensions/user-experience.html","Magento 2 User Experience - UX","Shop By Brand","$99","25 reviews","https://www.mageplaza.com/assets/img/extensions/magento-2-shop-by-brand.png","","https://www.mageplaza.com/magento-2-shop-by-brand/"
"1588013974-1043","https://www.mageplaza.com/magento-2-extensions/order-management.html","Magento 2 Order Management Extensions","Custom Order Number","$149","2 reviews","https://www.mageplaza.com/assets/img/extensions/custom-order-number.png","","https://www.mageplaza.com/magento-2-custom-order-number/"
"1588013953-912","https://www.mageplaza.com/magento-2-extensions/cro.html","Magento 2 CRO Extensions","One Step Checkout Pro","$229","","https://www.mageplaza.com/assets/img/extensions/magento-2-one-step-checkout.png","","https://www.mageplaza.com/magento-2-one-step-checkout-extension/"
"1588013960-967","https://www.mageplaza.com/magento-2-extensions/shipping-payment.html","Magento 2 Shipping & Fee Extensions","Shipping Rules","$149","3 reviews","https://www.mageplaza.com/assets/img/extensions/shipping-rules.png","-16%","https://www.mageplaza.com/magento-2-shipping-rules/"
"1588013979-1082","https://www.mageplaza.com/magento-2-extensions/content-management.html","Magento 2 Content Management Extensions","null","null","null","","null",""
"1588013974-1050","https://www.mageplaza.com/magento-2-extensions/order-management.html","Magento 2 Order Management Extensions","Better Order Grid","$129","1 review","https://www.mageplaza.com/assets/img/extensions/better-order-grid.png","","https://www.mageplaza.com/magento-2-order-grid/"
"1588013962-981","https://www.mageplaza.com/magento-2-extensions/seo-suite.html","Magento 2 SEO Suite Extensions","Sitemap","FREE","77 reviews","https://www.mageplaza.com/assets/img/extensions/magento-2-sitemap.png","FREE","https://www.mageplaza.com/magento-2-google-sitemap/"
"1588013968-1021","https://www.mageplaza.com/magento-2-extensions/promotions.html","Magento 2 Promotions Extensions","Promo Banner","$99","2 reviews","https://www.mageplaza.com/assets/img/extensions/promo-banner.png","","https://www.mageplaza.com/magento-2-promo-banner/"
"1588013974-1045","https://www.mageplaza.com/magento-2-extensions/order-management.html","Magento 2 Order Management Extensions","Delete Orders","FREE","45 reviews","https://www.mageplaza.com/assets/img/extensions/magento-2-delete-order.png","FREE","https://www.mageplaza.com/magento-2-delete-orders/"
"1588013968-1017","https://www.mageplaza.com/magento-2-extensions/promotions.html","Magento 2 Promotions Extensions","Multiple Coupons","$119","1 review","https://www.mageplaza.com/assets/img/extensions/multiple-coupons.png","","https://www.mageplaza.com/magento-2-multiple-coupons/"
"1588013974-1055","https://www.mageplaza.com/magento-2-extensions/order-management.html","Magento 2 Order Management Extensions","null","null","null","","null",""
"1588013953-909","https://www.mageplaza.com/magento-2-extensions/cro.html","Magento 2 CRO Extensions","Better Product Reviews","$159","2 reviews","https://www.mageplaza.com/assets/img/extensions/better-product-reviews.png","","https://www.mageplaza.com/magento-2-better-product-reviews/"
"1588013976-1064","https://www.mageplaza.com/magento-2-extensions/navigation.html","Magento 2 Navigation & Search Extensions","Quick View","$129","","https://www.mageplaza.com/assets/img/extensions/quick-view.png","","https://www.mageplaza.com/magento-2-quick-view/"
"1588013968-1022","https://www.mageplaza.com/magento-2-extensions/promotions.html","Magento 2 Promotions Extensions","Special Promotions","$299","","https://www.mageplaza.com/assets/img/extensions/special-promotions.png","","https://www.mageplaza.com/magento-2-special-promotions/"
"1588013965-1003","https://www.mageplaza.com/magento-2-extensions/sales-motivation.html","Magento 2 Sales Motivation Extensions","Affiliate Ultimate","$299","","https://www.mageplaza.com/assets/img/extensions/magento-2-affiliate.png","","https://www.mageplaza.com/magento-2-affiliate-extension/"
"1588013986-1125","https://www.mageplaza.com/magento-2-extensions/administration.html","Magento 2 Administration Extensions","Google reCaptcha","FREE","63 reviews","https://www.mageplaza.com/assets/img/extensions/google-recaptcha.png","FREE","https://www.mageplaza.com/magento-2-google-recaptcha/"
"1588013968-1009","https://www.mageplaza.com/magento-2-extensions/promotions.html","Magento 2 Promotions Extensions","Product Labels","$129","7 reviews","https://www.mageplaza.com/assets/img/extensions/product-labels.png","","https://www.mageplaza.com/magento-2-product-labels/"
"1588013947-869","https://www.mageplaza.com/magento-2-extensions/api-graphql-pwa.html","Magento 2 API / GraphQL","Product Labels","$129","7 reviews","https://www.mageplaza.com/assets/img/extensions/product-labels.png","","https://www.mageplaza.com/magento-2-product-labels/"
"1588013947-873","https://www.mageplaza.com/magento-2-extensions/api-graphql-pwa.html","Magento 2 API / GraphQL","Frequently Bought Together","$149","14 reviews","https://www.mageplaza.com/assets/img/extensions/frequently-bought-together.png","","https://www.mageplaza.com/magento-2-frequently-bought-together/"
"1588013972-1034","https://www.mageplaza.com/magento-2-extensions/product-enhancements.html","Magento 2 Product Enhancements Extensions","Product Slider","FREE","61 reviews","https://www.mageplaza.com/assets/img/extensions/magento-2-product-slider.jpg","FREE","https://www.mageplaza.com/magento-2-product-slider-extension/"
"1588013965-987","https://www.mageplaza.com/magento-2-extensions/sales-motivation.html","Magento 2 Sales Motivation Extensions","Abandoned Cart Email","$79","25 reviews","https://www.mageplaza.com/assets/img/extensions/abandoned-cart-email.png","","https://www.mageplaza.com/magento-2-abandoned-cart-email/"
"1588013986-1144","https://www.mageplaza.com/magento-2-extensions/administration.html","Magento 2 Administration Extensions","Zoho CRM integration","$299","","https://www.mageplaza.com/assets/img/extensions/zoho-crm.png","","https://www.mageplaza.com/magento-2-zoho-crm-integration-extension/"
"1588013984-1114","https://www.mageplaza.com/magento-2-extensions/b2b.html","Magento 2 B2B Extensions","null","null","null","","null",""
"1588013981-1091","https://www.mageplaza.com/magento-2-extensions/checkout.html","Magento 2 Checkout Extensions","Gift Wrap","$199","3 reviews","https://www.mageplaza.com/assets/img/extensions/gift-wrap.png","","https://www.mageplaza.com/magento-2-gift-wrap/"
"1588013953-907","https://www.mageplaza.com/magento-2-extensions/cro.html","Magento 2 CRO Extensions","Review Reminder","$79","10 reviews","https://www.mageplaza.com/assets/img/extensions/review-reminder.png","","https://www.mageplaza.com/magento-2-review-reminder/"
"1588013984-1106","https://www.mageplaza.com/magento-2-extensions/b2b.html","Magento 2 B2B Extensions","Required Login","$79","4 reviews","https://www.mageplaza.com/assets/img/extensions/required-login.png","","https://www.mageplaza.com/magento-2-required-login/"
"1588013965-997","https://www.mageplaza.com/magento-2-extensions/sales-motivation.html","Magento 2 Sales Motivation Extensions","Countdown Timer","$99","2 reviews","https://www.mageplaza.com/assets/img/extensions/countdown-timer.png","","https://www.mageplaza.com/magento-2-countdown-timer/"
"1588013965-992","https://www.mageplaza.com/magento-2-extensions/sales-motivation.html","Magento 2 Sales Motivation Extensions","Free Shipping Bar","$89","7 reviews","https://www.mageplaza.com/assets/img/extensions/free-shipping-bar.png","-10%","https://www.mageplaza.com/magento-2-free-shipping-bar/"
"1588013947-868","https://www.mageplaza.com/magento-2-extensions/api-graphql-pwa.html","Magento 2 API / GraphQL","Reward Points","$99","18 reviews","https://www.mageplaza.com/assets/img/extensions/reward-points.png","","https://www.mageplaza.com/magento-2-reward-points-extension/"
"1588013958-934","https://www.mageplaza.com/magento-2-extensions/user-experience.html","Magento 2 User Experience - UX","Ajax Layered Navigation","FREE","10 reviews","https://www.mageplaza.com/assets/img/extensions/ajax-layered-navigation.png","FREE","https://www.mageplaza.com/magento-2-ajax-layered-navigation/"
"1588013979-1072","https://www.mageplaza.com/magento-2-extensions/content-management.html","Magento 2 Content Management Extensions","Store Locator","$199","4 reviews","https://www.mageplaza.com/assets/img/extensions/magento-2-store-locator.png","","https://www.mageplaza.com/magento-2-store-locator-extension/"
"1588013965-994","https://www.mageplaza.com/magento-2-extensions/sales-motivation.html","Magento 2 Sales Motivation Extensions","Social Share","FREE","6 reviews","https://www.mageplaza.com/assets/img/extensions/social-share.png","FREE","https://www.mageplaza.com/magento-2-social-share/"
"1588013953-906","https://www.mageplaza.com/magento-2-extensions/cro.html","Magento 2 CRO Extensions","Daily Deal","$149","7 reviews","https://www.mageplaza.com/assets/img/extensions/daily-deal.png","","https://www.mageplaza.com/magento-2-daily-deal-extension/"
"1588013968-1016","https://www.mageplaza.com/magento-2-extensions/promotions.html","Magento 2 Promotions Extensions","Daily Deal","$149","7 reviews","https://www.mageplaza.com/assets/img/extensions/daily-deal.png","","https://www.mageplaza.com/magento-2-daily-deal-extension/"
"1588013986-1132","https://www.mageplaza.com/magento-2-extensions/administration.html","Magento 2 Administration Extensions","Webhook","FREE","12 reviews","https://www.mageplaza.com/assets/img/extensions/webhook.png","FREE","https://www.mageplaza.com/magento-2-webhook/"
"1588013965-991","https://www.mageplaza.com/magento-2-extensions/sales-motivation.html","Magento 2 Sales Motivation Extensions","Newsletter Popup","FREE","25 reviews","https://www.mageplaza.com/assets/img/extensions/newsletter-popup.png","FREE","https://www.mageplaza.com/magento-2-newsletter-popup/"
"1588013981-1083","https://www.mageplaza.com/magento-2-extensions/checkout.html","Magento 2 Checkout Extensions","One Step Checkout","$199","175 reviews","https://www.mageplaza.com/assets/img/extensions/magento-2-one-step-checkout.png","","https://www.mageplaza.com/magento-2-one-step-checkout-extension/"
"1588013976-1065","https://www.mageplaza.com/magento-2-extensions/navigation.html","Magento 2 Navigation & Search Extensions","Better Sorting","$99","","https://www.mageplaza.com/assets/img/extensions/better-sorting.png","","https://www.mageplaza.com/magento-2-better-sorting/"
"1588013976-1068","https://www.mageplaza.com/magento-2-extensions/navigation.html","Magento 2 Navigation & Search Extensions","Layered Navigation Pro","$199","","https://www.mageplaza.com/assets/img/extensions/magento-2-layered-navigation.png","","https://www.mageplaza.com/magento-2-layered-navigation-extension/"
"1588013984-1103","https://www.mageplaza.com/magento-2-extensions/b2b.html","Magento 2 B2B Extensions","Quick Order","$199","7 reviews","https://www.mageplaza.com/assets/img/extensions/quick-order.png","","https://www.mageplaza.com/magento-2-quick-order/"
"1588013949-888","https://www.mageplaza.com/magento-2-extensions/security.html","Magento 2 Security Extensions","GDPR","FREE","27 reviews","https://www.mageplaza.com/assets/img/extensions/magento-2-gdpr-extension.png","FREE","https://www.mageplaza.com/magento-2-gdpr-extension/"
"1588013958-961","https://www.mageplaza.com/magento-2-extensions/user-experience.html","Magento 2 User Experience - UX","null","null","null","","null",""
"1588013968-1014","https://www.mageplaza.com/magento-2-extensions/promotions.html","Magento 2 Promotions Extensions","Better Popup","FREE","25 reviews","https://www.mageplaza.com/assets/img/extensions/better-popup.png","FREE","https://www.mageplaza.com/magento-2-better-popup/"
"1588013953-911","https://www.mageplaza.com/magento-2-extensions/cro.html","Magento 2 CRO Extensions","Promo Banner","$99","2 reviews","https://www.mageplaza.com/assets/img/extensions/promo-banner.png","","https://www.mageplaza.com/magento-2-promo-banner/"
"1588013947-878","https://www.mageplaza.com/magento-2-extensions/api-graphql-pwa.html","Magento 2 API / GraphQL","Store Credit","$149","2 reviews","https://www.mageplaza.com/assets/img/extensions/store-credit.png","","https://www.mageplaza.com/magento-2-store-credit/"
"1588013951-899","https://www.mageplaza.com/magento-2-extensions/integration.html","Magento 2 Integration Extensions","Freshsales","$249","","https://www.mageplaza.com/assets/img/extensions/freshsales.png","","https://www.mageplaza.com/magento-2-freshsales/"
"1588013972-1036","https://www.mageplaza.com/magento-2-extensions/product-enhancements.html","Magento 2 Product Enhancements Extensions","FAQ","$129","6 reviews","https://www.mageplaza.com/assets/img/extensions/faq.jpg","","https://www.mageplaza.com/magento-2-faq-extension/"
"1588013949-894","https://www.mageplaza.com/magento-2-extensions/security.html","Magento 2 Security Extensions","Catalog Permissions","$199","1 review","https://www.mageplaza.com/assets/img/extensions/catalog-permissions.png","","https://www.mageplaza.com/magento-2-catalog-permissions/"
"1588013984-1112","https://www.mageplaza.com/magento-2-extensions/b2b.html","Magento 2 B2B Extensions","B2B Signup","$129","","https://www.mageplaza.com/assets/img/extensions/b2b-signup.png","","https://www.mageplaza.com/magento-2-b2b-signup/"
"1588013972-1031","https://www.mageplaza.com/magento-2-extensions/product-enhancements.html","Magento 2 Product Enhancements Extensions","Shop By Brand","$99","25 reviews","https://www.mageplaza.com/assets/img/extensions/magento-2-shop-by-brand.png","","https://www.mageplaza.com/magento-2-shop-by-brand/"
"1588013949-889","https://www.mageplaza.com/magento-2-extensions/security.html","Magento 2 Security Extensions","Google reCaptcha","FREE","63 reviews","https://www.mageplaza.com/assets/img/extensions/google-recaptcha.png","FREE","https://www.mageplaza.com/magento-2-google-recaptcha/"
"1588013965-999","https://www.mageplaza.com/magento-2-extensions/sales-motivation.html","Magento 2 Sales Motivation Extensions","Loyalty Program","$199","1 review","https://www.mageplaza.com/assets/img/extensions/loyalty-program.png","","https://www.mageplaza.com/magento-2-loyalty-program/"
"1588013986-1126","https://www.mageplaza.com/magento-2-extensions/administration.html","Magento 2 Administration Extensions","Review Reminder","$79","10 reviews","https://www.mageplaza.com/assets/img/extensions/review-reminder.png","","https://www.mageplaza.com/magento-2-review-reminder/"
"1588013960-972","https://www.mageplaza.com/magento-2-extensions/shipping-payment.html","Magento 2 Shipping & Fee Extensions","Canada Post","$159","","https://www.mageplaza.com/assets/img/extensions/canada-post.png","-20%","https://www.mageplaza.com/magento-2-canada-post/"
"1588013947-877","https://www.mageplaza.com/magento-2-extensions/api-graphql-pwa.html","Magento 2 API / GraphQL","Share Cart","FREE","6 reviews","https://www.mageplaza.com/assets/img/extensions/share-cart.png","FREE","https://www.mageplaza.com/magento-2-share-cart/"
"1588013949-892","https://www.mageplaza.com/magento-2-extensions/security.html","Magento 2 Security Extensions","Age Verification","$149","3 reviews","https://www.mageplaza.com/assets/img/extensions/age-verification.png","","https://www.mageplaza.com/magento-2-age-verification/"
"1588013965-982","https://www.mageplaza.com/magento-2-extensions/sales-motivation.html","Magento 2 Sales Motivation Extensions","Sales Booster","$329","","https://www.mageplaza.com/assets/img/extensions/sales-booster.png","-17%","https://www.mageplaza.com/sales-booster/"
"1588013986-1116","https://www.mageplaza.com/magento-2-extensions/administration.html","Magento 2 Administration Extensions","Product Feed","$149","19 reviews","https://www.mageplaza.com/assets/img/extensions/product-feed.png","","https://www.mageplaza.com/magento-2-product-feed-extension/"
"1588013976-1059","https://www.mageplaza.com/magento-2-extensions/navigation.html","Magento 2 Navigation & Search Extensions","Store Locator","$199","4 reviews","https://www.mageplaza.com/assets/img/extensions/magento-2-store-locator.png","","https://www.mageplaza.com/magento-2-store-locator-extension/"
"1588013986-1141","https://www.mageplaza.com/magento-2-extensions/administration.html","Magento 2 Administration Extensions","Cron Schedule","FREE","1 review","https://www.mageplaza.com/assets/img/extensions/cron-schedule.png","FREE","https://www.mageplaza.com/magento-2-cron-schedule/"
"1588013953-903","https://www.mageplaza.com/magento-2-extensions/cro.html","Magento 2 CRO Extensions","CRO","$521","","https://www.mageplaza.com/assets/img/extensions/cro.png","-19%","https://www.mageplaza.com/magento-2-cro/"
"1588013965-1000","https://www.mageplaza.com/magento-2-extensions/sales-motivation.html","Magento 2 Sales Motivation Extensions","Milestone","$99","","https://www.mageplaza.com/assets/img/extensions/milestone.png","","https://www.mageplaza.com/magento-2-milestone/"
"1588013979-1073","https://www.mageplaza.com/magento-2-extensions/content-management.html","Magento 2 Content Management Extensions","Better Blog","FREE","109 reviews","https://www.mageplaza.com/assets/img/extensions/magento-2-blog-extension.png","FREE","https://www.mageplaza.com/magento-2-better-blog/"
"1588013958-944","https://www.mageplaza.com/magento-2-extensions/user-experience.html","Magento 2 User Experience - UX","Age Verification","$149","3 reviews","https://www.mageplaza.com/assets/img/extensions/age-verification.png","","https://www.mageplaza.com/magento-2-age-verification/"
"1588013968-1028","https://www.mageplaza.com/magento-2-extensions/promotions.html","Magento 2 Promotions Extensions","null","null","null","","null",""
"1588013953-910","https://www.mageplaza.com/magento-2-extensions/cro.html","Magento 2 CRO Extensions","Countdown Timer","$99","2 reviews","https://www.mageplaza.com/assets/img/extensions/countdown-timer.png","","https://www.mageplaza.com/magento-2-countdown-timer/"
"1588013965-1006","https://www.mageplaza.com/magento-2-extensions/sales-motivation.html","Magento 2 Sales Motivation Extensions","null","null","null","","null",""
"1588013974-1049","https://www.mageplaza.com/magento-2-extensions/order-management.html","Magento 2 Order Management Extensions","Mass Order Actions","$129","3 reviews","https://www.mageplaza.com/assets/img/extensions/mass-order-actions.png","","https://www.mageplaza.com/magento-2-mass-order-actions/"
"1588013960-969","https://www.mageplaza.com/magento-2-extensions/shipping-payment.html","Magento 2 Shipping & Fee Extensions","Shipping Restrictions","$99","1 review","https://www.mageplaza.com/assets/img/extensions/shipping-restriction.png","-23%","https://www.mageplaza.com/magento-2-shipping-restrictions/"
"1588013974-1048","https://www.mageplaza.com/magento-2-extensions/order-management.html","Magento 2 Order Management Extensions","Order Archive","$119","","https://www.mageplaza.com/assets/img/extensions/order-archive.png","","https://www.mageplaza.com/magento-2-order-archive/"
"1588013947-883","https://www.mageplaza.com/magento-2-extensions/api-graphql-pwa.html","Magento 2 API / GraphQL","Membership","$199","","https://www.mageplaza.com/assets/img/extensions/membership.png","","https://www.mageplaza.com/magento-2-membership/"
"1588013986-1146","https://www.mageplaza.com/magento-2-extensions/administration.html","Magento 2 Administration Extensions","Product Grid","$199","1 review","https://www.mageplaza.com/assets/img/extensions/product-grid.png","","https://www.mageplaza.com/magento-2-product-grid/"
"1588013965-1001","https://www.mageplaza.com/magento-2-extensions/sales-motivation.html","Magento 2 Sales Motivation Extensions","Sales Pop","$0","","https://www.mageplaza.com/assets/img/extensions/sales-pop.png","-100%","https://www.mageplaza.com/magento-2-sales-pop/"
"1588013986-1119","https://www.mageplaza.com/magento-2-extensions/administration.html","Magento 2 Administration Extensions","Google Tag Manager","$99","28 reviews","https://www.mageplaza.com/assets/img/extensions/magento-2-google-tag-manager.png","","https://www.mageplaza.com/magento-2-google-tag-manager/"
"1588013976-1058","https://www.mageplaza.com/magento-2-extensions/navigation.html","Magento 2 Navigation & Search Extensions","Layered Navigation","$99","89 reviews","https://www.mageplaza.com/assets/img/extensions/magento-2-layered-navigation.png","","https://www.mageplaza.com/magento-2-layered-navigation-extension/"
"1588013979-1074","https://www.mageplaza.com/magento-2-extensions/content-management.html","Magento 2 Content Management Extensions","FAQ","$129","6 reviews","https://www.mageplaza.com/assets/img/extensions/faq.jpg","","https://www.mageplaza.com/magento-2-faq-extension/"
"1588013984-1107","https://www.mageplaza.com/magento-2-extensions/b2b.html","Magento 2 B2B Extensions","Customer Approval","FREE","","https://www.mageplaza.com/assets/img/extensions/customer-approval.png","FREE","https://www.mageplaza.com/magento-2-customer-approval/"
"1588013958-951","https://www.mageplaza.com/magento-2-extensions/user-experience.html","Magento 2 User Experience - UX","Better Maintenance","FREE","2 reviews","https://www.mageplaza.com/assets/img/extensions/better-maintenance.png","FREE","https://www.mageplaza.com/magento-2-better-maintenance/"
"1588013958-949","https://www.mageplaza.com/magento-2-extensions/user-experience.html","Magento 2 User Experience - UX","Better Wishlist","$129","7 reviews","https://www.mageplaza.com/assets/img/extensions/better-wishlist.png","","https://www.mageplaza.com/magento-2-better-wishlist/"
"1588013947-871","https://www.mageplaza.com/magento-2-extensions/api-graphql-pwa.html","Magento 2 API / GraphQL","Better Blog","FREE","109 reviews","https://www.mageplaza.com/assets/img/extensions/magento-2-blog-extension.png","FREE","https://www.mageplaza.com/magento-2-better-blog/"
"1588013947-866","https://www.mageplaza.com/magento-2-extensions/api-graphql-pwa.html","Magento 2 API / GraphQL","Layered Navigation","$99","89 reviews","https://www.mageplaza.com/assets/img/extensions/magento-2-layered-navigation.png","","https://www.mageplaza.com/magento-2-layered-navigation-extension/"
"1588013965-984","https://www.mageplaza.com/magento-2-extensions/sales-motivation.html","Magento 2 Sales Motivation Extensions","Affiliate","$99","28 reviews","https://www.mageplaza.com/assets/img/extensions/magento-2-affiliate.png","","https://www.mageplaza.com/magento-2-affiliate-extension/"
"1588013958-941","https://www.mageplaza.com/magento-2-extensions/user-experience.html","Magento 2 User Experience - UX","Quick View","$129","","https://www.mageplaza.com/assets/img/extensions/quick-view.png","","https://www.mageplaza.com/magento-2-quick-view/"
"1588013986-1128","https://www.mageplaza.com/magento-2-extensions/administration.html","Magento 2 Administration Extensions","Customer Attributes","$129","4 reviews","https://www.mageplaza.com/assets/img/extensions/customer-attributes.png","","https://www.mageplaza.com/magento-2-customer-attributes/"
"1588013951-898","https://www.mageplaza.com/magento-2-extensions/integration.html","Magento 2 Integration Extensions","Salesforce","$349","","https://www.mageplaza.com/assets/img/extensions/salesforce.png","","https://www.mageplaza.com/magento-2-salesforce/"
"1588013958-964","https://www.mageplaza.com/magento-2-extensions/user-experience.html","Magento 2 User Experience - UX","null","null","null","","null",""
"1588013972-1038","https://www.mageplaza.com/magento-2-extensions/product-enhancements.html","Magento 2 Product Enhancements Extensions","Quick View","$129","","https://www.mageplaza.com/assets/img/extensions/quick-view.png","","https://www.mageplaza.com/magento-2-quick-view/"
"1588013962-976","https://www.mageplaza.com/magento-2-extensions/seo-suite.html","Magento 2 SEO Suite Extensions","SEO","FREE","77 reviews","https://www.mageplaza.com/assets/img/extensions/magento-2-seo-extension.png","FREE","https://www.mageplaza.com/magento-2-seo-extension/"
"1588013986-1134","https://www.mageplaza.com/magento-2-extensions/administration.html","Magento 2 Administration Extensions","Two-Factor Authentication","FREE","1 review","https://www.mageplaza.com/assets/img/extensions/two-factor-authentication.png","FREE","https://www.mageplaza.com/magento-2-two-factor-authentication/"
"1588013965-993","https://www.mageplaza.com/magento-2-extensions/sales-motivation.html","Magento 2 Sales Motivation Extensions","Daily Deal","$149","7 reviews","https://www.mageplaza.com/assets/img/extensions/daily-deal.png","","https://www.mageplaza.com/magento-2-daily-deal-extension/"
"1588013974-1053","https://www.mageplaza.com/magento-2-extensions/order-management.html","Magento 2 Order Management Extensions","Order History","$79","","https://www.mageplaza.com/assets/img/extensions/order-history.png","","https://www.mageplaza.com/magento-2-order-history/"
"1588013986-1121","https://www.mageplaza.com/magento-2-extensions/administration.html","Magento 2 Administration Extensions","SMTP","FREE","202 reviews","https://www.mageplaza.com/assets/img/extensions/magento-2-smtp.png","FREE","https://www.mageplaza.com/magento-2-smtp/"
"1588013972-1040","https://www.mageplaza.com/magento-2-extensions/product-enhancements.html","Magento 2 Product Enhancements Extensions","Who Bought This Also Bought","$149","8 reviews","https://www.mageplaza.com/assets/img/extensions/magento-2-who-bought-this-also-bought.png","","https://www.mageplaza.com/magento-2-who-bought-this-also-bought/"
