﻿web-scraper-order,web-scraper-start-url,description
"1588454078-1044","https://magecomp.com/magento-2-product-fee.html","Magento 2 Product Fees Extension by MageComp allows the store owner to create and apply similar or unique product surcharges and fees on customers’ purchase."
"1588454089-1047","https://magecomp.com/magento-2-amazon-s3.html","Magento 2 Amazon S3(Simple Storage Service) Extension by MageComp helps upload and sync your Magento 2 store’s downloadable products, images, and catalog to the Amazon S3 AWS servers."
"1588453945-1009","https://magecomp.com/magento-2-custom-options-absolute-price.html","Magento 2 Custom Options Absolute Price allows adding one off charges as absolute pricing to Magento store products."
"1588454195-1075","https://magecomp.com/magento-2-refund-request.html","Magento 2 Refund Request provides customers an easy way to request for refunds or returns and thus improves store shopping experience."
"1588454164-1067","https://magecomp.com/magento-2-axis-payment-gateway.html","Magento 2 Axis Payment Gateway extension allows collecting online secured payments on your Magento 2 stores through all major cards."
"1588454180-1071","https://magecomp.com/magento-2-ebs-payment.html","Magento 2 EBS Payment Gateway extension allows collecting secured payments for customers’ purchase on your Magento 2 stores."
"1588454027-1031","https://magecomp.com/magento-2-quantity-dropdown.html","Magento 2 Quantity Dropdown Extension by MageComp let store owners replace the quantity box with a product quantity dropdown to display bulk quantities with respective price."
"1588453896-995","https://magecomp.com/magento-2-order-status.html","Magento 2 Order Status allows store owners to create unlimited order statuses to ease order processing and inform customers for status change."
"1588453963-1014","https://magecomp.com/magento-2-delivery-date.html","Magento 2 Delivery Date extension allows customers to choose preferable date for product delivery."
"1588454038-1034","https://magecomp.com/magento-2-shoppable-instagram.html","This extension will make your Instagram into Shoppable Instagram. With this, you not only tag the products in your feeds and stories, but you can also allow your followers to grab the product in just a few clicks from Instagram itself."
"1588454051-1037","https://magecomp.com/magento-2-city-and-region-manager.html","Magento 2 City and Region Manager Extension by MageComp allows the admin to add custom shipping regions to display in store frontend where they serve orders shipping."
"1588454139-1060","https://magecomp.com/magento-2-hide-price.html","Magento 2 Hide Price extension hides product price and add to cart button for not logged in customer and specific customer groups."
"1588453884-991","https://magecomp.com/magento-2-google-language-translator.html","Magento 2 Google Language Translator allows store owner to integrate language translation tool with Magento."
"1588454202-1077","https://magecomp.com/magento-2-whatsapp-order-notification.html","Magento 2 WhatsApp Order Notification Extension sends personalized Order Status Notification directly to your customer's WhatsApp number.
Find WhatsApp Credit Purchase in our Service menu.

You can also Send Notification From Your WhatsApp Number.


You will Get 20 FREE Credit on our FREE Extension Version.
You will Get 200 FREE Credit on our PRO Extension Version
You will Get 300 FREE Credit on our ULTIMATE Extension Version"
"1588454024-1030","https://magecomp.com/magento-2-instagram-integration.html","Magento 2 Instagram Feed Extension by MageComp integrates Magento with Instagram to fetch Instagram images based on username / hashtags and allows admin to tag products with image to showcase in frontend popup to create shoppable Instagram store."
"1588453926-1004","https://magecomp.com/magento-2-juspay-payment-gateway.html","Magento 2 Juspay Payment Gateway Extension by MageComp allows store owner to securely capture payment from your store customer."
"1588454031-1032","https://magecomp.com/magento-2-checkout-success-page.html","Magento 2 Checkout Success Page Extension by MageComp allows the store owner to display the whole store summary on checkout success page instead of typical Magento thank you page."
"1588454214-1080","https://magecomp.com/magento-2-customer-account-links-manager.html","Magento 2 Customer Account Links Manager Extension Lets you manage frontend customer account dashboard links."
"1588453893-994","https://magecomp.com/magento-2-restrict-fake-registration.html","Magento 2 Restrict Fake Registration Extension by MageComp helps store admin to prevent fake customer registration and email signups with the power of Google ReCAPTCHA."
"1588454191-1074","https://magecomp.com/magento-2-custom-order-number.html","Magento 2 Custom Order Number extension by MageComp allows you to modify order ID by utilizing the distinct values like prefixes, date variables, random numbers etc."
"1588453903-997","https://magecomp.com/magento-2-restrict-cash-on-delivery.html","Restrict Cash on Delivery payment method for specific locations based on zip codes in Magento 2 with import zip codes through CSV feature."
"1588454198-1076","https://magecomp.com/magento-2-distance-based-shipping.html","Magento 2 Distance Based Shipping Extension by MageComp allows the store owner to charge shipping based on distance from their warehouse to customer’s location."
"1588454176-1070","https://magecomp.com/magento-2-cancel-order.html","Magento 2 Cancel Order Extension gives an ability to your customers for easily canceling the processing as well as pending status order at any time from their account section."
"1588453938-1007","https://magecomp.com/magento-2-hdfc-payment-gateway.html","Magento 2 HDFC Payment Gateway extension allows collecting secured payments for customers’ purchase through HDFC payment gateway."
"1588454210-1079","https://magecomp.com/magento-2-custom-price.html","Magento 2 Custom Price Extension by MageComp allows store admin set minimum product price & let customer enter their own product price to purchase store product."
"1588454005-1025","https://magecomp.com/magento-2-international-telephone-input.html","Magento 2 International Telephone Input Extension by MageComp allows customers to enter their Telephone Number using the International flags with dial codes of the specific country of your customers."
"1588453935-1006","https://magecomp.com/magento-2-ubi-payment-gateway.html","Magento 2 UBI Payment extension integrates Magento 2 with Union Bank of India Payment Gateway to collect secured online payments on your store."
"1588453910-999","https://magecomp.com/magento-2-sms-notification.html","Magento 2 SMS Notification Extension provides facility to notify customers about various order status activities through text messages."
"1588454047-1036","https://magecomp.com/magento-2-store-locator.html","Magento 2 Store Locator Extension by MageComp allows the admin to display the list of their stores and let customers locate a nearby store and find the information directly on Google Map."
"1588454124-1056","https://magecomp.com/magento-2-matrix-rates.html","Magento 2 Matrix Rates allows you customize shipping rates based on combination of product quantity, weight, price and destinations."
"1588454070-1042","https://magecomp.com/magento-2-recent-sales-notification.html","Magento 2 Recent Sales Notification shows real time sales notification to your online website visitors."
"1588454153-1064","https://magecomp.com/magento-2-sbi-payment-gateway.html","Magento 2 SBI Payment Gateway extension integrates Magento 2 with State Bank of India Payment Gateway in order to collect secured online payments on your store."
"1588454207-1078","https://magecomp.com/magento-2-custom-stock-status.html","Magento 2 Custom Stock Status Extension by MageComp allows store owner replacing default Magento 2 stock status with precise and understandable stock statuses and your custom message about product availability."
"1588454034-1033","https://magecomp.com/magento-2-delete-customer.html","Magento 2 Delete Customer extension let store customer quickly remove their account from their ‘my account’ section and discontinued service at any time without requesting to store admin."
"1588454184-1072","https://magecomp.com/magento-2-whatsapp-contact-pro.html","Magento 2 WhatsApp Contact Pro Extension that allows let your customers get WhatsApp support from department operators for a better resolution to their queries."
"1588454016-1028","https://magecomp.com/magento-2-multiple-flat-rate-shipping.html","Multiple Flat Rate Shipping Extension by MageComp helps you create & configure custom flat rate shipping methods based on different conditions and pricing."
"1588454013-1027","https://magecomp.com/magento-2-whatsapp-share-cart.html","Magento 2 WhatsApp share cart extension let your customers share their product cart with their loved ones on a widely used messaging app called WhatsApp."
"1588454117-1054","https://magecomp.com/magento-2-alipay-cross-border.html","Magento 2 Alipay Cross Border Payment extension integrates Magento with Alipay Cross Border Payment Gateway to allow store owners to accept payments in China."
"1588454128-1057","https://magecomp.com/magento-2-easy-coupon-manager.html","Magneto 2 Easy Coupon Manager Extension by MageComp let the store admin add multiple coupon codes to display in frontend shopping cart page as a dropdown option."
"1588454131-1058","https://magecomp.com/magento-2-multivendor-whatsapp-contact-pro.html","Magento 2 Multivendor WhatsApp Contact Pro Extension by MageComp works with Webkul Multivendor Marketplace Extension for now that allows store vendors to get in touch with their customer by displaying WhatsApp contact icon on their product page.

You can ask same with any other multi vendor extension as well. Contact Us to Discuss regarding."
"1588454187-1073","https://magecomp.com/magento-2-google-invisible-recaptcha.html","Magento 2 Google Invisible reCAPTCHA Extension by MageComp helps you adding Invisible reCAPTCHA on Contact Us page, Customer Registration, Product Review, Forgot Password page, Checkout Registration, Newsletter Subscription to identify and remove spams away from your Magento store."
"1588454135-1059","https://magecomp.com/magento-2-size-chart.html","Magento 2 Size Chart extension helps buyers making quick sizing decisions for clothing, footwear and other wearable products."
"1588453915-1001","https://magecomp.com/magento-2-sms-notification-pro.html","Magento 2 SMS Notification Extension by MageComp notifies store customers & admin regarding different status activities as well as you can send Bulk SMS to your customers."
"1588453974-1017","https://magecomp.com/magento-2-limit-quantity-per-product.html","Magento 2 Limit quantity per product Extension by MageComp allows you to set the lifetime limit for the customers to shop that particular product from your store."
"1588454172-1069","https://magecomp.com/magento-2-google-customer-review.html","Magento 2 Google Customer Reviews Extension by MageComp allows you to collect valuable feedback from your customers who purchase from your store effortlessly."
"1588453998-1023","https://magecomp.com/magento-2-multivendor-indian-gst.html","Magento 2 Indian GST Extension helps to create and calculating tax rates and rules to make your marketplace GST ready based on seller's business type."
"1588454106-1051","https://magecomp.com/magento-2-edge-express-payment-gateway.html","Magento 2 Edge Express Payment Gateway by MageComp integrates OpenEdge's hosted payment checkout to perform seamless in-store transactions with its lighter API."
"1588453912-1000","https://magecomp.com/magento-2-whatsapp-share.html","Magento 2 WhatsApp Share provides facility to share Magento store products along with other details through WhatsApp messaging app and WhatsApp Web."
"1588453970-1016","https://magecomp.com/magento-2-multivendor-sms-notification-basic.html","Magento 2 MultiVendor SMS Notification Basic Extension by MageComp works with Webkul Multivendor Marketplace Extension for now that notifies your store vendors as well as customers about their order status activities through SMS immediately.
You can ask same with any other multi vendor extension as well. Contact Us to Discuss regarding."
"1588454085-1046","https://magecomp.com/magento-2-shipping-and-payment-restrictions-for-customer-groups.html","Shipping & Payment Restrictions for Customer Groups Extension by MageComp let store owners quickly restrict shipping & payment methods for specific Magento 2 customers groups."
"1588454110-1052","https://magecomp.com/magento-2-auto-cancel-order.html","Magento 2 Auto Cancel Order Extension by MageComp allows the store owner to cancel orders automatically if there is pending payment status after a specific date."
"1588453941-1008","https://magecomp.com/magento-2-out-of-stock-notification.html","Magento 2 Out of Stock Notification Extension by MageComp let store customer subscribe back in stock notification via Email or SMS for the out of stock product which is currently unavailable for purchase."
"1588454097-1049","https://magecomp.com/magento-2-payment-fee.html","Magento 2 Payment Fee extension allows store owners to charge their customers for selecting a specific payment method to complete their product purchase from all available payment methods."
"1588454146-1062","https://magecomp.com/magento-2-advanced-extra-fee.html","Magento 2 Advanced Extra Fee by MageComp allows you to charge your customer by offering extra paid services & your customer can buy services if needed while checkout."
"1588454081-1045","https://magecomp.com/magento-2-affiliate-product-links.html","Magento 2 Affiliate Product Links allow adding affiliate product in Magento with an external product links to redirect customers to seller’s web store."
"1588454121-1055","https://magecomp.com/magento-2-force-login.html","Magento 2 Force Login Extension by MageComp offers you the ability to restrict certain parts of your store for all the users who are not logged in to the store."
"1588454058-1039","https://magecomp.com/magento-2-first-data-icici.html","Magento 2 First Data ICICI Extension will let you collect payments online securely through First Data IMS(ICICI Merchant Service) omnichannel payment gateway when Customers purchase on your Magento store."
"1588454160-1066","https://magecomp.com/magento-2-square-payment-gateway.html","Magneto 2 Square Payment Extension by MageComp allows you to securely capture payment from your store customer using a renowned and secure payment gateway - Square."
"1588453956-1012","https://magecomp.com/magento-2-shipping-per-product.html","Magento 2 Shipping Per Product extension by MageComp let store owner set global & individual shipping rate per product inside their store."
"1588454055-1038","https://magecomp.com/magento-2-custom-redirect.html","Magento 2 Custom Redirect extension by MageComp allows redirecting users to specific URLs after registration, login, logout & product add to cart events."
"1588454066-1041","https://magecomp.com/magento-2-order-on-whatsapp.html","Magento 2 Order on WhatsApp Extension by MageComp allows your customer to quickly order product on popular messaging app WhatsApp right from the product page."
"1588454156-1065","https://magecomp.com/magento-2-icici-payment-gateway.html","Collect online secured payments on customers’ purchase through Magento 2 ICICI Payment Gateway extension."
"1588453987-1020","https://magecomp.com/magento-2-email-quote.html","Magento 2 Email Quote extension allows you get quote requests from customers through front-end & create, send & manage quotations from your backend & having compatibility with Tigren PWA Theme."
"1588453981-1019","https://magecomp.com/magento-2-customer-approval.html","Magento 2 Customer Approval Extension by MageComp let store owner manually approved customer accounts from the frontend registrations."
"1588453921-1003","https://magecomp.com/magento-2-geoip-currency-switcher.html","Magento 2 GeoIP currency switcher extension automatically identifies user’s location and switches default currency to available local currency based on geographical IP location."
"1588454150-1063","https://magecomp.com/magento-2-email-quote-pro.html","Magento 2 Email Quote Pro Extension allows you get quote requests from customers through front-end & create, send & manage quotations from your backend and having compatibility with Tigren PWA Theme."
"1588453931-1005","https://magecomp.com/magento-2-indian-gst.html","Magento 2 Indian GST extension helps creating and calculating tax rates and rules to make your Magento 2 stores GST ready."
"1588453967-1015","https://magecomp.com/magento-2-minimum-quantity-group-products.html","Magento 2 Minimum Quantity for Group Products allows you to set minimum purchase quantity for group products."
"1588453899-996","https://magecomp.com/magento-2-advanced-delivery-date.html","Magento 2 Advanced Delivery Date Extension by MageComp allows the admin to configure multiple delivery options according to the business needs such as same day delivery, next day delivery or scheduled delivery."
"1588453948-1010","https://magecomp.com/magento-2-auto-invoice-and-shipment.html","Magento 2 Auto Invoice and Shipment Extension by MageComp allows the store owner to automate invoicing and shipment process once the order payment is completed."
"1588454020-1029","https://magecomp.com/magento-2-save-cart.html","Magento 2 Save Cart extension by MageComp helps website visitors to save items in shopping cart to purchase in future or to duplicate previous orders."
"1588454074-1043","https://magecomp.com/magento-2-minimum-order-fee.html","Magento 2 Minimum Order Fee by MageComp allows you to charge small order fee for the purchase that is below set minimum order amount."
"1588454100-1050","https://magecomp.com/magento-2-tier-price.html","Magento 2 Tier Price extension will allow you to display the quantity of tier price in the drop down which you want to let your customer purchase.

Now Get The Extension at a Discounted Price for Limited Time!"
"1588453959-1013","https://magecomp.com/magento-2-surcharge.html","Magento 2 Surcharge helps charging customers’ orders with additional fees or charges like small order fee, group surcharge, country & region fee and product surcharge."
"1588454113-1053","https://magecomp.com/magento-2-reviews-import.html","Magento 2 Reviews Import Extension let store owner bulk import and export product reviews for multiple store products just by uploading CSV file from store backend."
"1588454092-1048","https://magecomp.com/magento-2-review-reminder.html","Magento Review Reminder extension allows the store owner to encourage their store customers and sending review reminder Email after their product purchase."
"1588453994-1022","https://magecomp.com/magento-2-mobile-login.html","Magento 2 Mobile Login Extension by MageComp let your store customer quickly login using their registered mobile number by sending a One Time Password (OTP) for login."
"1588453887-992","https://magecomp.com/magento-2-restrict-order.html","Magneto 2 Restrict Order Extension by MageComp allows the store owner to restrict specific customer group orders based on country, city or zip code."
"1588453952-1011","https://magecomp.com/magento-2-instagram-integration-pro.html","Magento 2 Instagram Feed Pro Extension by MageComp integrates Magento with Instagram to fetch Instagram images based on username / hashtags and allows admin to tag products with image to showcase in frontend popup to create shoppable Instagram store."
"1588453977-1018","https://magecomp.com/magento-2-wepay.html","Magento 2 Wepay Payment Gateway Extension allows you collect secure and fast payments from all credit cards and bank accounts."
"1588454041-1035","https://magecomp.com/magento-2-virtual-keyboard.html","Magento 2 Virtual keyboard allows your customer to customize their product with whatever text they wish and you can charge your customer for every character they add respectively."
"1588454001-1024","https://magecomp.com/magento-2-google-recaptcha.html","Google reCAPTCHA Extension by MageComp secures your Magento 2 stores from bots and spammers without annoying your store customers with the power of Google reCAPTCHA v2 API."
"1588454062-1040","https://magecomp.com/magento-2-whatsapp-contact.html","Use Magento 2 WhatsApp Contact extension by MageComp to let your customers quickly connect with you just with a single button click."
"1588453907-998","https://magecomp.com/magento-2-cash-on-delivery-verification.html","Magento 2 Cash On Delivery Verification extension by MageComp helps store owner to avoid bogus & fake orders by verifying customers mobile number when they prefer cash on delivery payment method."
"1588454143-1061","https://magecomp.com/magento-2-proxy-pay.html","Magento 2 Proxy Pay Extension by MageComp let store owner easily collect payment in Kwanzas (currency of Angola) using References."
"1588454169-1068","https://magecomp.com/magento-2-auto-customer-group-switching.html","Magento 2 Auto Customer Group Switching moves users to specific customer groups based on order total, order count, account age, product IDs and category IDs."
"1588453990-1021","https://magecomp.com/magento-2-out-of-stock-products-list.html","Magento 2 Out of Stock List Extension allows store owner quickly grab a list of products that are currently out of stock in store also store owner can quickly add more quantity by clicking a link to product details page."
"1588453918-1002","https://magecomp.com/magento-2-call-for-price.html","Magento 2 Call for Price extension helps hiding product price and Add to Cart and replace it with Call For Price button to encourage visitors to contact you for quote."
"1588454009-1026","https://magecomp.com/magento-2-inventory-sync-from-api.html","MageComp Magento 2 Inventory Sync from API allows admins of the Magento 2 Ecommerce store to sync product quantity and data in the inventory from the source of the product to your Magento 2 store inventory with the help of smart SOAP API without any manual efforts."
"1588453890-993","https://magecomp.com/magento-2-product-attachments.html","Magento 2 Product Attachments Extension allows the store owner to upload up to 10 different product attachments to display on store frontend."
