﻿web-scraper-order,web-scraper-start-url,Category,titla,price,reviews,image-src,url,url-href
"1587995151-837","https://www.mageplaza.com/magento-2-extensions/administration.html","Magento 2 Administration Extensions","SMTP","FREE","202 reviews","https://www.mageplaza.com/assets/img/extensions/magento-2-smtp.png","FREE","https://www.mageplaza.com/magento-2-smtp/"
"1587995118-675","https://www.mageplaza.com/magento-2-extensions/user-experience.html","Magento 2 User Experience - UX","Lazy Loading","FREE","1 review","https://www.mageplaza.com/assets/img/extensions/lazy-loading.png","FREE","https://www.mageplaza.com/magento-2-lazy-loading/"
"1587995118-668","https://www.mageplaza.com/magento-2-extensions/user-experience.html","Magento 2 User Experience - UX","Currency Formatter","FREE","2 reviews","https://www.mageplaza.com/assets/img/extensions/currency-formatter.png","FREE","https://www.mageplaza.com/magento-2-currency-formatter/"
"1587995118-664","https://www.mageplaza.com/magento-2-extensions/user-experience.html","Magento 2 User Experience - UX","Custom Stock Status","$199","1 review","https://www.mageplaza.com/assets/img/extensions/custom-stock-status.png","","https://www.mageplaza.com/magento-2-custom-stock-status/"
"1587995118-672","https://www.mageplaza.com/magento-2-extensions/user-experience.html","Magento 2 User Experience - UX","Product Finder","$179","","https://www.mageplaza.com/assets/img/extensions/product-finder.png","","https://www.mageplaza.com/magento-2-product-finder/"
"1587995114-637","https://www.mageplaza.com/magento-2-extensions/payment.html","Magento 2 Payment Gateway / Method Extensions","CommWeb","$199","2 reviews","https://www.mageplaza.com/assets/img/extensions/commweb.png","","https://www.mageplaza.com/magento-2-commweb/"
"1587995118-676","https://www.mageplaza.com/magento-2-extensions/user-experience.html","Magento 2 User Experience - UX","Delivery Time","$69","2 reviews","https://www.mageplaza.com/assets/img/extensions/delivery-time.png","-12%","https://www.mageplaza.com/magento-2-delivery-time-extension/"
"1587995118-650","https://www.mageplaza.com/magento-2-extensions/user-experience.html","Magento 2 User Experience - UX","Ajax Layered Navigation","FREE","10 reviews","https://www.mageplaza.com/assets/img/extensions/ajax-layered-navigation.png","FREE","https://www.mageplaza.com/magento-2-ajax-layered-navigation/"
"1587995125-699","https://www.mageplaza.com/magento-2-extensions/sales-motivation.html","Magento 2 Sales Motivation Extensions","Automatic Related Products","$199","25 reviews","https://www.mageplaza.com/assets/img/extensions/magento-2-automatic-related-products.png","","https://www.mageplaza.com/magento-2-automatic-related-products/"
"1587995143-817","https://www.mageplaza.com/magento-2-extensions/checkout.html","Magento 2 Checkout Extensions","null","null","null","","null",""
"1587995151-859","https://www.mageplaza.com/magento-2-extensions/administration.html","Magento 2 Administration Extensions","Admin Permissions","$199","","https://www.mageplaza.com/assets/img/extensions/admin-permissions.png","","https://www.mageplaza.com/magento-2-admin-permissions/"
"1587995118-656","https://www.mageplaza.com/magento-2-extensions/user-experience.html","Magento 2 User Experience - UX","Product Alerts","$199","","https://www.mageplaza.com/assets/img/extensions/product-alerts.png","","https://www.mageplaza.com/magento-2-product-alerts/"
"1587995114-632","https://www.mageplaza.com/magento-2-extensions/payment.html","Magento 2 Payment Gateway / Method Extensions","Moneris","$249","","https://www.mageplaza.com/assets/img/extensions/moneris.png","","https://www.mageplaza.com/magento-2-moneris/"
"1587995114-640","https://www.mageplaza.com/magento-2-extensions/payment.html","Magento 2 Payment Gateway / Method Extensions","ABN AMRO","$199","","https://www.mageplaza.com/assets/img/extensions/abn-amro.png","","https://www.mageplaza.com/magento-2-abn-amro/"
"1587995112-621","https://www.mageplaza.com/magento-2-extensions/cro.html","Magento 2 CRO Extensions","Free Shipping Bar","$89","7 reviews","https://www.mageplaza.com/assets/img/extensions/free-shipping-bar.png","-10%","https://www.mageplaza.com/magento-2-free-shipping-bar/"
"1587995138-780","https://www.mageplaza.com/magento-2-extensions/navigation.html","Magento 2 Navigation & Search Extensions","Quick View","$129","","https://www.mageplaza.com/assets/img/extensions/quick-view.png","","https://www.mageplaza.com/magento-2-quick-view/"
"1587995136-765","https://www.mageplaza.com/magento-2-extensions/order-management.html","Magento 2 Order Management Extensions","Mass Order Actions","$129","3 reviews","https://www.mageplaza.com/assets/img/extensions/mass-order-actions.png","","https://www.mageplaza.com/magento-2-mass-order-actions/"
"1587995138-776","https://www.mageplaza.com/magento-2-extensions/navigation.html","Magento 2 Navigation & Search Extensions","Ajax Layered Navigation","FREE","10 reviews","https://www.mageplaza.com/assets/img/extensions/ajax-layered-navigation.png","FREE","https://www.mageplaza.com/magento-2-ajax-layered-navigation/"
"1587995141-793","https://www.mageplaza.com/magento-2-extensions/content-management.html","Magento 2 Content Management Extensions","Instagram Feed","FREE","5 reviews","https://www.mageplaza.com/assets/img/extensions/instagram-feed.png","FREE","https://www.mageplaza.com/magento-2-instagram-feed/"
"1587995118-662","https://www.mageplaza.com/magento-2-extensions/user-experience.html","Magento 2 User Experience - UX","Better Product Reviews","$159","2 reviews","https://www.mageplaza.com/assets/img/extensions/better-product-reviews.png","","https://www.mageplaza.com/magento-2-better-product-reviews/"
"1587995141-794","https://www.mageplaza.com/magento-2-extensions/content-management.html","Magento 2 Content Management Extensions","Better Static Block","$99","2 reviews","https://www.mageplaza.com/assets/img/extensions/better-static-block.png","","https://www.mageplaza.com/magento-2-better-static-block/"
"1587995114-630","https://www.mageplaza.com/magento-2-extensions/payment.html","Magento 2 Payment Gateway / Method Extensions","Store Credit","$149","2 reviews","https://www.mageplaza.com/assets/img/extensions/store-credit.png","","https://www.mageplaza.com/magento-2-store-credit/"
"1587995133-749","https://www.mageplaza.com/magento-2-extensions/product-enhancements.html","Magento 2 Product Enhancements Extensions","Frequently Bought Together","$149","14 reviews","https://www.mageplaza.com/assets/img/extensions/frequently-bought-together.png","","https://www.mageplaza.com/magento-2-frequently-bought-together/"
"1587995125-718","https://www.mageplaza.com/magento-2-extensions/sales-motivation.html","Magento 2 Sales Motivation Extensions","Affiliate Pro","$199","","https://www.mageplaza.com/assets/img/extensions/magento-2-affiliate.png","","https://www.mageplaza.com/magento-2-affiliate-extension/"
"1587995118-674","https://www.mageplaza.com/magento-2-extensions/user-experience.html","Magento 2 User Experience - UX","Free Gifts","$199","1 review","https://www.mageplaza.com/assets/img/extensions/free-gifts.png","","https://www.mageplaza.com/magento-2-free-gifts/"
"1587995118-660","https://www.mageplaza.com/magento-2-extensions/user-experience.html","Magento 2 User Experience - UX","Age Verification","$149","3 reviews","https://www.mageplaza.com/assets/img/extensions/age-verification.png","","https://www.mageplaza.com/magento-2-age-verification/"
"1587995106-611","https://www.mageplaza.com/magento-2-extensions/security.html","Magento 2 Security Extensions","Admin Permissions","$199","","https://www.mageplaza.com/assets/img/extensions/admin-permissions.png","","https://www.mageplaza.com/magento-2-admin-permissions/"
"1587995118-657","https://www.mageplaza.com/magento-2-extensions/user-experience.html","Magento 2 User Experience - UX","Quick View","$129","","https://www.mageplaza.com/assets/img/extensions/quick-view.png","","https://www.mageplaza.com/magento-2-quick-view/"
"1587995125-704","https://www.mageplaza.com/magento-2-extensions/sales-motivation.html","Magento 2 Sales Motivation Extensions","Gift Card","$199","14 reviews","https://www.mageplaza.com/assets/img/extensions/magento-2-gift-card.png","","https://www.mageplaza.com/magento-2-gift-card-extension/"
"1587995136-762","https://www.mageplaza.com/magento-2-extensions/order-management.html","Magento 2 Order Management Extensions","Order Attributes","$199","7 reviews","https://www.mageplaza.com/assets/img/extensions/order-attributes.png","","https://www.mageplaza.com/magento-2-order-attributes/"
"1587995133-753","https://www.mageplaza.com/magento-2-extensions/product-enhancements.html","Magento 2 Product Enhancements Extensions","Product Questions","$129","6 reviews","https://www.mageplaza.com/assets/img/extensions/product-questions.png","","https://www.mageplaza.com/magento-2-product-questions/"
"1587995146-829","https://www.mageplaza.com/magento-2-extensions/b2b.html","Magento 2 B2B Extensions","null","null","null","","null",""
"1587995143-811","https://www.mageplaza.com/magento-2-extensions/checkout.html","Magento 2 Checkout Extensions","SecurePay","$299","","https://www.mageplaza.com/assets/img/extensions/securepay.png","","https://www.mageplaza.com/magento-2-securepay/"
"1587995151-863","https://www.mageplaza.com/magento-2-extensions/administration.html","Magento 2 Administration Extensions","Security Pro","$112","22 reviews","https://www.mageplaza.com/assets/img/extensions/security.png","-25%","https://www.mageplaza.com/magento-2-security/"
"1587995146-824","https://www.mageplaza.com/magento-2-extensions/b2b.html","Magento 2 B2B Extensions","Catalog Permissions","$199","1 review","https://www.mageplaza.com/assets/img/extensions/catalog-permissions.png","","https://www.mageplaza.com/magento-2-catalog-permissions/"
"1587995122-697","https://www.mageplaza.com/magento-2-extensions/seo-suite.html","Magento 2 SEO Suite Extensions","Sitemap","FREE","77 reviews","https://www.mageplaza.com/assets/img/extensions/magento-2-sitemap.png","FREE","https://www.mageplaza.com/magento-2-google-sitemap/"
"1587995106-607","https://www.mageplaza.com/magento-2-extensions/security.html","Magento 2 Security Extensions","Two-Factor Authentication","FREE","1 review","https://www.mageplaza.com/assets/img/extensions/two-factor-authentication.png","FREE","https://www.mageplaza.com/magento-2-two-factor-authentication/"
"1587995143-814","https://www.mageplaza.com/magento-2-extensions/checkout.html","Magento 2 Checkout Extensions","Delivery Time","$69","2 reviews","https://www.mageplaza.com/assets/img/extensions/delivery-time.png","-12%","https://www.mageplaza.com/magento-2-delivery-time-extension/"
"1587995151-834","https://www.mageplaza.com/magento-2-extensions/administration.html","Magento 2 Administration Extensions","Advanced Reports","FREE","17 reviews","https://www.mageplaza.com/assets/img/extensions/magento-2-reports.png","FREE","https://www.mageplaza.com/magento-2-reports-extension/"
"1587995120-686","https://www.mageplaza.com/magento-2-extensions/shipping-payment.html","Magento 2 Shipping & Fee Extensions","Table Rate Shipping","$149","","https://www.mageplaza.com/assets/img/extensions/table-rate-shipping.png","-16%","https://www.mageplaza.com/magento-2-table-rate-shipping/"
"1587995133-750","https://www.mageplaza.com/magento-2-extensions/product-enhancements.html","Magento 2 Product Enhancements Extensions","Product Slider","FREE","61 reviews","https://www.mageplaza.com/assets/img/extensions/magento-2-product-slider.jpg","FREE","https://www.mageplaza.com/magento-2-product-slider-extension/"
"1587995114-639","https://www.mageplaza.com/magento-2-extensions/payment.html","Magento 2 Payment Gateway / Method Extensions","Westpac PayWay","$199","","https://www.mageplaza.com/assets/img/extensions/westpac-payway.png","","https://www.mageplaza.com/magento-2-westpac-payway/"
"1587995136-769","https://www.mageplaza.com/magento-2-extensions/order-management.html","Magento 2 Order Management Extensions","Order History","$79","","https://www.mageplaza.com/assets/img/extensions/order-history.png","","https://www.mageplaza.com/magento-2-order-history/"
"1587995143-815","https://www.mageplaza.com/magento-2-extensions/checkout.html","Magento 2 Checkout Extensions","null","null","null","","null",""
"1587995146-822","https://www.mageplaza.com/magento-2-extensions/b2b.html","Magento 2 B2B Extensions","Required Login","$79","4 reviews","https://www.mageplaza.com/assets/img/extensions/required-login.png","","https://www.mageplaza.com/magento-2-required-login/"
"1587995133-748","https://www.mageplaza.com/magento-2-extensions/product-enhancements.html","Magento 2 Product Enhancements Extensions","Product Attachments","$129","5 reviews","https://www.mageplaza.com/assets/img/extensions/product-attachments.png","","https://www.mageplaza.com/magento-2-product-attachments/"
"1587995104-590","https://www.mageplaza.com/magento-2-extensions/api-graphql-pwa.html","Magento 2 API / GraphQL","Daily Deal","$149","7 reviews","https://www.mageplaza.com/assets/img/extensions/daily-deal.png","","https://www.mageplaza.com/magento-2-daily-deal-extension/"
"1587995118-653","https://www.mageplaza.com/magento-2-extensions/user-experience.html","Magento 2 User Experience - UX","Facebook Plugin","FREE","6 reviews","https://www.mageplaza.com/assets/img/extensions/facebook-plugin.png","FREE","https://www.mageplaza.com/magento-2-facebook-plugin/"
"1587995151-849","https://www.mageplaza.com/magento-2-extensions/administration.html","Magento 2 Administration Extensions","Login As Customer","FREE","7 reviews","https://www.mageplaza.com/assets/img/extensions/login-as-customer.png","FREE","https://www.mageplaza.com/magento-2-login-as-customer/"
"1587995146-827","https://www.mageplaza.com/magento-2-extensions/b2b.html","Magento 2 B2B Extensions","Request for Quote","$249","","https://www.mageplaza.com/assets/img/extensions/request-for-quote.png","","https://www.mageplaza.com/magento-2-request-for-quote/"
"1587995143-800","https://www.mageplaza.com/magento-2-extensions/checkout.html","Magento 2 Checkout Extensions","Better Coupon","$189","3 reviews","https://www.mageplaza.com/assets/img/extensions/magento-2-better-coupon-extension.png","","https://www.mageplaza.com/magento-2-better-coupon/"
"1587995122-694","https://www.mageplaza.com/magento-2-extensions/seo-suite.html","Magento 2 SEO Suite Extensions","Google Maps","FREE","8 reviews","https://www.mageplaza.com/assets/img/extensions/google-maps.png","FREE","https://www.mageplaza.com/magento-2-google-maps/"
"1587995133-756","https://www.mageplaza.com/magento-2-extensions/product-enhancements.html","Magento 2 Product Enhancements Extensions","Who Bought This Also Bought","$149","8 reviews","https://www.mageplaza.com/assets/img/extensions/magento-2-who-bought-this-also-bought.png","","https://www.mageplaza.com/magento-2-who-bought-this-also-bought/"
"1587995114-634","https://www.mageplaza.com/magento-2-extensions/payment.html","Magento 2 Payment Gateway / Method Extensions","CartaSi","$199","1 review","https://www.mageplaza.com/assets/img/extensions/cartasi.png","","https://www.mageplaza.com/magento-2-cartasi/"
"1587995151-856","https://www.mageplaza.com/magento-2-extensions/administration.html","Magento 2 Administration Extensions","Google Analytics","$99","28 reviews","https://www.mageplaza.com/assets/img/extensions/google-analytics.png","","https://www.mageplaza.com/magento-2-google-analytics-pro/"
"1587995114-641","https://www.mageplaza.com/magento-2-extensions/payment.html","Magento 2 Payment Gateway / Method Extensions","Barclaycard","$199","","https://www.mageplaza.com/assets/img/extensions/barclaycard.png","","https://www.mageplaza.com/magento-2-barclaycard/"
"1587995138-784","https://www.mageplaza.com/magento-2-extensions/navigation.html","Magento 2 Navigation & Search Extensions","Layered Navigation Pro","$199","","https://www.mageplaza.com/assets/img/extensions/magento-2-layered-navigation.png","","https://www.mageplaza.com/magento-2-layered-navigation-extension/"
"1587995129-727","https://www.mageplaza.com/magento-2-extensions/promotions.html","Magento 2 Promotions Extensions","Frequently Bought Together","$149","14 reviews","https://www.mageplaza.com/assets/img/extensions/frequently-bought-together.png","","https://www.mageplaza.com/magento-2-frequently-bought-together/"
"1587995136-759","https://www.mageplaza.com/magento-2-extensions/order-management.html","Magento 2 Order Management Extensions","Custom Order Number","$149","2 reviews","https://www.mageplaza.com/assets/img/extensions/custom-order-number.png","","https://www.mageplaza.com/magento-2-custom-order-number/"
"1587995129-741","https://www.mageplaza.com/magento-2-extensions/promotions.html","Magento 2 Promotions Extensions","Follow Up Email","$249","","https://www.mageplaza.com/assets/img/extensions/follow-up-email.png","","https://www.mageplaza.com/magento-2-follow-up-email/"
"1587995141-792","https://www.mageplaza.com/magento-2-extensions/content-management.html","Magento 2 Content Management Extensions","Banner Slider","FREE","20 reviews","https://www.mageplaza.com/assets/img/extensions/magento-2-banner-slider.jpg","FREE","https://www.mageplaza.com/magento-2-banner-slider-extension/"
"1587995136-768","https://www.mageplaza.com/magento-2-extensions/order-management.html","Magento 2 Order Management Extensions","Edit Order","$149","1 review","https://www.mageplaza.com/assets/img/extensions/edit-order.png","","https://www.mageplaza.com/magento-2-edit-order/"
"1587995143-802","https://www.mageplaza.com/magento-2-extensions/checkout.html","Magento 2 Checkout Extensions","Order Attributes","$199","7 reviews","https://www.mageplaza.com/assets/img/extensions/order-attributes.png","","https://www.mageplaza.com/magento-2-order-attributes/"
"1587995143-810","https://www.mageplaza.com/magento-2-extensions/checkout.html","Magento 2 Checkout Extensions","Quick Cart","$199","","https://www.mageplaza.com/assets/img/extensions/quick-cart.png","","https://www.mageplaza.com/magento-2-quick-cart/"
"1587995125-707","https://www.mageplaza.com/magento-2-extensions/sales-motivation.html","Magento 2 Sales Motivation Extensions","Newsletter Popup","FREE","25 reviews","https://www.mageplaza.com/assets/img/extensions/newsletter-popup.png","FREE","https://www.mageplaza.com/magento-2-newsletter-popup/"
"1587995122-691","https://www.mageplaza.com/magento-2-extensions/seo-suite.html","Magento 2 SEO Suite Extensions","Better Blog","FREE","109 reviews","https://www.mageplaza.com/assets/img/extensions/magento-2-blog-extension.png","FREE","https://www.mageplaza.com/magento-2-better-blog/"
"1587995104-584","https://www.mageplaza.com/magento-2-extensions/api-graphql-pwa.html","Magento 2 API / GraphQL","Reward Points","$99","18 reviews","https://www.mageplaza.com/assets/img/extensions/reward-points.png","","https://www.mageplaza.com/magento-2-reward-points-extension/"
"1587995104-597","https://www.mageplaza.com/magento-2-extensions/api-graphql-pwa.html","Magento 2 API / GraphQL","Gift Wrap","$199","3 reviews","https://www.mageplaza.com/assets/img/extensions/gift-wrap.png","","https://www.mageplaza.com/magento-2-gift-wrap/"
"1587995143-809","https://www.mageplaza.com/magento-2-extensions/checkout.html","Magento 2 Checkout Extensions","Sage Pay","$249","","https://www.mageplaza.com/assets/img/extensions/sagepay.png","","https://www.mageplaza.com/magento-2-sage-pay/"
"1587995104-593","https://www.mageplaza.com/magento-2-extensions/api-graphql-pwa.html","Magento 2 API / GraphQL","Share Cart","FREE","6 reviews","https://www.mageplaza.com/assets/img/extensions/share-cart.png","FREE","https://www.mageplaza.com/magento-2-share-cart/"
"1587995143-799","https://www.mageplaza.com/magento-2-extensions/checkout.html","Magento 2 Checkout Extensions","One Step Checkout","$199","175 reviews","https://www.mageplaza.com/assets/img/extensions/magento-2-one-step-checkout.png","","https://www.mageplaza.com/magento-2-one-step-checkout-extension/"
"1587995151-841","https://www.mageplaza.com/magento-2-extensions/administration.html","Magento 2 Administration Extensions","Google reCaptcha","FREE","63 reviews","https://www.mageplaza.com/assets/img/extensions/google-recaptcha.png","FREE","https://www.mageplaza.com/magento-2-google-recaptcha/"
"1587995118-646","https://www.mageplaza.com/magento-2-extensions/user-experience.html","Magento 2 User Experience - UX","Social Login","FREE","155 reviews","https://www.mageplaza.com/assets/img/extensions/magento-2-social-login-extension.png","FREE","https://www.mageplaza.com/magento-2-social-login-extension/"
"1587995151-833","https://www.mageplaza.com/magento-2-extensions/administration.html","Magento 2 Administration Extensions","Abandoned Cart Email","$79","25 reviews","https://www.mageplaza.com/assets/img/extensions/abandoned-cart-email.png","","https://www.mageplaza.com/magento-2-abandoned-cart-email/"
"1587995125-709","https://www.mageplaza.com/magento-2-extensions/sales-motivation.html","Magento 2 Sales Motivation Extensions","Daily Deal","$149","7 reviews","https://www.mageplaza.com/assets/img/extensions/daily-deal.png","","https://www.mageplaza.com/magento-2-daily-deal-extension/"
"1587995112-628","https://www.mageplaza.com/magento-2-extensions/cro.html","Magento 2 CRO Extensions","One Step Checkout Pro","$229","","https://www.mageplaza.com/assets/img/extensions/magento-2-one-step-checkout.png","","https://www.mageplaza.com/magento-2-one-step-checkout-extension/"
"1587995151-839","https://www.mageplaza.com/magento-2-extensions/administration.html","Magento 2 Administration Extensions","Advanced Reports Ultimate","$299","","https://www.mageplaza.com/assets/img/extensions/magento-2-reports.png","","https://www.mageplaza.com/magento-2-reports-extension/"
"1587995118-669","https://www.mageplaza.com/magento-2-extensions/user-experience.html","Magento 2 User Experience - UX","Save Cart","$99","","https://www.mageplaza.com/assets/img/extensions/save-cart.png","","https://www.mageplaza.com/magento-2-save-cart/"
"1587995114-629","https://www.mageplaza.com/magento-2-extensions/payment.html","Magento 2 Payment Gateway / Method Extensions","Payment Restrictions","$149","5 reviews","https://www.mageplaza.com/assets/img/extensions/payment-restriction.png","-16%","https://www.mageplaza.com/magento-2-payment-restriction/"
"1587995114-631","https://www.mageplaza.com/magento-2-extensions/payment.html","Magento 2 Payment Gateway / Method Extensions","Stripe","$149","2 reviews","https://www.mageplaza.com/assets/img/extensions/stripe.png","","https://www.mageplaza.com/magento-2-stripe/"
"1587995104-600","https://www.mageplaza.com/magento-2-extensions/api-graphql-pwa.html","Magento 2 API / GraphQL","Sales Pop","$0","","https://www.mageplaza.com/assets/img/extensions/sales-pop.png","-100%","https://www.mageplaza.com/magento-2-sales-pop/"
"1587995141-788","https://www.mageplaza.com/magento-2-extensions/content-management.html","Magento 2 Content Management Extensions","Store Locator","$199","4 reviews","https://www.mageplaza.com/assets/img/extensions/magento-2-store-locator.png","","https://www.mageplaza.com/magento-2-store-locator-extension/"
"1587995143-807","https://www.mageplaza.com/magento-2-extensions/checkout.html","Magento 2 Checkout Extensions","Gift Wrap","$199","3 reviews","https://www.mageplaza.com/assets/img/extensions/gift-wrap.png","","https://www.mageplaza.com/magento-2-gift-wrap/"
"1587995118-651","https://www.mageplaza.com/magento-2-extensions/user-experience.html","Magento 2 User Experience - UX","Ajax Search","$99","11 reviews","https://www.mageplaza.com/assets/img/extensions/magento-2-search-extension.png","","https://www.mageplaza.com/magento-2-search-extension/"
"1587995106-610","https://www.mageplaza.com/magento-2-extensions/security.html","Magento 2 Security Extensions","Catalog Permissions","$199","1 review","https://www.mageplaza.com/assets/img/extensions/catalog-permissions.png","","https://www.mageplaza.com/magento-2-catalog-permissions/"
"1587995118-665","https://www.mageplaza.com/magento-2-extensions/user-experience.html","Magento 2 User Experience - UX","Better Wishlist","$129","7 reviews","https://www.mageplaza.com/assets/img/extensions/better-wishlist.png","","https://www.mageplaza.com/magento-2-better-wishlist/"
"1587995104-599","https://www.mageplaza.com/magento-2-extensions/api-graphql-pwa.html","Magento 2 API / GraphQL","Membership","$199","","https://www.mageplaza.com/assets/img/extensions/membership.png","","https://www.mageplaza.com/magento-2-membership/"
"1587995136-760","https://www.mageplaza.com/magento-2-extensions/order-management.html","Magento 2 Order Management Extensions","Order Export","$129","7 reviews","https://www.mageplaza.com/assets/img/extensions/order-export.png","","https://www.mageplaza.com/magento-2-order-export/"
"1587995138-782","https://www.mageplaza.com/magento-2-extensions/navigation.html","Magento 2 Navigation & Search Extensions","Store Pickup","$199","4 reviews","https://www.mageplaza.com/assets/img/extensions/store-pickup.png","","https://www.mageplaza.com/magento-2-store-pickup-extension/"
"1587995143-806","https://www.mageplaza.com/magento-2-extensions/checkout.html","Magento 2 Checkout Extensions","Multiple Coupons","$119","1 review","https://www.mageplaza.com/assets/img/extensions/multiple-coupons.png","","https://www.mageplaza.com/magento-2-multiple-coupons/"
"1587995122-695","https://www.mageplaza.com/magento-2-extensions/seo-suite.html","Magento 2 SEO Suite Extensions","Image Optimizer","FREE","1 review","https://www.mageplaza.com/assets/img/extensions/image-optimizer.png","FREE","https://www.mageplaza.com/magento-2-image-optimizer/"
"1587995104-582","https://www.mageplaza.com/magento-2-extensions/api-graphql-pwa.html","Magento 2 API / GraphQL","Layered Navigation","$99","89 reviews","https://www.mageplaza.com/assets/img/extensions/magento-2-layered-navigation.png","","https://www.mageplaza.com/magento-2-layered-navigation-extension/"
"1587995143-813","https://www.mageplaza.com/magento-2-extensions/checkout.html","Magento 2 Checkout Extensions","One Step Checkout Pro","$229","","https://www.mageplaza.com/assets/img/extensions/magento-2-one-step-checkout.png","","https://www.mageplaza.com/magento-2-one-step-checkout-extension/"
"1587995138-778","https://www.mageplaza.com/magento-2-extensions/navigation.html","Magento 2 Navigation & Search Extensions","Store Switcher","$149","3 reviews","https://www.mageplaza.com/assets/img/extensions/store-switcher.png","","https://www.mageplaza.com/magento-2-store-switcher/"
"1587995125-700","https://www.mageplaza.com/magento-2-extensions/sales-motivation.html","Magento 2 Sales Motivation Extensions","Affiliate","$99","28 reviews","https://www.mageplaza.com/assets/img/extensions/magento-2-affiliate.png","","https://www.mageplaza.com/magento-2-affiliate-extension/"
"1587995125-714","https://www.mageplaza.com/magento-2-extensions/sales-motivation.html","Magento 2 Sales Motivation Extensions","Better Tier Price","$99","2 reviews","https://www.mageplaza.com/assets/img/extensions/better-tier-price.png","","https://www.mageplaza.com/magento-2-better-tier-price/"
"1587995138-783","https://www.mageplaza.com/magento-2-extensions/navigation.html","Magento 2 Navigation & Search Extensions","Product Finder","$179","","https://www.mageplaza.com/assets/img/extensions/product-finder.png","","https://www.mageplaza.com/magento-2-product-finder/"
"1587995104-602","https://www.mageplaza.com/magento-2-extensions/api-graphql-pwa.html","Magento 2 API / GraphQL","Delivery Time","$69","2 reviews","https://www.mageplaza.com/assets/img/extensions/delivery-time.png","-12%","https://www.mageplaza.com/magento-2-delivery-time-extension/"
"1587995125-713","https://www.mageplaza.com/magento-2-extensions/sales-motivation.html","Magento 2 Sales Motivation Extensions","Countdown Timer","$99","2 reviews","https://www.mageplaza.com/assets/img/extensions/countdown-timer.png","","https://www.mageplaza.com/magento-2-countdown-timer/"
"1587995146-828","https://www.mageplaza.com/magento-2-extensions/b2b.html","Magento 2 B2B Extensions","B2B Signup","$129","","https://www.mageplaza.com/assets/img/extensions/b2b-signup.png","","https://www.mageplaza.com/magento-2-b2b-signup/"
"1587995129-728","https://www.mageplaza.com/magento-2-extensions/promotions.html","Magento 2 Promotions Extensions","Better Coupon","$189","3 reviews","https://www.mageplaza.com/assets/img/extensions/magento-2-better-coupon-extension.png","","https://www.mageplaza.com/magento-2-better-coupon/"
"1587995118-652","https://www.mageplaza.com/magento-2-extensions/user-experience.html","Magento 2 User Experience - UX","Size Chart","$89","5 reviews","https://www.mageplaza.com/assets/img/extensions/size-chart.png","","https://www.mageplaza.com/magento-2-size-chart/"
"1587995143-801","https://www.mageplaza.com/magento-2-extensions/checkout.html","Magento 2 Checkout Extensions","Shipping Rules","$149","3 reviews","https://www.mageplaza.com/assets/img/extensions/shipping-rules.png","-16%","https://www.mageplaza.com/magento-2-shipping-rules/"
"1587995129-744","https://www.mageplaza.com/magento-2-extensions/promotions.html","Magento 2 Promotions Extensions","null","null","null","","null",""
"1587995146-818","https://www.mageplaza.com/magento-2-extensions/b2b.html","Magento 2 B2B Extensions","B2B Solution","$465","","https://www.mageplaza.com/assets/img/extensions/b2b-solution.png","-19%","https://www.mageplaza.com/magento-2-b2b/"
"1587995129-723","https://www.mageplaza.com/magento-2-extensions/promotions.html","Magento 2 Promotions Extensions","Marketing Solution","$289","","https://www.mageplaza.com/assets/img/extensions/marketing-solution.png","-16%","https://www.mageplaza.com/marketing-solution/"
"1587995125-715","https://www.mageplaza.com/magento-2-extensions/sales-motivation.html","Magento 2 Sales Motivation Extensions","Loyalty Program","$199","1 review","https://www.mageplaza.com/assets/img/extensions/loyalty-program.png","","https://www.mageplaza.com/magento-2-loyalty-program/"
"1587995112-624","https://www.mageplaza.com/magento-2-extensions/cro.html","Magento 2 CRO Extensions","Multiple Coupons","$119","1 review","https://www.mageplaza.com/assets/img/extensions/multiple-coupons.png","","https://www.mageplaza.com/magento-2-multiple-coupons/"
"1587995125-702","https://www.mageplaza.com/magento-2-extensions/sales-motivation.html","Magento 2 Sales Motivation Extensions","CRO","$521","","https://www.mageplaza.com/assets/img/extensions/cro.png","-19%","https://www.mageplaza.com/magento-2-cro/"
"1587995136-763","https://www.mageplaza.com/magento-2-extensions/order-management.html","Magento 2 Order Management Extensions","Same Order Number","FREE","4 reviews","https://www.mageplaza.com/assets/img/extensions/same-order-number.png","FREE","https://www.mageplaza.com/magento-2-same-order-number/"
"1587995118-643","https://www.mageplaza.com/magento-2-extensions/user-experience.html","Magento 2 User Experience - UX","One Step Checkout","$199","175 reviews","https://www.mageplaza.com/assets/img/extensions/magento-2-one-step-checkout.png","","https://www.mageplaza.com/magento-2-one-step-checkout-extension/"
"1587995104-589","https://www.mageplaza.com/magento-2-extensions/api-graphql-pwa.html","Magento 2 API / GraphQL","Frequently Bought Together","$149","14 reviews","https://www.mageplaza.com/assets/img/extensions/frequently-bought-together.png","","https://www.mageplaza.com/magento-2-frequently-bought-together/"
"1587995151-846","https://www.mageplaza.com/magento-2-extensions/administration.html","Magento 2 Administration Extensions","Same Order Number","FREE","4 reviews","https://www.mageplaza.com/assets/img/extensions/same-order-number.png","FREE","https://www.mageplaza.com/magento-2-same-order-number/"
"1587995151-850","https://www.mageplaza.com/magento-2-extensions/administration.html","Magento 2 Administration Extensions","Two-Factor Authentication","FREE","1 review","https://www.mageplaza.com/assets/img/extensions/two-factor-authentication.png","FREE","https://www.mageplaza.com/magento-2-two-factor-authentication/"
"1587995151-861","https://www.mageplaza.com/magento-2-extensions/administration.html","Magento 2 Administration Extensions","Quick Flush Cache","FREE","1 review","https://www.mageplaza.com/assets/img/extensions/quick-flush-cache.png","FREE","https://www.mageplaza.com/magento-2-quick-flush-cache/"
"1587995109-615","https://www.mageplaza.com/magento-2-extensions/integration.html","Magento 2 Integration Extensions","Freshsales","$249","","https://www.mageplaza.com/assets/img/extensions/freshsales.png","","https://www.mageplaza.com/magento-2-freshsales/"
"1587995106-609","https://www.mageplaza.com/magento-2-extensions/security.html","Magento 2 Security Extensions","Customer Approval","FREE","","https://www.mageplaza.com/assets/img/extensions/customer-approval.png","FREE","https://www.mageplaza.com/magento-2-customer-approval/"
"1587995143-803","https://www.mageplaza.com/magento-2-extensions/checkout.html","Magento 2 Checkout Extensions","Extra Fee","$199","4 reviews","https://www.mageplaza.com/assets/img/extensions/extra-fee.png","","https://www.mageplaza.com/magento-2-extra-fee/"
"1587995104-594","https://www.mageplaza.com/magento-2-extensions/api-graphql-pwa.html","Magento 2 API / GraphQL","Store Credit","$149","2 reviews","https://www.mageplaza.com/assets/img/extensions/store-credit.png","","https://www.mageplaza.com/magento-2-store-credit/"
"1587995138-787","https://www.mageplaza.com/magento-2-extensions/navigation.html","Magento 2 Navigation & Search Extensions","null","null","null","","null",""
"1587995146-820","https://www.mageplaza.com/magento-2-extensions/b2b.html","Magento 2 B2B Extensions","Call for Price","$129","3 reviews","https://www.mageplaza.com/assets/img/extensions/call-for-price.png","","https://www.mageplaza.com/magento-2-call-for-price/"
"1587995118-649","https://www.mageplaza.com/magento-2-extensions/user-experience.html","Magento 2 User Experience - UX","Quick Order","$199","7 reviews","https://www.mageplaza.com/assets/img/extensions/quick-order.png","","https://www.mageplaza.com/magento-2-quick-order/"
"1587995104-596","https://www.mageplaza.com/magento-2-extensions/api-graphql-pwa.html","Magento 2 API / GraphQL","Better Product Reviews","$159","2 reviews","https://www.mageplaza.com/assets/img/extensions/better-product-reviews.png","","https://www.mageplaza.com/magento-2-better-product-reviews/"
"1587995151-845","https://www.mageplaza.com/magento-2-extensions/administration.html","Magento 2 Administration Extensions","Email Attachments","FREE","7 reviews","https://www.mageplaza.com/assets/img/extensions/email-attachments.png","FREE","https://www.mageplaza.com/magento-2-email-attachments/"
"1587995151-851","https://www.mageplaza.com/magento-2-extensions/administration.html","Magento 2 Administration Extensions","Age Verification","$149","3 reviews","https://www.mageplaza.com/assets/img/extensions/age-verification.png","","https://www.mageplaza.com/magento-2-age-verification/"
"1587995146-825","https://www.mageplaza.com/magento-2-extensions/b2b.html","Magento 2 B2B Extensions","Better Tier Price","$99","2 reviews","https://www.mageplaza.com/assets/img/extensions/better-tier-price.png","","https://www.mageplaza.com/magento-2-better-tier-price/"
"1587995151-862","https://www.mageplaza.com/magento-2-extensions/administration.html","Magento 2 Administration Extensions","Product Grid","$199","1 review","https://www.mageplaza.com/assets/img/extensions/product-grid.png","","https://www.mageplaza.com/magento-2-product-grid/"
"1587995125-720","https://www.mageplaza.com/magento-2-extensions/sales-motivation.html","Magento 2 Sales Motivation Extensions","Who Bought This Also Bought","$149","8 reviews","https://www.mageplaza.com/assets/img/extensions/magento-2-who-bought-this-also-bought.png","","https://www.mageplaza.com/magento-2-who-bought-this-also-bought/"
"1587995129-733","https://www.mageplaza.com/magento-2-extensions/promotions.html","Magento 2 Promotions Extensions","Multiple Coupons","$119","1 review","https://www.mageplaza.com/assets/img/extensions/multiple-coupons.png","","https://www.mageplaza.com/magento-2-multiple-coupons/"
"1587995122-692","https://www.mageplaza.com/magento-2-extensions/seo-suite.html","Magento 2 SEO Suite Extensions","SEO","FREE","77 reviews","https://www.mageplaza.com/assets/img/extensions/magento-2-seo-extension.png","FREE","https://www.mageplaza.com/magento-2-seo-extension/"
"1587995118-678","https://www.mageplaza.com/magento-2-extensions/user-experience.html","Magento 2 User Experience - UX","null","null","null","","null",""
"1587995141-791","https://www.mageplaza.com/magento-2-extensions/content-management.html","Magento 2 Content Management Extensions","Product Questions","$129","6 reviews","https://www.mageplaza.com/assets/img/extensions/product-questions.png","","https://www.mageplaza.com/magento-2-product-questions/"
"1587995129-743","https://www.mageplaza.com/magento-2-extensions/promotions.html","Magento 2 Promotions Extensions","null","null","null","","null",""
"1587995151-838","https://www.mageplaza.com/magento-2-extensions/administration.html","Magento 2 Administration Extensions","Advanced Reports Pro","$199","","https://www.mageplaza.com/assets/img/extensions/magento-2-reports.png","","https://www.mageplaza.com/magento-2-reports-extension/"
"1587995112-627","https://www.mageplaza.com/magento-2-extensions/cro.html","Magento 2 CRO Extensions","Promo Banner","$99","2 reviews","https://www.mageplaza.com/assets/img/extensions/promo-banner.png","","https://www.mageplaza.com/magento-2-promo-banner/"
"1587995129-725","https://www.mageplaza.com/magento-2-extensions/promotions.html","Magento 2 Promotions Extensions","Product Labels","$129","7 reviews","https://www.mageplaza.com/assets/img/extensions/product-labels.png","","https://www.mageplaza.com/magento-2-product-labels/"
"1587995146-830","https://www.mageplaza.com/magento-2-extensions/b2b.html","Magento 2 B2B Extensions","null","null","null","","null",""
"1587995114-636","https://www.mageplaza.com/magento-2-extensions/payment.html","Magento 2 Payment Gateway / Method Extensions","2Checkout","$199","1 review","https://www.mageplaza.com/assets/img/extensions/2checkout.png","","https://www.mageplaza.com/magento-2-2checkout/"
"1587995141-790","https://www.mageplaza.com/magento-2-extensions/content-management.html","Magento 2 Content Management Extensions","FAQ","$129","6 reviews","https://www.mageplaza.com/assets/img/extensions/faq.jpg","","https://www.mageplaza.com/magento-2-faq-extension/"
"1587995112-626","https://www.mageplaza.com/magento-2-extensions/cro.html","Magento 2 CRO Extensions","Countdown Timer","$99","2 reviews","https://www.mageplaza.com/assets/img/extensions/countdown-timer.png","","https://www.mageplaza.com/magento-2-countdown-timer/"
"1587995146-826","https://www.mageplaza.com/magento-2-extensions/b2b.html","Magento 2 B2B Extensions","Hide Price","$129","3 reviews","https://www.mageplaza.com/assets/img/extensions/hide-price.png","","https://www.mageplaza.com/magento-2-hide-price/"
"1587995104-592","https://www.mageplaza.com/magento-2-extensions/api-graphql-pwa.html","Magento 2 API / GraphQL","FAQ","$129","6 reviews","https://www.mageplaza.com/assets/img/extensions/faq.jpg","","https://www.mageplaza.com/magento-2-faq-extension/"
"1587995136-773","https://www.mageplaza.com/magento-2-extensions/order-management.html","Magento 2 Order Management Extensions","null","null","null","","null",""
"1587995118-679","https://www.mageplaza.com/magento-2-extensions/user-experience.html","Magento 2 User Experience - UX","null","null","null","","null",""
"1587995125-717","https://www.mageplaza.com/magento-2-extensions/sales-motivation.html","Magento 2 Sales Motivation Extensions","Sales Pop","$0","","https://www.mageplaza.com/assets/img/extensions/sales-pop.png","-100%","https://www.mageplaza.com/magento-2-sales-pop/"
"1587995104-585","https://www.mageplaza.com/magento-2-extensions/api-graphql-pwa.html","Magento 2 API / GraphQL","Product Labels","$129","7 reviews","https://www.mageplaza.com/assets/img/extensions/product-labels.png","","https://www.mageplaza.com/magento-2-product-labels/"
"1587995151-832","https://www.mageplaza.com/magento-2-extensions/administration.html","Magento 2 Administration Extensions","Product Feed","$149","19 reviews","https://www.mageplaza.com/assets/img/extensions/product-feed.png","","https://www.mageplaza.com/magento-2-product-feed-extension/"
"1587995118-680","https://www.mageplaza.com/magento-2-extensions/user-experience.html","Magento 2 User Experience - UX","null","null","null","","null",""
"1587995118-667","https://www.mageplaza.com/magento-2-extensions/user-experience.html","Magento 2 User Experience - UX","Better Maintenance","FREE","2 reviews","https://www.mageplaza.com/assets/img/extensions/better-maintenance.png","FREE","https://www.mageplaza.com/magento-2-better-maintenance/"
"1587995118-677","https://www.mageplaza.com/magento-2-extensions/user-experience.html","Magento 2 User Experience - UX","null","null","null","","null",""
"1587995118-645","https://www.mageplaza.com/magento-2-extensions/user-experience.html","Magento 2 User Experience - UX","Social Suite","FREE","","https://www.mageplaza.com/assets/img/extensions/social-suite.png","FREE","https://www.mageplaza.com/magento-2-social-suite/"
"1587995118-666","https://www.mageplaza.com/magento-2-extensions/user-experience.html","Magento 2 User Experience - UX","Milestone","$99","","https://www.mageplaza.com/assets/img/extensions/milestone.png","","https://www.mageplaza.com/magento-2-milestone/"
"1587995118-673","https://www.mageplaza.com/magento-2-extensions/user-experience.html","Magento 2 User Experience - UX","Table Category View","$99","","https://www.mageplaza.com/assets/img/extensions/table-category-view.png","","https://www.mageplaza.com/magento-2-table-category-view/"
"1587995122-693","https://www.mageplaza.com/magento-2-extensions/seo-suite.html","Magento 2 SEO Suite Extensions","FAQ","$129","6 reviews","https://www.mageplaza.com/assets/img/extensions/faq.jpg","","https://www.mageplaza.com/magento-2-faq-extension/"
"1587995151-865","https://www.mageplaza.com/magento-2-extensions/administration.html","Magento 2 Administration Extensions","null","null","null","","null",""
"1587995120-684","https://www.mageplaza.com/magento-2-extensions/shipping-payment.html","Magento 2 Shipping & Fee Extensions","Extra Fee","$199","4 reviews","https://www.mageplaza.com/assets/img/extensions/extra-fee.png","","https://www.mageplaza.com/magento-2-extra-fee/"
"1587995141-797","https://www.mageplaza.com/magento-2-extensions/content-management.html","Magento 2 Content Management Extensions","null","null","null","","null",""
"1587995118-671","https://www.mageplaza.com/magento-2-extensions/user-experience.html","Magento 2 User Experience - UX","Quick Cart","$199","","https://www.mageplaza.com/assets/img/extensions/quick-cart.png","","https://www.mageplaza.com/magento-2-quick-cart/"
"1587995151-835","https://www.mageplaza.com/magento-2-extensions/administration.html","Magento 2 Administration Extensions","Google Tag Manager","$99","28 reviews","https://www.mageplaza.com/assets/img/extensions/magento-2-google-tag-manager.png","","https://www.mageplaza.com/magento-2-google-tag-manager/"
"1587995129-729","https://www.mageplaza.com/magento-2-extensions/promotions.html","Magento 2 Promotions Extensions","Newsletter Popup","FREE","25 reviews","https://www.mageplaza.com/assets/img/extensions/newsletter-popup.png","FREE","https://www.mageplaza.com/magento-2-newsletter-popup/"
"1587995129-737","https://www.mageplaza.com/magento-2-extensions/promotions.html","Magento 2 Promotions Extensions","Promo Banner","$99","2 reviews","https://www.mageplaza.com/assets/img/extensions/promo-banner.png","","https://www.mageplaza.com/magento-2-promo-banner/"
"1587995118-681","https://www.mageplaza.com/magento-2-extensions/user-experience.html","Magento 2 User Experience - UX","null","null","null","","null",""
"1587995104-595","https://www.mageplaza.com/magento-2-extensions/api-graphql-pwa.html","Magento 2 API / GraphQL","Thank You Page","$129","2 reviews","https://www.mageplaza.com/assets/img/extensions/thank-you-page.png","","https://www.mageplaza.com/magento-2-thank-you-page/"
"1587995118-661","https://www.mageplaza.com/magento-2-extensions/user-experience.html","Magento 2 User Experience - UX","AJAX Cart","$129","","https://www.mageplaza.com/assets/img/extensions/ajax-cart.png","","https://www.mageplaza.com/magento-2-ajax-cart-extension/"
"1587995120-687","https://www.mageplaza.com/magento-2-extensions/shipping-payment.html","Magento 2 Shipping & Fee Extensions","Shipping Cost","$89","","https://www.mageplaza.com/assets/img/extensions/shipping-cost.png","-10%","https://www.mageplaza.com/magento-2-shipping-cost/"
"1587995129-735","https://www.mageplaza.com/magento-2-extensions/promotions.html","Magento 2 Promotions Extensions","Countdown Timer","$99","2 reviews","https://www.mageplaza.com/assets/img/extensions/countdown-timer.png","","https://www.mageplaza.com/magento-2-countdown-timer/"
"1587995151-844","https://www.mageplaza.com/magento-2-extensions/administration.html","Magento 2 Administration Extensions","Customer Attributes","$129","4 reviews","https://www.mageplaza.com/assets/img/extensions/customer-attributes.png","","https://www.mageplaza.com/magento-2-customer-attributes/"
"1587995133-758","https://www.mageplaza.com/magento-2-extensions/product-enhancements.html","Magento 2 Product Enhancements Extensions","null","null","null","","null",""
"1587995129-726","https://www.mageplaza.com/magento-2-extensions/promotions.html","Magento 2 Promotions Extensions","Gift Card","$199","14 reviews","https://www.mageplaza.com/assets/img/extensions/magento-2-gift-card.png","","https://www.mageplaza.com/magento-2-gift-card-extension/"
"1587995133-752","https://www.mageplaza.com/magento-2-extensions/product-enhancements.html","Magento 2 Product Enhancements Extensions","FAQ","$129","6 reviews","https://www.mageplaza.com/assets/img/extensions/faq.jpg","","https://www.mageplaza.com/magento-2-faq-extension/"
"1587995129-742","https://www.mageplaza.com/magento-2-extensions/promotions.html","Magento 2 Promotions Extensions","Free Gifts","$199","1 review","https://www.mageplaza.com/assets/img/extensions/free-gifts.png","","https://www.mageplaza.com/magento-2-free-gifts/"
"1587995141-795","https://www.mageplaza.com/magento-2-extensions/content-management.html","Magento 2 Content Management Extensions","Twitter Widget","FREE","3 reviews","https://www.mageplaza.com/assets/img/extensions/twitter-widget.png","FREE","https://www.mageplaza.com/magento-2-twitter-widget/"
"1587995146-823","https://www.mageplaza.com/magento-2-extensions/b2b.html","Magento 2 B2B Extensions","Customer Approval","FREE","","https://www.mageplaza.com/assets/img/extensions/customer-approval.png","FREE","https://www.mageplaza.com/magento-2-customer-approval/"
"1587995114-633","https://www.mageplaza.com/magento-2-extensions/payment.html","Magento 2 Payment Gateway / Method Extensions","Sage Pay","$249","","https://www.mageplaza.com/assets/img/extensions/sagepay.png","","https://www.mageplaza.com/magento-2-sage-pay/"
"1587995151-842","https://www.mageplaza.com/magento-2-extensions/administration.html","Magento 2 Administration Extensions","Review Reminder","$79","10 reviews","https://www.mageplaza.com/assets/img/extensions/review-reminder.png","","https://www.mageplaza.com/magento-2-review-reminder/"
"1587995109-614","https://www.mageplaza.com/magento-2-extensions/integration.html","Magento 2 Integration Extensions","Salesforce","$349","","https://www.mageplaza.com/assets/img/extensions/salesforce.png","","https://www.mageplaza.com/magento-2-salesforce/"
"1587995104-586","https://www.mageplaza.com/magento-2-extensions/api-graphql-pwa.html","Magento 2 API / GraphQL","Shop By Brand","$99","25 reviews","https://www.mageplaza.com/assets/img/extensions/magento-2-shop-by-brand.png","","https://www.mageplaza.com/magento-2-shop-by-brand/"
"1587995112-619","https://www.mageplaza.com/magento-2-extensions/cro.html","Magento 2 CRO Extensions","CRO","$521","","https://www.mageplaza.com/assets/img/extensions/cro.png","-19%","https://www.mageplaza.com/magento-2-cro/"
"1587995143-812","https://www.mageplaza.com/magento-2-extensions/checkout.html","Magento 2 Checkout Extensions","One Step Checkout Ultimate","$299","","https://www.mageplaza.com/assets/img/extensions/magento-2-one-step-checkout.png","","https://www.mageplaza.com/magento-2-one-step-checkout-extension/"
"1587995151-853","https://www.mageplaza.com/magento-2-extensions/administration.html","Magento 2 Administration Extensions","Backend Reindex","FREE","3 reviews","https://www.mageplaza.com/assets/img/extensions/backend-reindex.png","FREE","https://www.mageplaza.com/magento-2-backend-reindex/"
"1587995112-623","https://www.mageplaza.com/magento-2-extensions/cro.html","Magento 2 CRO Extensions","Review Reminder","$79","10 reviews","https://www.mageplaza.com/assets/img/extensions/review-reminder.png","","https://www.mageplaza.com/magento-2-review-reminder/"
"1587995109-616","https://www.mageplaza.com/magento-2-extensions/integration.html","Magento 2 Integration Extensions","Quickbooks Online","$249","","https://www.mageplaza.com/assets/img/extensions/quickbooks-online.png","","https://www.mageplaza.com/magento-2-quickbooks-online/"
"1587995151-858","https://www.mageplaza.com/magento-2-extensions/administration.html","Magento 2 Administration Extensions","Better Maintenance","FREE","2 reviews","https://www.mageplaza.com/assets/img/extensions/better-maintenance.png","FREE","https://www.mageplaza.com/magento-2-better-maintenance/"
"1587995143-808","https://www.mageplaza.com/magento-2-extensions/checkout.html","Magento 2 Checkout Extensions","Custom Checkout Fields","$199","7 reviews","https://www.mageplaza.com/assets/img/extensions/custom-checkout-fields.png","","https://www.mageplaza.com/magento-2-custom-checkout-fields/"
"1587995133-746","https://www.mageplaza.com/magento-2-extensions/product-enhancements.html","Magento 2 Product Enhancements Extensions","Product Labels","$129","7 reviews","https://www.mageplaza.com/assets/img/extensions/product-labels.png","","https://www.mageplaza.com/magento-2-product-labels/"
"1587995104-587","https://www.mageplaza.com/magento-2-extensions/api-graphql-pwa.html","Magento 2 API / GraphQL","Better Blog","FREE","109 reviews","https://www.mageplaza.com/assets/img/extensions/magento-2-blog-extension.png","FREE","https://www.mageplaza.com/magento-2-better-blog/"
"1587995112-625","https://www.mageplaza.com/magento-2-extensions/cro.html","Magento 2 CRO Extensions","Better Product Reviews","$159","2 reviews","https://www.mageplaza.com/assets/img/extensions/better-product-reviews.png","","https://www.mageplaza.com/magento-2-better-product-reviews/"
"1587995151-848","https://www.mageplaza.com/magento-2-extensions/administration.html","Magento 2 Administration Extensions","Webhook","FREE","12 reviews","https://www.mageplaza.com/assets/img/extensions/webhook.png","FREE","https://www.mageplaza.com/magento-2-webhook/"
"1587995125-698","https://www.mageplaza.com/magento-2-extensions/sales-motivation.html","Magento 2 Sales Motivation Extensions","Sales Booster","$329","","https://www.mageplaza.com/assets/img/extensions/sales-booster.png","-17%","https://www.mageplaza.com/sales-booster/"
"1587995129-724","https://www.mageplaza.com/magento-2-extensions/promotions.html","Magento 2 Promotions Extensions","Automatic Related Products","$199","25 reviews","https://www.mageplaza.com/assets/img/extensions/magento-2-automatic-related-products.png","","https://www.mageplaza.com/magento-2-automatic-related-products/"
"1587995151-857","https://www.mageplaza.com/magento-2-extensions/administration.html","Magento 2 Administration Extensions","Cron Schedule","FREE","1 review","https://www.mageplaza.com/assets/img/extensions/cron-schedule.png","FREE","https://www.mageplaza.com/magento-2-cron-schedule/"
"1587995120-689","https://www.mageplaza.com/magento-2-extensions/shipping-payment.html","Magento 2 Shipping & Fee Extensions","Delivery Time","$69","2 reviews","https://www.mageplaza.com/assets/img/extensions/delivery-time.png","-12%","https://www.mageplaza.com/magento-2-delivery-time-extension/"
"1587995141-789","https://www.mageplaza.com/magento-2-extensions/content-management.html","Magento 2 Content Management Extensions","Better Blog","FREE","109 reviews","https://www.mageplaza.com/assets/img/extensions/magento-2-blog-extension.png","FREE","https://www.mageplaza.com/magento-2-better-blog/"
"1587995106-608","https://www.mageplaza.com/magento-2-extensions/security.html","Magento 2 Security Extensions","Age Verification","$149","3 reviews","https://www.mageplaza.com/assets/img/extensions/age-verification.png","","https://www.mageplaza.com/magento-2-age-verification/"
"1587995129-730","https://www.mageplaza.com/magento-2-extensions/promotions.html","Magento 2 Promotions Extensions","Better Popup","FREE","25 reviews","https://www.mageplaza.com/assets/img/extensions/better-popup.png","FREE","https://www.mageplaza.com/magento-2-better-popup/"
"1587995125-716","https://www.mageplaza.com/magento-2-extensions/sales-motivation.html","Magento 2 Sales Motivation Extensions","Milestone","$99","","https://www.mageplaza.com/assets/img/extensions/milestone.png","","https://www.mageplaza.com/magento-2-milestone/"
"1587995151-852","https://www.mageplaza.com/magento-2-extensions/administration.html","Magento 2 Administration Extensions","Import Export Categories","$99","","https://www.mageplaza.com/assets/img/extensions/import-export-categories.png","","https://www.mageplaza.com/magento-2-import-export-categories/"
"1587995104-588","https://www.mageplaza.com/magento-2-extensions/api-graphql-pwa.html","Magento 2 API / GraphQL","Gift Card","$199","14 reviews","https://www.mageplaza.com/assets/img/extensions/magento-2-gift-card.png","","https://www.mageplaza.com/magento-2-gift-card-extension/"
"1587995125-703","https://www.mageplaza.com/magento-2-extensions/sales-motivation.html","Magento 2 Sales Motivation Extensions","Abandoned Cart Email","$79","25 reviews","https://www.mageplaza.com/assets/img/extensions/abandoned-cart-email.png","","https://www.mageplaza.com/magento-2-abandoned-cart-email/"
"1587995151-864","https://www.mageplaza.com/magento-2-extensions/administration.html","Magento 2 Administration Extensions","null","null","null","","null",""
"1587995120-685","https://www.mageplaza.com/magento-2-extensions/shipping-payment.html","Magento 2 Shipping & Fee Extensions","Shipping Restrictions","$99","1 review","https://www.mageplaza.com/assets/img/extensions/shipping-restriction.png","-23%","https://www.mageplaza.com/magento-2-shipping-restrictions/"
"1587995104-583","https://www.mageplaza.com/magento-2-extensions/api-graphql-pwa.html","Magento 2 API / GraphQL","Affiliate","$99","28 reviews","https://www.mageplaza.com/assets/img/extensions/magento-2-affiliate.png","","https://www.mageplaza.com/magento-2-affiliate-extension/"
"1587995129-739","https://www.mageplaza.com/magento-2-extensions/promotions.html","Magento 2 Promotions Extensions","SMS Notification","$99","","https://www.mageplaza.com/assets/img/extensions/sms-notification.png","","https://www.mageplaza.com/magento-2-sms-notification/"
"1587995138-775","https://www.mageplaza.com/magento-2-extensions/navigation.html","Magento 2 Navigation & Search Extensions","Store Locator","$199","4 reviews","https://www.mageplaza.com/assets/img/extensions/magento-2-store-locator.png","","https://www.mageplaza.com/magento-2-store-locator-extension/"
"1587995138-781","https://www.mageplaza.com/magento-2-extensions/navigation.html","Magento 2 Navigation & Search Extensions","Better Sorting","$99","","https://www.mageplaza.com/assets/img/extensions/better-sorting.png","","https://www.mageplaza.com/magento-2-better-sorting/"
"1587995112-618","https://www.mageplaza.com/magento-2-extensions/cro.html","Magento 2 CRO Extensions","Product Labels","$129","7 reviews","https://www.mageplaza.com/assets/img/extensions/product-labels.png","","https://www.mageplaza.com/magento-2-product-labels/"
"1587995125-708","https://www.mageplaza.com/magento-2-extensions/sales-motivation.html","Magento 2 Sales Motivation Extensions","Free Shipping Bar","$89","7 reviews","https://www.mageplaza.com/assets/img/extensions/free-shipping-bar.png","-10%","https://www.mageplaza.com/magento-2-free-shipping-bar/"
"1587995125-719","https://www.mageplaza.com/magento-2-extensions/sales-motivation.html","Magento 2 Sales Motivation Extensions","Affiliate Ultimate","$299","","https://www.mageplaza.com/assets/img/extensions/magento-2-affiliate.png","","https://www.mageplaza.com/magento-2-affiliate-extension/"
"1587995106-603","https://www.mageplaza.com/magento-2-extensions/security.html","Magento 2 Security Extensions","Security","FREE","22 reviews","https://www.mageplaza.com/assets/img/extensions/security.png","FREE","https://www.mageplaza.com/magento-2-security/"
"1587995143-804","https://www.mageplaza.com/magento-2-extensions/checkout.html","Magento 2 Checkout Extensions","Payment Restrictions","$149","5 reviews","https://www.mageplaza.com/assets/img/extensions/payment-restriction.png","-16%","https://www.mageplaza.com/magento-2-payment-restriction/"
"1587995125-710","https://www.mageplaza.com/magento-2-extensions/sales-motivation.html","Magento 2 Sales Motivation Extensions","Social Share","FREE","6 reviews","https://www.mageplaza.com/assets/img/extensions/social-share.png","FREE","https://www.mageplaza.com/magento-2-social-share/"
"1587995138-779","https://www.mageplaza.com/magento-2-extensions/navigation.html","Magento 2 Navigation & Search Extensions","GeoIP","$149","3 reviews","https://www.mageplaza.com/assets/img/extensions/geoip.png","","https://www.mageplaza.com/magento-2-geoip/"
"1587995129-731","https://www.mageplaza.com/magento-2-extensions/promotions.html","Magento 2 Promotions Extensions","Free Shipping Bar","$89","7 reviews","https://www.mageplaza.com/assets/img/extensions/free-shipping-bar.png","-10%","https://www.mageplaza.com/magento-2-free-shipping-bar/"
"1587995125-705","https://www.mageplaza.com/magento-2-extensions/sales-motivation.html","Magento 2 Sales Motivation Extensions","Frequently Bought Together","$149","14 reviews","https://www.mageplaza.com/assets/img/extensions/frequently-bought-together.png","","https://www.mageplaza.com/magento-2-frequently-bought-together/"
"1587995118-644","https://www.mageplaza.com/magento-2-extensions/user-experience.html","Magento 2 User Experience - UX","Layered Navigation","$99","89 reviews","https://www.mageplaza.com/assets/img/extensions/magento-2-layered-navigation.png","","https://www.mageplaza.com/magento-2-layered-navigation-extension/"
"1587995125-721","https://www.mageplaza.com/magento-2-extensions/sales-motivation.html","Magento 2 Sales Motivation Extensions","null","null","null","","null",""
"1587995114-635","https://www.mageplaza.com/magento-2-extensions/payment.html","Magento 2 Payment Gateway / Method Extensions","Worldpay","$299","1 review","https://www.mageplaza.com/assets/img/extensions/worldpay.png","","https://www.mageplaza.com/magento-2-worldpay/"
"1587995118-648","https://www.mageplaza.com/magento-2-extensions/user-experience.html","Magento 2 User Experience - UX","GDPR","FREE","27 reviews","https://www.mageplaza.com/assets/img/extensions/magento-2-gdpr-extension.png","FREE","https://www.mageplaza.com/magento-2-gdpr-extension/"
"1587995118-663","https://www.mageplaza.com/magento-2-extensions/user-experience.html","Magento 2 User Experience - UX","Pre Order","$149","1 review","https://www.mageplaza.com/assets/img/extensions/pre-order.png","","https://www.mageplaza.com/magento-2-pre-order/"
"1587995133-755","https://www.mageplaza.com/magento-2-extensions/product-enhancements.html","Magento 2 Product Enhancements Extensions","Better Change Qty","$79","2 reviews","https://www.mageplaza.com/assets/img/extensions/better-change-qty.png","","https://www.mageplaza.com/magento-2-better-change-qty/"
"1587995109-613","https://www.mageplaza.com/magento-2-extensions/integration.html","Magento 2 Integration Extensions","Zoho CRM integration","$299","","https://www.mageplaza.com/assets/img/extensions/zoho-crm.png","","https://www.mageplaza.com/magento-2-zoho-crm-integration-extension/"
"1587995120-683","https://www.mageplaza.com/magento-2-extensions/shipping-payment.html","Magento 2 Shipping & Fee Extensions","Shipping Rules","$149","3 reviews","https://www.mageplaza.com/assets/img/extensions/shipping-rules.png","-16%","https://www.mageplaza.com/magento-2-shipping-rules/"
"1587995122-690","https://www.mageplaza.com/magento-2-extensions/seo-suite.html","Magento 2 SEO Suite Extensions","Layered Navigation","$99","89 reviews","https://www.mageplaza.com/assets/img/extensions/magento-2-layered-navigation.png","","https://www.mageplaza.com/magento-2-layered-navigation-extension/"
"1587995118-659","https://www.mageplaza.com/magento-2-extensions/user-experience.html","Magento 2 User Experience - UX","Better Sorting","$99","","https://www.mageplaza.com/assets/img/extensions/better-sorting.png","","https://www.mageplaza.com/magento-2-better-sorting/"
"1587995133-751","https://www.mageplaza.com/magento-2-extensions/product-enhancements.html","Magento 2 Product Enhancements Extensions","Size Chart","$89","5 reviews","https://www.mageplaza.com/assets/img/extensions/size-chart.png","","https://www.mageplaza.com/magento-2-size-chart/"
"1587995129-732","https://www.mageplaza.com/magento-2-extensions/promotions.html","Magento 2 Promotions Extensions","Daily Deal","$149","7 reviews","https://www.mageplaza.com/assets/img/extensions/daily-deal.png","","https://www.mageplaza.com/magento-2-daily-deal-extension/"
"1587995151-843","https://www.mageplaza.com/magento-2-extensions/administration.html","Magento 2 Administration Extensions","Delete Orders","FREE","45 reviews","https://www.mageplaza.com/assets/img/extensions/magento-2-delete-order.png","FREE","https://www.mageplaza.com/magento-2-delete-orders/"
"1587995104-601","https://www.mageplaza.com/magento-2-extensions/api-graphql-pwa.html","Magento 2 API / GraphQL","Who Bought This Also Bought","$149","8 reviews","https://www.mageplaza.com/assets/img/extensions/magento-2-who-bought-this-also-bought.png","","https://www.mageplaza.com/magento-2-who-bought-this-also-bought/"
"1587995146-831","https://www.mageplaza.com/magento-2-extensions/b2b.html","Magento 2 B2B Extensions","null","null","null","","null",""
"1587995133-745","https://www.mageplaza.com/magento-2-extensions/product-enhancements.html","Magento 2 Product Enhancements Extensions","Automatic Related Products","$199","25 reviews","https://www.mageplaza.com/assets/img/extensions/magento-2-automatic-related-products.png","","https://www.mageplaza.com/magento-2-automatic-related-products/"
"1587995125-711","https://www.mageplaza.com/magento-2-extensions/sales-motivation.html","Magento 2 Sales Motivation Extensions","Multiple Coupons","$119","1 review","https://www.mageplaza.com/assets/img/extensions/multiple-coupons.png","","https://www.mageplaza.com/magento-2-multiple-coupons/"
"1587995138-785","https://www.mageplaza.com/magento-2-extensions/navigation.html","Magento 2 Navigation & Search Extensions","Layered Navigation Ultimate","$299","","https://www.mageplaza.com/assets/img/extensions/magento-2-layered-navigation.png","","https://www.mageplaza.com/magento-2-layered-navigation-extension/"
"1587995118-670","https://www.mageplaza.com/magento-2-extensions/user-experience.html","Magento 2 User Experience - UX","SMS Notification","$99","","https://www.mageplaza.com/assets/img/extensions/sms-notification.png","","https://www.mageplaza.com/magento-2-sms-notification/"
"1587995136-761","https://www.mageplaza.com/magento-2-extensions/order-management.html","Magento 2 Order Management Extensions","Delete Orders","FREE","45 reviews","https://www.mageplaza.com/assets/img/extensions/magento-2-delete-order.png","FREE","https://www.mageplaza.com/magento-2-delete-orders/"
"1587995125-712","https://www.mageplaza.com/magento-2-extensions/sales-motivation.html","Magento 2 Sales Motivation Extensions","Who Viewed This Also Viewed","$149","","https://www.mageplaza.com/assets/img/extensions/who-viewed-this-also-viewed.png","","https://www.mageplaza.com/magento-2-who-viewed-this-also-viewed/"
"1587995120-688","https://www.mageplaza.com/magento-2-extensions/shipping-payment.html","Magento 2 Shipping & Fee Extensions","Canada Post","$159","","https://www.mageplaza.com/assets/img/extensions/canada-post.png","-20%","https://www.mageplaza.com/magento-2-canada-post/"
"1587995143-816","https://www.mageplaza.com/magento-2-extensions/checkout.html","Magento 2 Checkout Extensions","null","null","null","","null",""
"1587995112-617","https://www.mageplaza.com/magento-2-extensions/cro.html","Magento 2 CRO Extensions","Layered Navigation","$99","89 reviews","https://www.mageplaza.com/assets/img/extensions/magento-2-layered-navigation.png","","https://www.mageplaza.com/magento-2-layered-navigation-extension/"
"1587995141-798","https://www.mageplaza.com/magento-2-extensions/content-management.html","Magento 2 Content Management Extensions","null","null","null","","null",""
"1587995122-696","https://www.mageplaza.com/magento-2-extensions/seo-suite.html","Magento 2 SEO Suite Extensions","Lazy Loading","FREE","1 review","https://www.mageplaza.com/assets/img/extensions/lazy-loading.png","FREE","https://www.mageplaza.com/magento-2-lazy-loading/"
"1587995143-805","https://www.mageplaza.com/magento-2-extensions/checkout.html","Magento 2 Checkout Extensions","Store Credit","$149","2 reviews","https://www.mageplaza.com/assets/img/extensions/store-credit.png","","https://www.mageplaza.com/magento-2-store-credit/"
"1587995151-836","https://www.mageplaza.com/magento-2-extensions/administration.html","Magento 2 Administration Extensions","Security","FREE","22 reviews","https://www.mageplaza.com/assets/img/extensions/security.png","FREE","https://www.mageplaza.com/magento-2-security/"
"1587995151-840","https://www.mageplaza.com/magento-2-extensions/administration.html","Magento 2 Administration Extensions","Order Export","$129","7 reviews","https://www.mageplaza.com/assets/img/extensions/order-export.png","","https://www.mageplaza.com/magento-2-order-export/"
"1587995106-606","https://www.mageplaza.com/magento-2-extensions/security.html","Magento 2 Security Extensions","Required Login","$79","4 reviews","https://www.mageplaza.com/assets/img/extensions/required-login.png","","https://www.mageplaza.com/magento-2-required-login/"
"1587995133-747","https://www.mageplaza.com/magento-2-extensions/product-enhancements.html","Magento 2 Product Enhancements Extensions","Shop By Brand","$99","25 reviews","https://www.mageplaza.com/assets/img/extensions/magento-2-shop-by-brand.png","","https://www.mageplaza.com/magento-2-shop-by-brand/"
"1587995138-786","https://www.mageplaza.com/magento-2-extensions/navigation.html","Magento 2 Navigation & Search Extensions","null","null","null","","null",""
"1587995138-777","https://www.mageplaza.com/magento-2-extensions/navigation.html","Magento 2 Navigation & Search Extensions","Ajax Search","$99","11 reviews","https://www.mageplaza.com/assets/img/extensions/magento-2-search-extension.png","","https://www.mageplaza.com/magento-2-search-extension/"
"1587995136-770","https://www.mageplaza.com/magento-2-extensions/order-management.html","Magento 2 Order Management Extensions","RMA","$229","2 reviews","https://www.mageplaza.com/assets/img/extensions/rma.png","","https://www.mageplaza.com/magento-2-rma/"
"1587995136-766","https://www.mageplaza.com/magento-2-extensions/order-management.html","Magento 2 Order Management Extensions","Better Order Grid","$129","1 review","https://www.mageplaza.com/assets/img/extensions/better-order-grid.png","","https://www.mageplaza.com/magento-2-order-grid/"
"1587995106-605","https://www.mageplaza.com/magento-2-extensions/security.html","Magento 2 Security Extensions","Google reCaptcha","FREE","63 reviews","https://www.mageplaza.com/assets/img/extensions/google-recaptcha.png","FREE","https://www.mageplaza.com/magento-2-google-recaptcha/"
"1587995136-771","https://www.mageplaza.com/magento-2-extensions/order-management.html","Magento 2 Order Management Extensions","null","null","null","","null",""
"1587995125-706","https://www.mageplaza.com/magento-2-extensions/sales-motivation.html","Magento 2 Sales Motivation Extensions","Better Coupon","$189","3 reviews","https://www.mageplaza.com/assets/img/extensions/magento-2-better-coupon-extension.png","","https://www.mageplaza.com/magento-2-better-coupon/"
"1587995118-647","https://www.mageplaza.com/magento-2-extensions/user-experience.html","Magento 2 User Experience - UX","Shop By Brand","$99","25 reviews","https://www.mageplaza.com/assets/img/extensions/magento-2-shop-by-brand.png","","https://www.mageplaza.com/magento-2-shop-by-brand/"
"1587995151-854","https://www.mageplaza.com/magento-2-extensions/administration.html","Magento 2 Administration Extensions","Catalog Permissions","$199","1 review","https://www.mageplaza.com/assets/img/extensions/catalog-permissions.png","","https://www.mageplaza.com/magento-2-catalog-permissions/"
"1587995151-855","https://www.mageplaza.com/magento-2-extensions/administration.html","Magento 2 Administration Extensions","Import Export CMS","$99","","https://www.mageplaza.com/assets/img/extensions/cms-import-export.png","","https://www.mageplaza.com/magento-2-import-export-cms/"
"1587995109-612","https://www.mageplaza.com/magento-2-extensions/integration.html","Magento 2 Integration Extensions","Proofo - Social Proof","FREE","","https://www.mageplaza.com/assets/img/extensions/proofo.png?ref=mageplaza","FREE","https://www.mageplaza.com/magento-2-social-proof/"
"1587995136-772","https://www.mageplaza.com/magento-2-extensions/order-management.html","Magento 2 Order Management Extensions","null","null","null","","null",""
"1587995136-764","https://www.mageplaza.com/magento-2-extensions/order-management.html","Magento 2 Order Management Extensions","Order Archive","$119","","https://www.mageplaza.com/assets/img/extensions/order-archive.png","","https://www.mageplaza.com/magento-2-order-archive/"
"1587995129-734","https://www.mageplaza.com/magento-2-extensions/promotions.html","Magento 2 Promotions Extensions","Who Viewed This Also Viewed","$149","","https://www.mageplaza.com/assets/img/extensions/who-viewed-this-also-viewed.png","","https://www.mageplaza.com/magento-2-who-viewed-this-also-viewed/"
"1587995129-738","https://www.mageplaza.com/magento-2-extensions/promotions.html","Magento 2 Promotions Extensions","Special Promotions","$299","","https://www.mageplaza.com/assets/img/extensions/special-promotions.png","","https://www.mageplaza.com/magento-2-special-promotions/"
"1587995125-701","https://www.mageplaza.com/magento-2-extensions/sales-motivation.html","Magento 2 Sales Motivation Extensions","Reward Points","$99","18 reviews","https://www.mageplaza.com/assets/img/extensions/reward-points.png","","https://www.mageplaza.com/magento-2-reward-points-extension/"
"1587995151-847","https://www.mageplaza.com/magento-2-extensions/administration.html","Magento 2 Administration Extensions","GeoIP","$149","3 reviews","https://www.mageplaza.com/assets/img/extensions/geoip.png","","https://www.mageplaza.com/magento-2-geoip/"
"1587995118-655","https://www.mageplaza.com/magento-2-extensions/user-experience.html","Magento 2 User Experience - UX","Store Credit","$149","2 reviews","https://www.mageplaza.com/assets/img/extensions/store-credit.png","","https://www.mageplaza.com/magento-2-store-credit/"
"1587995104-591","https://www.mageplaza.com/magento-2-extensions/api-graphql-pwa.html","Magento 2 API / GraphQL","Size Chart","$89","5 reviews","https://www.mageplaza.com/assets/img/extensions/size-chart.png","","https://www.mageplaza.com/magento-2-size-chart/"
"1587995114-638","https://www.mageplaza.com/magento-2-extensions/payment.html","Magento 2 Payment Gateway / Method Extensions","SecurePay","$299","","https://www.mageplaza.com/assets/img/extensions/securepay.png","","https://www.mageplaza.com/magento-2-securepay/"
"1587995133-757","https://www.mageplaza.com/magento-2-extensions/product-enhancements.html","Magento 2 Product Enhancements Extensions","null","null","null","","null",""
"1587995138-774","https://www.mageplaza.com/magento-2-extensions/navigation.html","Magento 2 Navigation & Search Extensions","Layered Navigation","$99","89 reviews","https://www.mageplaza.com/assets/img/extensions/magento-2-layered-navigation.png","","https://www.mageplaza.com/magento-2-layered-navigation-extension/"
"1587995141-796","https://www.mageplaza.com/magento-2-extensions/content-management.html","Magento 2 Content Management Extensions","Custom Form","$179","","https://www.mageplaza.com/assets/img/extensions/custom-form.png","","https://www.mageplaza.com/magento-2-custom-form/"
"1587995136-767","https://www.mageplaza.com/magento-2-extensions/order-management.html","Magento 2 Order Management Extensions","Order Labels","$99","","https://www.mageplaza.com/assets/img/extensions/order-label.png","","https://www.mageplaza.com/magento-2-order-labels-extension/"
"1587995104-598","https://www.mageplaza.com/magento-2-extensions/api-graphql-pwa.html","Magento 2 API / GraphQL","Name Your Price","$99","1 review","https://www.mageplaza.com/assets/img/extensions/name-your-price.png","","https://www.mageplaza.com/magento-2-name-your-price/"
"1587995146-821","https://www.mageplaza.com/magento-2-extensions/b2b.html","Magento 2 B2B Extensions","Better Change Qty","$79","2 reviews","https://www.mageplaza.com/assets/img/extensions/better-change-qty.png","","https://www.mageplaza.com/magento-2-better-change-qty/"
"1587995112-620","https://www.mageplaza.com/magento-2-extensions/cro.html","Magento 2 CRO Extensions","Social Login","FREE","155 reviews","https://www.mageplaza.com/assets/img/extensions/magento-2-social-login-extension.png","FREE","https://www.mageplaza.com/magento-2-social-login-extension/"
"1587995146-819","https://www.mageplaza.com/magento-2-extensions/b2b.html","Magento 2 B2B Extensions","Quick Order","$199","7 reviews","https://www.mageplaza.com/assets/img/extensions/quick-order.png","","https://www.mageplaza.com/magento-2-quick-order/"
"1587995114-642","https://www.mageplaza.com/magento-2-extensions/payment.html","Magento 2 Payment Gateway / Method Extensions","WePay","$199","","https://www.mageplaza.com/assets/img/extensions/wepay.png","","https://www.mageplaza.com/magento-2-wepay/"
"1587995118-658","https://www.mageplaza.com/magento-2-extensions/user-experience.html","Magento 2 User Experience - UX","Social Share","FREE","6 reviews","https://www.mageplaza.com/assets/img/extensions/social-share.png","FREE","https://www.mageplaza.com/magento-2-social-share/"
"1587995129-736","https://www.mageplaza.com/magento-2-extensions/promotions.html","Magento 2 Promotions Extensions","Promo Bar","$99","5 reviews","https://www.mageplaza.com/assets/img/extensions/promo-bar.png","","https://www.mageplaza.com/magento-2-promo-bar/"
"1587995106-604","https://www.mageplaza.com/magento-2-extensions/security.html","Magento 2 Security Extensions","GDPR","FREE","27 reviews","https://www.mageplaza.com/assets/img/extensions/magento-2-gdpr-extension.png","FREE","https://www.mageplaza.com/magento-2-gdpr-extension/"
"1587995151-860","https://www.mageplaza.com/magento-2-extensions/administration.html","Magento 2 Administration Extensions","Zoho CRM integration","$299","","https://www.mageplaza.com/assets/img/extensions/zoho-crm.png","","https://www.mageplaza.com/magento-2-zoho-crm-integration-extension/"
"1587995133-754","https://www.mageplaza.com/magento-2-extensions/product-enhancements.html","Magento 2 Product Enhancements Extensions","Quick View","$129","","https://www.mageplaza.com/assets/img/extensions/quick-view.png","","https://www.mageplaza.com/magento-2-quick-view/"
"1587995129-740","https://www.mageplaza.com/magento-2-extensions/promotions.html","Magento 2 Promotions Extensions","Sales Pop","$0","","https://www.mageplaza.com/assets/img/extensions/sales-pop.png","-100%","https://www.mageplaza.com/magento-2-sales-pop/"
"1587995112-622","https://www.mageplaza.com/magento-2-extensions/cro.html","Magento 2 CRO Extensions","Daily Deal","$149","7 reviews","https://www.mageplaza.com/assets/img/extensions/daily-deal.png","","https://www.mageplaza.com/magento-2-daily-deal-extension/"
"1587995118-654","https://www.mageplaza.com/magento-2-extensions/user-experience.html","Magento 2 User Experience - UX","Store Switcher","$149","3 reviews","https://www.mageplaza.com/assets/img/extensions/store-switcher.png","","https://www.mageplaza.com/magento-2-store-switcher/"
"1587995125-722","https://www.mageplaza.com/magento-2-extensions/sales-motivation.html","Magento 2 Sales Motivation Extensions","null","null","null","","null",""
"1587995120-682","https://www.mageplaza.com/magento-2-extensions/shipping-payment.html","Magento 2 Shipping & Fee Extensions","Multiple Shipping Flat Rates","FREE","14 reviews","https://www.mageplaza.com/assets/img/extensions/mulitple-shipping-flat-rates.png","FREE","https://www.mageplaza.com/magento-2-multi-flat-rates-shipping/"
