web-scraper-order,web-scraper-start-url,price,ratings,image,link,link-href,title,description
1588453214-974,https://magecomp.com/magento-2-extensions.html?limit=60,$129.00,13 Review(s),https://q2w6m4y3.stackpathcdn.com/media/catalog/product/cache/1/small_image/241x241/9df78eab33525d08d6e5fb8d27136e95/a/d/advanced-delivery-date-320x320.png,,https://magecomp.com/magento-2-advanced-delivery-date.html,Magento 2 Advanced Delivery Date,"Magento 2 Advanced Delivery Date Extension by MageComp allows the admin to configure multiple delivery options according to the business needs such as same day delivery, next day delivery or scheduled delivery."
1588453214-937,https://magecomp.com/magento-2-extensions.html?limit=60,$79.00,4 Review(s),https://q2w6m4y3.stackpathcdn.com/media/catalog/product/cache/1/small_image/241x241/9df78eab33525d08d6e5fb8d27136e95/a/d/advanced-extra-fee-320x320.png,,https://magecomp.com/magento-2-advanced-extra-fee.html,Magento 2 Advanced Extra Fee,Magento 2 Advanced Extra Fee by MageComp allows you to charge your customer by offering extra paid services & your customer can buy services if needed while checkout.
1588453210-900,https://magecomp.com/magento-2-extensions.html?limit=60&p=2,$49.00,19 Review(s),https://q2w6m4y3.stackpathcdn.com/media/catalog/product/cache/1/small_image/241x241/9df78eab33525d08d6e5fb8d27136e95/a/f/affiliate_product_links_1.png,,https://magecomp.com/magento-2-affiliate-product-links.html,Magento 2 Affiliate Product Links,Magento 2 Affiliate Product Links allow adding affiliate product in Magento with an external product links to redirect customers to seller’s web store.
1588453214-985,https://magecomp.com/magento-2-extensions.html?limit=60,$95.00,23 Review(s),https://q2w6m4y3.stackpathcdn.com/media/catalog/product/cache/1/small_image/241x241/9df78eab33525d08d6e5fb8d27136e95/a/l/alipay_cross_border_payment_1.png,,https://magecomp.com/magento-2-alipay-cross-border.html,Magento 2 Alipay Cross Border Payment,Magento 2 Alipay Cross Border Payment extension integrates Magento with Alipay Cross Border Payment Gateway to allow store owners to accept payments in China.
1588453214-964,https://magecomp.com/magento-2-extensions.html?limit=60,$129.00,7 Review(s),https://q2w6m4y3.stackpathcdn.com/media/catalog/product/cache/1/small_image/241x241/9df78eab33525d08d6e5fb8d27136e95/m/2/m2-amazon-s3-320x320.png,,https://magecomp.com/magento-2-amazon-s3.html,Magento 2 Amazon S3,"Magento 2 Amazon S3(Simple Storage Service) Extension by MageComp helps upload and sync your Magento 2 store’s downloadable products, images, and catalog to the Amazon S3 AWS servers."
1588453214-976,https://magecomp.com/magento-2-extensions.html?limit=60,$49.00,null,https://q2w6m4y3.stackpathcdn.com/media/catalog/product/cache/1/small_image/241x241/9df78eab33525d08d6e5fb8d27136e95/a/u/auto-cancel-order.png,,https://magecomp.com/magento-2-auto-cancel-order.html,Magento 2 Auto Cancel Order,Magento 2 Auto Cancel Order Extension by MageComp allows the store owner to cancel orders automatically if there is pending payment status after a specific date.
1588453210-910,https://magecomp.com/magento-2-extensions.html?limit=60&p=2,$49.00,22 Review(s),https://q2w6m4y3.stackpathcdn.com/media/catalog/product/cache/1/small_image/241x241/9df78eab33525d08d6e5fb8d27136e95/a/u/auto_customer_group_switching.png,,https://magecomp.com/magento-2-auto-customer-group-switching.html,Magento 2 Auto Customer Group Switching,"Magento 2 Auto Customer Group Switching moves users to specific customer groups based on order total, order count, account age, product IDs and category IDs."
1588453214-968,https://magecomp.com/magento-2-extensions.html?limit=60,$35.00,4 Review(s),https://q2w6m4y3.stackpathcdn.com/media/catalog/product/cache/1/small_image/241x241/9df78eab33525d08d6e5fb8d27136e95/a/u/auto-invoice-and-shipment-.320x320.png,,https://magecomp.com/magento-2-auto-invoice-and-shipment.html,Magento 2 Auto Invoice and Shipment,Magento 2 Auto Invoice and Shipment Extension by MageComp allows the store owner to automate invoicing and shipment process once the order payment is completed.
1588453210-929,https://magecomp.com/magento-2-extensions.html?limit=60&p=2,$99.00,19 Review(s),https://q2w6m4y3.stackpathcdn.com/media/catalog/product/cache/1/small_image/241x241/9df78eab33525d08d6e5fb8d27136e95/a/x/axis_payment_gateway.png,,https://magecomp.com/magento-2-axis-payment-gateway.html,Magento 2 Axis Payment Gateway,Magento 2 Axis Payment Gateway extension allows collecting online secured payments on your Magento 2 stores through all major cards.
1588453214-980,https://magecomp.com/magento-2-extensions.html?limit=60,$49.00,29 Review(s),https://q2w6m4y3.stackpathcdn.com/media/catalog/product/cache/1/small_image/241x241/9df78eab33525d08d6e5fb8d27136e95/c/a/call_for_price_1.png,,https://magecomp.com/magento-2-call-for-price.html,Magento 2 Call For Price,Magento 2 Call for Price extension helps hiding product price and Add to Cart and replace it with Call For Price button to encourage visitors to contact you for quote.
1588453214-936,https://magecomp.com/magento-2-extensions.html?limit=60,$49.00,9 Review(s),https://q2w6m4y3.stackpathcdn.com/media/catalog/product/cache/1/small_image/241x241/9df78eab33525d08d6e5fb8d27136e95/c/a/cancel-order-320x320.png,,https://magecomp.com/magento-2-cancel-order.html,Magento 2 Cancel Order,Magento 2 Cancel Order Extension gives an ability to your customers for easily canceling the processing as well as pending status order at any time from their account section.
1588453214-945,https://magecomp.com/magento-2-extensions.html?limit=60,$59.00,15 Review(s),https://q2w6m4y3.stackpathcdn.com/media/catalog/product/cache/1/small_image/241x241/9df78eab33525d08d6e5fb8d27136e95/c/o/cod_verification.png,,https://magecomp.com/magento-2-cash-on-delivery-verification.html,Magento 2 Cash On Delivery Verification,Magento 2 Cash On Delivery Verification extension by MageComp helps store owner to avoid bogus & fake orders by verifying customers mobile number when they prefer cash on delivery payment method.
1588453214-938,https://magecomp.com/magento-2-extensions.html?limit=60,$39.00,6 Review(s),https://q2w6m4y3.stackpathcdn.com/media/catalog/product/cache/1/small_image/241x241/9df78eab33525d08d6e5fb8d27136e95/c/h/checkout-success-page-320x320.png,,https://magecomp.com/magento-2-checkout-success-page.html,Magento 2 Checkout Success Page,Magento 2 Checkout Success Page Extension by MageComp allows the store owner to display the whole store summary on checkout success page instead of typical Magento thank you page.
1588453214-965,https://magecomp.com/magento-2-extensions.html?limit=60,$49.00,10 Review(s),https://q2w6m4y3.stackpathcdn.com/media/catalog/product/cache/1/small_image/241x241/9df78eab33525d08d6e5fb8d27136e95/c/i/city-and-region-manager-320x320.png,,https://magecomp.com/magento-2-city-and-region-manager.html,Magento 2 City and Region Manager,Magento 2 City and Region Manager Extension by MageComp allows the admin to add custom shipping regions to display in store frontend where they serve orders shipping.
1588453210-921,https://magecomp.com/magento-2-extensions.html?limit=60&p=2,$79.00,25 Review(s),https://q2w6m4y3.stackpathcdn.com/media/catalog/product/cache/1/small_image/241x241/9df78eab33525d08d6e5fb8d27136e95/c/u/custom_options_absolute_price.png,,https://magecomp.com/magento-2-custom-options-absolute-price.html,Magento 2 Custom Options Absolute Price,Magento 2 Custom Options Absolute Price allows adding one off charges as absolute pricing to Magento store products.
1588453214-963,https://magecomp.com/magento-2-extensions.html?limit=60,$49.00,null,https://q2w6m4y3.stackpathcdn.com/media/catalog/product/cache/1/small_image/241x241/9df78eab33525d08d6e5fb8d27136e95/m/a/magento_2_custom_order_number.png,,https://magecomp.com/magento-2-custom-order-number.html,Magento 2 Custom Order Number,"Magento 2 Custom Order Number extension by MageComp allows you to modify order ID by utilizing the distinct values like prefixes, date variables, random numbers etc."
1588453214-952,https://magecomp.com/magento-2-extensions.html?limit=60,$35.00,19 Review(s),https://q2w6m4y3.stackpathcdn.com/media/catalog/product/cache/1/small_image/241x241/9df78eab33525d08d6e5fb8d27136e95/c/u/custom_price_product_image.png,,https://magecomp.com/magento-2-custom-price.html,Magento 2 Custom Price Extension,Magento 2 Custom Price Extension by MageComp allows store admin set minimum product price & let customer enter their own product price to purchase store product.
1588453210-899,https://magecomp.com/magento-2-extensions.html?limit=60&p=2,$29.00,22 Review(s),https://q2w6m4y3.stackpathcdn.com/media/catalog/product/cache/1/small_image/241x241/9df78eab33525d08d6e5fb8d27136e95/c/u/custom_redirect.png,,https://magecomp.com/magento-2-custom-redirect.html,Magento 2 Custom Redirect,"Magento 2 Custom Redirect extension by MageComp allows redirecting users to specific URLs after registration, login, logout & product add to cart events."
1588453210-926,https://magecomp.com/magento-2-extensions.html?limit=60&p=2,$79.00,29 Review(s),https://q2w6m4y3.stackpathcdn.com/media/catalog/product/cache/1/small_image/241x241/9df78eab33525d08d6e5fb8d27136e95/c/u/custom_stock_status.png,,https://magecomp.com/magento-2-custom-stock-status.html,Magento 2 Custom Stock Status,Magento 2 Custom Stock Status Extension by MageComp allows store owner replacing default Magento 2 stock status with precise and understandable stock statuses and your custom message about product availability.
1588453214-941,https://magecomp.com/magento-2-extensions.html?limit=60,$39.00,11 Review(s),https://q2w6m4y3.stackpathcdn.com/media/catalog/product/cache/1/small_image/241x241/9df78eab33525d08d6e5fb8d27136e95/c/u/customer-account-links-manager-320x320_1.png,,https://magecomp.com/magento-2-customer-account-links-manager.html,Magento 2 Customer Account Links Manager,Magento 2 Customer Account Links Manager Extension Lets you manage frontend customer account dashboard links.
1588453210-917,https://magecomp.com/magento-2-extensions.html?limit=60&p=2,$69.00,14 Review(s),https://q2w6m4y3.stackpathcdn.com/media/catalog/product/cache/1/small_image/241x241/9df78eab33525d08d6e5fb8d27136e95/c/u/customer-approval-320x320.png,,https://magecomp.com/magento-2-customer-approval.html,Magento 2 Customer Approval,Magento 2 Customer Approval Extension by MageComp let store owner manually approved customer accounts from the frontend registrations.
1588453210-915,https://magecomp.com/magento-2-extensions.html?limit=60&p=2,$29.00,12 Review(s),https://q2w6m4y3.stackpathcdn.com/media/catalog/product/cache/1/small_image/241x241/9df78eab33525d08d6e5fb8d27136e95/d/e/delete_customer.png,,https://magecomp.com/magento-2-delete-customer.html,Magento 2 Delete Customer,Magento 2 Delete Customer extension let store customer quickly remove their account from their ‘my account’ section and discontinued service at any time without requesting to store admin.
1588453210-908,https://magecomp.com/magento-2-extensions.html?limit=60&p=2,$49.00,29 Review(s),https://q2w6m4y3.stackpathcdn.com/media/catalog/product/cache/1/small_image/241x241/9df78eab33525d08d6e5fb8d27136e95/d/e/delivery_date.png,,https://magecomp.com/magento-2-delivery-date.html,Magento 2 Delivery Date,Magento 2 Delivery Date extension allows customers to choose preferable date for product delivery.
1588453214-932,https://magecomp.com/magento-2-extensions.html?limit=60,$129.00,9 Review(s),https://q2w6m4y3.stackpathcdn.com/media/catalog/product/cache/1/small_image/241x241/9df78eab33525d08d6e5fb8d27136e95/d/i/distance-based-shipping-320x320.png,,https://magecomp.com/magento-2-distance-based-shipping.html,Magento 2 Distance Based Shipping Extension,Magento 2 Distance Based Shipping Extension by MageComp allows the store owner to charge shipping based on distance from their warehouse to customer’s location.
1588453214-966,https://magecomp.com/magento-2-extensions.html?limit=60,$79.00,3 Review(s),https://q2w6m4y3.stackpathcdn.com/media/catalog/product/cache/1/small_image/241x241/9df78eab33525d08d6e5fb8d27136e95/e/a/easy-coupon-manager-320x320.png,,https://magecomp.com/magento-2-easy-coupon-manager.html,Magento 2 Easy Coupon Manager,Magneto 2 Easy Coupon Manager Extension by MageComp let the store admin add multiple coupon codes to display in frontend shopping cart page as a dropdown option.
1588453210-927,https://magecomp.com/magento-2-extensions.html?limit=60&p=2,$99.00,21 Review(s),https://q2w6m4y3.stackpathcdn.com/media/catalog/product/cache/1/small_image/241x241/9df78eab33525d08d6e5fb8d27136e95/e/b/ebs_payment_gateway.png,,https://magecomp.com/magento-2-ebs-payment.html,Magento 2 EBS Payment,Magento 2 EBS Payment Gateway extension allows collecting secured payments for customers’ purchase on your Magento 2 stores.
1588453214-939,https://magecomp.com/magento-2-extensions.html?limit=60,$99.00,4 Review(s),https://q2w6m4y3.stackpathcdn.com/media/catalog/product/cache/1/small_image/241x241/9df78eab33525d08d6e5fb8d27136e95/e/d/edge-express-320x320.png,,https://magecomp.com/magento-2-edge-express-payment-gateway.html,Magento 2 Edge Express Payment Gateway,Magento 2 Edge Express Payment Gateway by MageComp integrates OpenEdge's hosted payment checkout to perform seamless in-store transactions with its lighter API.
1588453214-954,https://magecomp.com/magento-2-extensions.html?limit=60,$79.00,17 Review(s),https://q2w6m4y3.stackpathcdn.com/media/catalog/product/cache/1/small_image/241x241/9df78eab33525d08d6e5fb8d27136e95/e/m/email_quote-1-1.png,,https://magecomp.com/magento-2-email-quote-pro.html,Magento 2 Email Quote Pro,"Magento 2 Email Quote Pro Extension allows you get quote requests from customers through front-end & create, send & manage quotations from your backend and having compatibility with Tigren PWA Theme."
1588453214-986,https://magecomp.com/magento-2-extensions.html?limit=60,$45.00,20 Review(s),https://q2w6m4y3.stackpathcdn.com/media/catalog/product/cache/1/small_image/241x241/9df78eab33525d08d6e5fb8d27136e95/e/m/email_quote-1-1_1.png,,https://magecomp.com/magento-2-email-quote.html,Magento 2 Email Quote,"Magento 2 Email Quote extension allows you get quote requests from customers through front-end & create, send & manage quotations from your backend & having compatibility with Tigren PWA Theme."
1588453214-955,https://magecomp.com/magento-2-extensions.html?limit=60,$99.00,6 Review(s),https://q2w6m4y3.stackpathcdn.com/media/catalog/product/cache/1/small_image/241x241/9df78eab33525d08d6e5fb8d27136e95/f/i/first-data-icici-320x320.png,,https://magecomp.com/magento-2-first-data-icici.html,Magento 2 First Data ICICI,Magento 2 First Data ICICI Extension will let you collect payments online securely through First Data IMS(ICICI Merchant Service) omnichannel payment gateway when Customers purchase on your Magento store.
1588453214-960,https://magecomp.com/magento-2-extensions.html?limit=60,$39.00,3 Review(s),https://q2w6m4y3.stackpathcdn.com/media/catalog/product/cache/1/small_image/241x241/9df78eab33525d08d6e5fb8d27136e95/f/o/force_login.png,,https://magecomp.com/magento-2-force-login.html,Magento 2 Force Login,Magento 2 Force Login Extension by MageComp offers you the ability to restrict certain parts of your store for all the users who are not logged in to the store.
1588453210-903,https://magecomp.com/magento-2-extensions.html?limit=60&p=2,$29.00,14 Review(s),https://q2w6m4y3.stackpathcdn.com/media/catalog/product/cache/1/small_image/241x241/9df78eab33525d08d6e5fb8d27136e95/g/e/geoip_currency_switcher.png,,https://magecomp.com/magento-2-geoip-currency-switcher.html,Magento 2 GeoIP Currency Switcher,Magento 2 GeoIP currency switcher extension automatically identifies user’s location and switches default currency to available local currency based on geographical IP location.
1588453214-961,https://magecomp.com/magento-2-extensions.html?limit=60,$35.00,3 Review(s),https://q2w6m4y3.stackpathcdn.com/media/catalog/product/cache/1/small_image/241x241/9df78eab33525d08d6e5fb8d27136e95/g/o/google-customer-reviews-320x320.png,,https://magecomp.com/magento-2-google-customer-review.html,Magento 2 Google Customer Review,Magento 2 Google Customer Reviews Extension by MageComp allows you to collect valuable feedback from your customers who purchase from your store effortlessly.
1588453210-913,https://magecomp.com/magento-2-extensions.html?limit=60&p=2,$29.00,14 Review(s),https://q2w6m4y3.stackpathcdn.com/media/catalog/product/cache/1/small_image/241x241/9df78eab33525d08d6e5fb8d27136e95/g/o/google_invisible_recaptcha.png,,https://magecomp.com/magento-2-google-invisible-recaptcha.html,Magento 2 Google Invisible ReCaptcha,"Magento 2 Google Invisible reCAPTCHA Extension by MageComp helps you adding Invisible reCAPTCHA on Contact Us page, Customer Registration, Product Review, Forgot Password page, Checkout Registration, Newsletter Subscription to identify and remove spams away from your Magento store."
1588453210-930,https://magecomp.com/magento-2-extensions.html?limit=60&p=2,$45.00,14 Review(s),https://q2w6m4y3.stackpathcdn.com/media/catalog/product/cache/1/small_image/241x241/9df78eab33525d08d6e5fb8d27136e95/g/o/google_language_translator.png,,https://magecomp.com/magento-2-google-language-translator.html,Magento 2 Google Language Translator,Magento 2 Google Language Translator allows store owner to integrate language translation tool with Magento.
1588453214-987,https://magecomp.com/magento-2-extensions.html?limit=60,$29.00,23 Review(s),https://q2w6m4y3.stackpathcdn.com/media/catalog/product/cache/1/small_image/241x241/9df78eab33525d08d6e5fb8d27136e95/g/o/google_recaptcha.png,,https://magecomp.com/magento-2-google-recaptcha.html,Magento 2 Google reCAPTCHA,Google reCAPTCHA Extension by MageComp secures your Magento 2 stores from bots and spammers without annoying your store customers with the power of Google reCAPTCHA v2 API.
1588453210-907,https://magecomp.com/magento-2-extensions.html?limit=60&p=2,$99.00,18 Review(s),https://q2w6m4y3.stackpathcdn.com/media/catalog/product/cache/1/small_image/241x241/9df78eab33525d08d6e5fb8d27136e95/h/d/hdfc_payment_gateway.png,,https://magecomp.com/magento-2-hdfc-payment-gateway.html,Magento 2 HDFC Payment Gateway,Magento 2 HDFC Payment Gateway extension allows collecting secured payments for customers’ purchase through HDFC payment gateway.
1588453210-928,https://magecomp.com/magento-2-extensions.html?limit=60&p=2,$39.00,26 Review(s),https://q2w6m4y3.stackpathcdn.com/media/catalog/product/cache/1/small_image/241x241/9df78eab33525d08d6e5fb8d27136e95/h/i/hide_price_1.png,,https://magecomp.com/magento-2-hide-price.html,Magento 2 Hide Price,Magento 2 Hide Price extension hides product price and add to cart button for not logged in customer and specific customer groups.
1588453210-920,https://magecomp.com/magento-2-extensions.html?limit=60&p=2,$99.00,19 Review(s),https://q2w6m4y3.stackpathcdn.com/media/catalog/product/cache/1/small_image/241x241/9df78eab33525d08d6e5fb8d27136e95/i/c/icici_payment_gateway.png,,https://magecomp.com/magento-2-icici-payment-gateway.html,Magento 2 ICICI Payment Gateway,Collect online secured payments on customers’ purchase through Magento 2 ICICI Payment Gateway extension.
1588453210-904,https://magecomp.com/magento-2-extensions.html?limit=60&p=2,$45.00,34 Review(s),https://q2w6m4y3.stackpathcdn.com/media/catalog/product/cache/1/small_image/241x241/9df78eab33525d08d6e5fb8d27136e95/i/n/indian_gst.png,,https://magecomp.com/magento-2-indian-gst.html,Magento 2 Indian GST,Magento 2 Indian GST extension helps creating and calculating tax rates and rules to make your Magento 2 stores GST ready.
1588453214-953,https://magecomp.com/magento-2-extensions.html?limit=60,$99.00,23 Review(s),https://q2w6m4y3.stackpathcdn.com/media/catalog/product/cache/1/small_image/241x241/9df78eab33525d08d6e5fb8d27136e95/i/n/instagram-feed-pro-320x320.png,,https://magecomp.com/magento-2-instagram-integration-pro.html,Magento 2 Instagram Feed Pro,Magento 2 Instagram Feed Pro Extension by MageComp integrates Magento with Instagram to fetch Instagram images based on username / hashtags and allows admin to tag products with image to showcase in frontend popup to create shoppable Instagram store.
1588453210-923,https://magecomp.com/magento-2-extensions.html?limit=60&p=2,$59.00,24 Review(s),https://q2w6m4y3.stackpathcdn.com/media/catalog/product/cache/1/small_image/241x241/9df78eab33525d08d6e5fb8d27136e95/i/n/instagram-feed-320x320.png,,https://magecomp.com/magento-2-instagram-integration.html,Magento 2 Instagram Feed,Magento 2 Instagram Feed Extension by MageComp integrates Magento with Instagram to fetch Instagram images based on username / hashtags and allows admin to tag products with image to showcase in frontend popup to create shoppable Instagram store.
1588453214-956,https://magecomp.com/magento-2-extensions.html?limit=60,$39.00,4 Review(s),https://q2w6m4y3.stackpathcdn.com/media/catalog/product/cache/1/small_image/241x241/9df78eab33525d08d6e5fb8d27136e95/i/n/international-telephone-input-320x320.png,,https://magecomp.com/magento-2-international-telephone-input.html,Magento 2 International Telephone Input,Magento 2 International Telephone Input Extension by MageComp allows customers to enter their Telephone Number using the International flags with dial codes of the specific country of your customers.
1588453214-957,https://magecomp.com/magento-2-extensions.html?limit=60,$149.00,4 Review(s),https://q2w6m4y3.stackpathcdn.com/media/catalog/product/cache/1/small_image/241x241/9df78eab33525d08d6e5fb8d27136e95/i/n/inventory-sync-from-api-320x320.png,,https://magecomp.com/magento-2-inventory-sync-from-api.html,Magento 2 inventory sync from API,MageComp Magento 2 Inventory Sync from API allows admins of the Magento 2 Ecommerce store to sync product quantity and data in the inventory from the source of the product to your Magento 2 store inventory with the help of smart SOAP API without any manual efforts.
1588453214-942,https://magecomp.com/magento-2-extensions.html?limit=60,$99.00,12 Review(s),https://q2w6m4y3.stackpathcdn.com/media/catalog/product/cache/1/small_image/241x241/9df78eab33525d08d6e5fb8d27136e95/j/u/juspay-payment-gateway-320x320_1.png,,https://magecomp.com/magento-2-juspay-payment-gateway.html,Magento 2 Juspay Payment Gateway,Magento 2 Juspay Payment Gateway Extension by MageComp allows store owner to securely capture payment from your store customer.
1588453214-962,https://magecomp.com/magento-2-extensions.html?limit=60,$49.00,null,https://q2w6m4y3.stackpathcdn.com/media/catalog/product/cache/1/small_image/241x241/9df78eab33525d08d6e5fb8d27136e95/l/i/limit-quantity-per-product-320x320.png,,https://magecomp.com/magento-2-limit-quantity-per-product.html,Magento 2 Limit Quantity Per Product Extension,Magento 2 Limit quantity per product Extension by MageComp allows you to set the lifetime limit for the customers to shop that particular product from your store.
1588453210-906,https://magecomp.com/magento-2-extensions.html?limit=60&p=2,$59.00,22 Review(s),https://q2w6m4y3.stackpathcdn.com/media/catalog/product/cache/1/small_image/241x241/9df78eab33525d08d6e5fb8d27136e95/m/a/matrix_rate.png,,https://magecomp.com/magento-2-matrix-rates.html,Magento 2 Matrix Rates,"Magento 2 Matrix Rates allows you customize shipping rates based on combination of product quantity, weight, price and destinations."
1588453214-977,https://magecomp.com/magento-2-extensions.html?limit=60,$29.00,24 Review(s),https://q2w6m4y3.stackpathcdn.com/media/catalog/product/cache/1/small_image/241x241/9df78eab33525d08d6e5fb8d27136e95/m/i/minimum_order_fee.png,,https://magecomp.com/magento-2-minimum-order-fee.html,Magento 2 Minimum Order Fee,Magento 2 Minimum Order Fee by MageComp allows you to charge small order fee for the purchase that is below set minimum order amount.
1588453214-984,https://magecomp.com/magento-2-extensions.html?limit=60,$45.00,25 Review(s),https://q2w6m4y3.stackpathcdn.com/media/catalog/product/cache/1/small_image/241x241/9df78eab33525d08d6e5fb8d27136e95/m/i/minimum_quantity_for_group_products.png,,https://magecomp.com/magento-2-minimum-quantity-group-products.html,Magento 2 Minimum Quantity for Group Products,Magento 2 Minimum Quantity for Group Products allows you to set minimum purchase quantity for group products.
1588453214-981,https://magecomp.com/magento-2-extensions.html?limit=60,$79.00,30 Review(s),https://q2w6m4y3.stackpathcdn.com/media/catalog/product/cache/1/small_image/241x241/9df78eab33525d08d6e5fb8d27136e95/m/o/mobile_login_1_1.png,,https://magecomp.com/magento-2-mobile-login.html,Mobile login,Magento 2 Mobile Login Extension by MageComp let your store customer quickly login using their registered mobile number by sending a One Time Password (OTP) for login.
1588453214-978,https://magecomp.com/magento-2-extensions.html?limit=60,$35.00,35 Review(s),https://q2w6m4y3.stackpathcdn.com/media/catalog/product/cache/1/small_image/241x241/9df78eab33525d08d6e5fb8d27136e95/m/u/multiple_flat_rate_shipping.png,,https://magecomp.com/magento-2-multiple-flat-rate-shipping.html,Magento 2 Multiple Flat Rate Shipping,Multiple Flat Rate Shipping Extension by MageComp helps you create & configure custom flat rate shipping methods based on different conditions and pricing.
1588453214-973,https://magecomp.com/magento-2-extensions.html?limit=60,$139.00,8 Review(s),https://q2w6m4y3.stackpathcdn.com/media/catalog/product/cache/1/small_image/241x241/9df78eab33525d08d6e5fb8d27136e95/m/u/multivendor-indian-gst-320x320.png,,https://magecomp.com/magento-2-multivendor-indian-gst.html,Magento 2 Multi-Vendor Indian GST,Magento 2 Indian GST Extension helps to create and calculating tax rates and rules to make your marketplace GST ready based on seller's business type.
1588453214-972,https://magecomp.com/magento-2-extensions.html?limit=60,$149.00,4 Review(s),https://q2w6m4y3.stackpathcdn.com/media/catalog/product/cache/1/small_image/241x241/9df78eab33525d08d6e5fb8d27136e95/m/u/multivendor-sms-notification-basic-320x320.png,,https://magecomp.com/magento-2-multivendor-sms-notification-basic.html,Magento 2 MultiVendor SMS Notification Basic Extension,"Magento 2 MultiVendor SMS Notification Basic Extension by MageComp works with Webkul Multivendor Marketplace Extension for now that notifies your store vendors as well as customers about their order status activities through SMS immediately.
You can ask same with any other multi vendor extension as well. Contact Us to Discuss regarding."
1588453214-971,https://magecomp.com/magento-2-extensions.html?limit=60,$149.00,4 Review(s),https://q2w6m4y3.stackpathcdn.com/media/catalog/product/cache/1/small_image/241x241/9df78eab33525d08d6e5fb8d27136e95/m/u/multivendor-whatsapp-contact-pro-320x320.png,,https://magecomp.com/magento-2-multivendor-whatsapp-contact-pro.html,Magento 2 Multivendor WhatsApp Contact Pro Extension,"Magento 2 Multivendor WhatsApp Contact Pro Extension by MageComp works with Webkul Multivendor Marketplace Extension for now that allows store vendors to get in touch with their customer by displaying WhatsApp contact icon on their product page.

You can ask same with any other multi vendor extension as well. Contact Us to Discuss regarding."
1588453214-931,https://magecomp.com/magento-2-extensions.html?limit=60,$45.00,10 Review(s),https://q2w6m4y3.stackpathcdn.com/media/catalog/product/cache/1/small_image/241x241/9df78eab33525d08d6e5fb8d27136e95/o/r/order_on_whatsapp_1.png,,https://magecomp.com/magento-2-order-on-whatsapp.html,Magento 2 Order on WhatsApp,Magento 2 Order on WhatsApp Extension by MageComp allows your customer to quickly order product on popular messaging app WhatsApp right from the product page.
1588453214-982,https://magecomp.com/magento-2-extensions.html?limit=60,$39.00,29 Review(s),https://q2w6m4y3.stackpathcdn.com/media/catalog/product/cache/1/small_image/241x241/9df78eab33525d08d6e5fb8d27136e95/o/r/order_status.png,,https://magecomp.com/magento-2-order-status.html,Magento 2 Order Status,Magento 2 Order Status allows store owners to create unlimited order statuses to ease order processing and inform customers for status change.
1588453214-950,https://magecomp.com/magento-2-extensions.html?limit=60,$59.00,17 Review(s),https://q2w6m4y3.stackpathcdn.com/media/catalog/product/cache/1/small_image/241x241/9df78eab33525d08d6e5fb8d27136e95/o/u/out_of_stock_notification.png,,https://magecomp.com/magento-2-out-of-stock-notification.html,Magento 2 Out of Stock Notification,Magento 2 Out of Stock Notification Extension by MageComp let store customer subscribe back in stock notification via Email or SMS for the out of stock product which is currently unavailable for purchase.
1588453214-944,https://magecomp.com/magento-2-extensions.html?limit=60,$39.00,17 Review(s),https://q2w6m4y3.stackpathcdn.com/media/catalog/product/cache/1/small_image/241x241/9df78eab33525d08d6e5fb8d27136e95/o/u/out_of_stock_products.png,,https://magecomp.com/magento-2-out-of-stock-products-list.html,Magento 2 Out of Stock Products List,Magento 2 Out of Stock List Extension allows store owner quickly grab a list of products that are currently out of stock in store also store owner can quickly add more quantity by clicking a link to product details page.
1588453210-911,https://magecomp.com/magento-2-extensions.html?limit=60&p=2,$45.00,24 Review(s),https://q2w6m4y3.stackpathcdn.com/media/catalog/product/cache/1/small_image/241x241/9df78eab33525d08d6e5fb8d27136e95/p/a/payment_fee_2.png,,https://magecomp.com/magento-2-payment-fee.html,Magento 2 Payment Fee,Magento 2 Payment Fee extension allows store owners to charge their customers for selecting a specific payment method to complete their product purchase from all available payment methods.
1588453214-935,https://magecomp.com/magento-2-extensions.html?limit=60,$49.00,6 Review(s),https://q2w6m4y3.stackpathcdn.com/media/catalog/product/cache/1/small_image/241x241/9df78eab33525d08d6e5fb8d27136e95/p/r/product_attachments_1.png,,https://magecomp.com/magento-2-product-attachments.html,Magento 2 Product Attachments,Magento 2 Product Attachments Extension allows the store owner to upload up to 10 different product attachments to display on store frontend.
1588453210-912,https://magecomp.com/magento-2-extensions.html?limit=60&p=2,$45.00,13 Review(s),https://q2w6m4y3.stackpathcdn.com/media/catalog/product/cache/1/small_image/241x241/9df78eab33525d08d6e5fb8d27136e95/p/r/product-fees-3.png,,https://magecomp.com/magento-2-product-fee.html,Magento 2 Product Fees,Magento 2 Product Fees Extension by MageComp allows the store owner to create and apply similar or unique product surcharges and fees on customers’ purchase.
1588453214-949,https://magecomp.com/magento-2-extensions.html?limit=60,$99.00,11 Review(s),https://q2w6m4y3.stackpathcdn.com/media/catalog/product/cache/1/small_image/241x241/9df78eab33525d08d6e5fb8d27136e95/p/r/proxy-pay-3.png,,https://magecomp.com/magento-2-proxy-pay.html,Magento 2 Proxy Pay Gateway,Magento 2 Proxy Pay Extension by MageComp let store owner easily collect payment in Kwanzas (currency of Angola) using References.
1588453214-948,https://magecomp.com/magento-2-extensions.html?limit=60,$35.00,13 Review(s),https://q2w6m4y3.stackpathcdn.com/media/catalog/product/cache/1/small_image/241x241/9df78eab33525d08d6e5fb8d27136e95/q/u/quantity_dropdown.png,,https://magecomp.com/magento-2-quantity-dropdown.html,Magento 2 Quantity Dropdown,Magento 2 Quantity Dropdown Extension by MageComp let store owners replace the quantity box with a product quantity dropdown to display bulk quantities with respective price.
1588453214-989,https://magecomp.com/magento-2-extensions.html?limit=60,$49.00,22 Review(s),https://q2w6m4y3.stackpathcdn.com/media/catalog/product/cache/1/small_image/241x241/9df78eab33525d08d6e5fb8d27136e95/r/e/recent_sales_notification.png,,https://magecomp.com/magento-2-recent-sales-notification.html,Magento 2 Recent Sales Notification,Magento 2 Recent Sales Notification shows real time sales notification to your online website visitors.
1588453210-909,https://magecomp.com/magento-2-extensions.html?limit=60&p=2,$29.00,21 Review(s),https://q2w6m4y3.stackpathcdn.com/media/catalog/product/cache/1/small_image/241x241/9df78eab33525d08d6e5fb8d27136e95/r/e/refund_request.png,,https://magecomp.com/magento-2-refund-request.html,Magento 2 Refund Request,Magento 2 Refund Request provides customers an easy way to request for refunds or returns and thus improves store shopping experience.
1588453214-990,https://magecomp.com/magento-2-extensions.html?limit=60,$45.00,23 Review(s),https://q2w6m4y3.stackpathcdn.com/media/catalog/product/cache/1/small_image/241x241/9df78eab33525d08d6e5fb8d27136e95/r/e/restrict_cash_on_delivery.png,,https://magecomp.com/magento-2-restrict-cash-on-delivery.html,Magento 2 Restrict Cash On Delivery,Restrict Cash on Delivery payment method for specific locations based on zip codes in Magento 2 with import zip codes through CSV feature.
1588453214-943,https://magecomp.com/magento-2-extensions.html?limit=60,$39.00,13 Review(s),https://q2w6m4y3.stackpathcdn.com/media/catalog/product/cache/1/small_image/241x241/9df78eab33525d08d6e5fb8d27136e95/r/e/restrict-fake-registration-m2-320x320.png,,https://magecomp.com/magento-2-restrict-fake-registration.html,Magento 2 Restrict Fake Registration,Magento 2 Restrict Fake Registration Extension by MageComp helps store admin to prevent fake customer registration and email signups with the power of Google ReCAPTCHA.
1588453214-975,https://magecomp.com/magento-2-extensions.html?limit=60,$49.00,4 Review(s),https://q2w6m4y3.stackpathcdn.com/media/catalog/product/cache/1/small_image/241x241/9df78eab33525d08d6e5fb8d27136e95/r/e/restrict-order-320x320.png,,https://magecomp.com/magento-2-restrict-order.html,Magento 2 Restrict Order,"Magneto 2 Restrict Order Extension by MageComp allows the store owner to restrict specific customer group orders based on country, city or zip code."
1588453210-914,https://magecomp.com/magento-2-extensions.html?limit=60&p=2,$29.00,17 Review(s),https://q2w6m4y3.stackpathcdn.com/media/catalog/product/cache/1/small_image/241x241/9df78eab33525d08d6e5fb8d27136e95/r/e/review_reminder.png,,https://magecomp.com/magento-2-review-reminder.html,Magento 2 Review Reminder,Magento Review Reminder extension allows the store owner to encourage their store customers and sending review reminder Email after their product purchase.
1588453210-916,https://magecomp.com/magento-2-extensions.html?limit=60&p=2,$45.00,20 Review(s),https://q2w6m4y3.stackpathcdn.com/media/catalog/product/cache/1/small_image/241x241/9df78eab33525d08d6e5fb8d27136e95/r/e/review-import.png,,https://magecomp.com/magento-2-reviews-import.html,Magento 2 Reviews Import,Magento 2 Reviews Import Extension let store owner bulk import and export product reviews for multiple store products just by uploading CSV file from store backend.
1588453214-967,https://magecomp.com/magento-2-extensions.html?limit=60,$139.00,6 Review(s),https://q2w6m4y3.stackpathcdn.com/media/catalog/product/cache/1/small_image/241x241/9df78eab33525d08d6e5fb8d27136e95/s/a/save_cart_pro.png,,https://magecomp.com/magento-2-save-cart.html,Magento 2 Save Cart Pro,Magento 2 Save Cart extension by MageComp helps website visitors to save items in shopping cart to purchase in future or to duplicate previous orders.
1588453210-905,https://magecomp.com/magento-2-extensions.html?limit=60&p=2,$89.00,18 Review(s),https://q2w6m4y3.stackpathcdn.com/media/catalog/product/cache/1/small_image/241x241/9df78eab33525d08d6e5fb8d27136e95/s/a/save_cart.png,,https://magecomp.com/magento-2-save-cart.html,Magento 2 Save Cart,Magento 2 Save Cart extension by MageComp helps website visitors to save items in shopping cart to purchase in future or to duplicate previous orders.
1588453210-919,https://magecomp.com/magento-2-extensions.html?limit=60&p=2,$99.00,20 Review(s),https://q2w6m4y3.stackpathcdn.com/media/catalog/product/cache/1/small_image/241x241/9df78eab33525d08d6e5fb8d27136e95/s/b/sbi_payment_gateway.png,,https://magecomp.com/magento-2-sbi-payment-gateway.html,Magento 2 SBI Payment Gateway,Magento 2 SBI Payment Gateway extension integrates Magento 2 with State Bank of India Payment Gateway in order to collect secured online payments on your store.
1588453214-946,https://magecomp.com/magento-2-extensions.html?limit=60,$45.00,12 Review(s),https://q2w6m4y3.stackpathcdn.com/media/catalog/product/cache/1/small_image/241x241/9df78eab33525d08d6e5fb8d27136e95/s/h/shipping_payment_restrictions_for_customer_groups.png,,https://magecomp.com/magento-2-shipping-and-payment-restrictions-for-customer-groups.html,Shipping & Payment Restrictions For Customer Groups,Shipping & Payment Restrictions for Customer Groups Extension by MageComp let store owners quickly restrict shipping & payment methods for specific Magento 2 customers groups.
1588453214-947,https://magecomp.com/magento-2-extensions.html?limit=60,$45.00,10 Review(s),https://q2w6m4y3.stackpathcdn.com/media/catalog/product/cache/1/small_image/241x241/9df78eab33525d08d6e5fb8d27136e95/s/h/shipping_per_product.png,,https://magecomp.com/magento-2-shipping-per-product.html,Magento 2 Shipping Per Product,Magento 2 Shipping Per Product extension by MageComp let store owner set global & individual shipping rate per product inside their store.
1588453214-958,https://magecomp.com/magento-2-extensions.html?limit=60,$199.00,7 Review(s),https://q2w6m4y3.stackpathcdn.com/media/catalog/product/cache/1/small_image/241x241/9df78eab33525d08d6e5fb8d27136e95/i/n/instagram-shoppable-240x240.png,,https://magecomp.com/magento-2-shoppable-instagram.html,Magento 2 Shoppable Instagram,"This extension will make your Instagram into Shoppable Instagram. With this, you not only tag the products in your feeds and stories, but you can also allow your followers to grab the product in just a few clicks from Instagram itself."
1588453214-979,https://magecomp.com/magento-2-extensions.html?limit=60,$39.00,31 Review(s),https://q2w6m4y3.stackpathcdn.com/media/catalog/product/cache/1/small_image/241x241/9df78eab33525d08d6e5fb8d27136e95/s/i/size_chart_1.png,,https://magecomp.com/magento-2-size-chart.html,Magento 2 Size Chart,"Magento 2 Size Chart extension helps buyers making quick sizing decisions for clothing, footwear and other wearable products."
1588453214-940,https://magecomp.com/magento-2-extensions.html?limit=60,$129.00,17 Review(s),https://q2w6m4y3.stackpathcdn.com/media/catalog/product/cache/1/small_image/241x241/9df78eab33525d08d6e5fb8d27136e95/s/m/sms-notification-pro-320x320.png,,https://magecomp.com/magento-2-sms-notification-pro.html,Magento 2 SMS Notification Pro,Magento 2 SMS Notification Extension by MageComp notifies store customers & admin regarding different status activities as well as you can send Bulk SMS to your customers.
1588453210-922,https://magecomp.com/magento-2-extensions.html?limit=60&p=2,$0.00,37 Review(s),https://q2w6m4y3.stackpathcdn.com/media/catalog/product/cache/1/small_image/241x241/9df78eab33525d08d6e5fb8d27136e95/s/m/sms_notification.png,,https://magecomp.com/magento-2-sms-notification.html,Magento 2 SMS Notification,Magento 2 SMS Notification Extension provides facility to notify customers about various order status activities through text messages.
1588453214-970,https://magecomp.com/magento-2-extensions.html?limit=60,$99.00,4 Review(s),https://q2w6m4y3.stackpathcdn.com/media/catalog/product/cache/1/small_image/241x241/9df78eab33525d08d6e5fb8d27136e95/s/q/square-payment-320x320.png,,https://magecomp.com/magento-2-square-payment-gateway.html,Magento 2 Square Payment Gateway,Magneto 2 Square Payment Extension by MageComp allows you to securely capture payment from your store customer using a renowned and secure payment gateway - Square.
1588453214-934,https://magecomp.com/magento-2-extensions.html?limit=60,$125.00,6 Review(s),https://q2w6m4y3.stackpathcdn.com/media/catalog/product/cache/1/small_image/241x241/9df78eab33525d08d6e5fb8d27136e95/s/t/store-locator-320x320.png,,https://magecomp.com/magento-2-store-locator.html,Magento 2 Store Locator Extension,Magento 2 Store Locator Extension by MageComp allows the admin to display the list of their stores and let customers locate a nearby store and find the information directly on Google Map.
1588453210-925,https://magecomp.com/magento-2-extensions.html?limit=60&p=2,$99.00,29 Review(s),https://q2w6m4y3.stackpathcdn.com/media/catalog/product/cache/1/small_image/241x241/9df78eab33525d08d6e5fb8d27136e95/s/u/surcharge.png,,https://magecomp.com/magento-2-surcharge.html,Magento 2 Surcharge,"Magento 2 Surcharge helps charging customers’ orders with additional fees or charges like small order fee, group surcharge, country & region fee and product surcharge."
1588453214-988,https://magecomp.com/magento-2-extensions.html?limit=60,$45.00,29 Review(s),https://q2w6m4y3.stackpathcdn.com/media/catalog/product/cache/1/small_image/241x241/9df78eab33525d08d6e5fb8d27136e95/t/i/tier_price.png,,https://magecomp.com/magento-2-tier-price.html,Magento 2 Tier Price,"Magento 2 Tier Price extension will allow you to display the quantity of tier price in the drop down which you want to let your customer purchase.

Now Get The Extension at a Discounted Price for Limited Time!"
1588453210-918,https://magecomp.com/magento-2-extensions.html?limit=60&p=2,$99.00,20 Review(s),https://q2w6m4y3.stackpathcdn.com/media/catalog/product/cache/1/small_image/241x241/9df78eab33525d08d6e5fb8d27136e95/u/b/ubi_payment_gateway.png,,https://magecomp.com/magento-2-ubi-payment-gateway.html,Magento 2 UBI Payment Gateway,Magento 2 UBI Payment extension integrates Magento 2 with Union Bank of India Payment Gateway to collect secured online payments on your store.
1588453214-959,https://magecomp.com/magento-2-extensions.html?limit=60,$99.00,1 Review(s),https://q2w6m4y3.stackpathcdn.com/media/catalog/product/cache/1/small_image/241x241/9df78eab33525d08d6e5fb8d27136e95/v/i/virtual-keyboard-320x320.png,,https://magecomp.com/magento-2-virtual-keyboard.html,Magento 2 Virtual Keyboard,Magento 2 Virtual keyboard allows your customer to customize their product with whatever text they wish and you can charge your customer for every character they add respectively.
1588453214-983,https://magecomp.com/magento-2-extensions.html?limit=60,$45.00,18 Review(s),https://q2w6m4y3.stackpathcdn.com/media/catalog/product/cache/1/small_image/241x241/9df78eab33525d08d6e5fb8d27136e95/w/e/wepay_payment_gateway.png,,https://magecomp.com/magento-2-wepay.html,Magento 2 Wepay Integration,Magento 2 Wepay Payment Gateway Extension allows you collect secure and fast payments from all credit cards and bank accounts.
1588453214-933,https://magecomp.com/magento-2-extensions.html?limit=60,$69.00,9 Review(s),https://q2w6m4y3.stackpathcdn.com/media/catalog/product/cache/1/small_image/241x241/9df78eab33525d08d6e5fb8d27136e95/w/h/whatsapp-contact--pro-m2-320x320_1.png,,https://magecomp.com/magento-2-whatsapp-contact-pro.html,Magento 2 WhatsApp Contact Pro,Magento 2 WhatsApp Contact Pro Extension that allows let your customers get WhatsApp support from department operators for a better resolution to their queries.
1588453210-901,https://magecomp.com/magento-2-extensions.html?limit=60&p=2,$29.00,12 Review(s),https://q2w6m4y3.stackpathcdn.com/media/catalog/product/cache/1/small_image/241x241/9df78eab33525d08d6e5fb8d27136e95/w/h/whatsapp_contact_extension.png,,https://magecomp.com/magento-2-whatsapp-contact.html,Magento 2 WhatsApp Contact,Use Magento 2 WhatsApp Contact extension by MageComp to let your customers quickly connect with you just with a single button click.
1588453214-969,https://magecomp.com/magento-2-extensions.html?limit=60,$79.00,7 Review(s),https://q2w6m4y3.stackpathcdn.com/media/catalog/product/cache/1/small_image/241x241/9df78eab33525d08d6e5fb8d27136e95/w/h/whatsapp-order-notification-ultimate-320x320.png,,https://magecomp.com/magento-2-whatsapp-order-notification.html,Magento 2 WhatsApp Order Notification Ultimate,"Magento 2 WhatsApp Order Notification Extension sends personalized Order Status Notification directly to your customer's WhatsApp number.
Find WhatsApp Credit Purchase in our Service menu.You can also Send Notification From Your WhatsApp Number."
1588453214-951,https://magecomp.com/magento-2-extensions.html?limit=60,$0.00,11 Review(s),https://q2w6m4y3.stackpathcdn.com/media/catalog/product/cache/1/small_image/241x241/9df78eab33525d08d6e5fb8d27136e95/w/h/whatsapp-order-notification-3_1.png,,https://magecomp.com/magento-2-whatsapp-order-notification.html,Magento WhatsApp Order Notification,Magento 2 WhatsApp Order Notification Extension sends personalized Order Status Notification directly to your customer's WhatsApp number.Find WhatsApp Credit Purchase in our Service menu.You can also Send Notification From Your WhatsApp Number.
1588453210-902,https://magecomp.com/magento-2-extensions.html?limit=60&p=2,$79.00,11 Review(s),https://q2w6m4y3.stackpathcdn.com/media/catalog/product/cache/1/small_image/241x241/9df78eab33525d08d6e5fb8d27136e95/w/h/whatsapp_share_cart_extension.png,,https://magecomp.com/magento-2-whatsapp-share-cart.html,WhatsApp Share Cart,Magento 2 WhatsApp share cart extension let your customers share their product cart with their loved ones on a widely used messaging app called WhatsApp.
1588453210-924,https://magecomp.com/magento-2-extensions.html?limit=60&p=2,$29.00,24 Review(s),https://q2w6m4y3.stackpathcdn.com/media/catalog/product/cache/1/small_image/241x241/9df78eab33525d08d6e5fb8d27136e95/w/h/whatsapp_share.png,,https://magecomp.com/magento-2-whatsapp-share.html,Magento 2 WhatsApp Share,Magento 2 WhatsApp Share provides facility to share Magento store products along with other details through WhatsApp messaging app and WhatsApp Web.
