web-scraper-order,web-scraper-start-url,title,price,descr,url-href,image
1588071361-47,https://magepow.com/magento-2-extensions.html?product_list_limit=30,Lookbook Pin Products,$29.50,Lookbook Pin Products by Magepow is one of amazing extensions which helps you boost sales like a cross-selling art. Let inspire shopping for your customers!,https://magepow.com/lookbook-pin-products.html,https://magepow.com/pub/media/catalog/product/cache/38b8b45b16b72ff0ad275898599892d3/m/a/magento-lookbook-pin.jpg
1588071361-42,https://magepow.com/magento-2-extensions.html?product_list_limit=30,Magento 2 Ajax Cart,$29.50,null,https://magepow.com/magento-2-ajax-cart.html,https://magepow.com/pub/media/catalog/product/cache/38b8b45b16b72ff0ad275898599892d3/a/j/ajax_cart_extension.png
1588071361-45,https://magepow.com/magento-2-extensions.html?product_list_limit=30,Magento 2 Instagram Integration,$29.50,"Magento 2 Instagram Integration Extension by Magepow helps merchants integrate their online store with their Instagram. With the growth of social networks like Instagram, customers might have a unique and attractive look at your live store and willing to follow you on Instagram so that you can boost your sales by using this way.",https://magepow.com/magento-2-instagram.html,https://magepow.com/pub/media/catalog/product/cache/38b8b45b16b72ff0ad275898599892d3/m/a/magento_2_instagram_integration.png
1588071361-46,https://magepow.com/magento-2-extensions.html?product_list_limit=30,Magento 2 Order Sales Notification,$0.00,"Magepow Recentorder Extension for Magento show beautiful recent sales popups to notify visitors of recently bought items. When you have very small amount of order, you can show fake order instead to attract customers.",https://magepow.com/magento-2-recent-order-notification.html,https://magepow.com/pub/media/catalog/product/cache/38b8b45b16b72ff0ad275898599892d3/c/o/cover-letter-8-mau-anhtuanle.png
1588071361-39,https://magepow.com/magento-2-extensions.html?product_list_limit=30,Magento 2 Ajax Contact Form,$0.00,Ajax Contact Form Extension for Magento allows the customer to submit the form with ajax without redirect to the contact page.,https://magepow.com/magento-ajax-contact-form.html,https://magepow.com/pub/media/catalog/product/cache/38b8b45b16b72ff0ad275898599892d3/m/a/magento_2_ajax_contact_form.png
1588071361-48,https://magepow.com/magento-2-extensions.html?product_list_limit=30,Magento Banner Slider,$29.50,Magento banner slider extension by Magepow helps store owners enhance customer shopping experience and achieve target of marketing strategy,https://magepow.com/magento-banner-slider.html,https://magepow.com/pub/media/catalog/product/cache/38b8b45b16b72ff0ad275898599892d3/m/a/magento-banner-slider.jpg
1588071361-44,https://magepow.com/magento-2-extensions.html?product_list_limit=30,Magento Categories Extension,$0.00,"Categories Magento extension (Magepow Categories Extension) for Magento allows you to have subcategories in the form of a grid or list on category pages, home page or optionally any other page via XML layout updates or CMS markup tags.",https://magepow.com/magento-categories-extension.html,https://magepow.com/pub/media/catalog/product/cache/38b8b45b16b72ff0ad275898599892d3/a/d/advanced_magento_2_categories.png
1588071361-38,https://magepow.com/magento-2-extensions.html?product_list_limit=30,Magento 2 Lazy Load,$0.00,"With loading images by demand, Lazy Load extension for Magento 2 helps you enhance loading page time and improve your website performance",https://magepow.com/magento-lazy-load.html,https://magepow.com/pub/media/catalog/product/cache/38b8b45b16b72ff0ad275898599892d3/l/a/lazy_load_extension_for_magento_2.png
1588071361-40,https://magepow.com/magento-2-extensions.html?product_list_limit=30,Magento 2 Multi Translate,$49.50,"Multi Translate Extension for Magento 2 helps you translate your Products, Categories, and Catalogs much quicker. Save much of the time when you have a multi-languages store",https://magepow.com/magento-multi-translate.html,https://magepow.com/pub/media/catalog/product/cache/38b8b45b16b72ff0ad275898599892d3/m/u/multi_translate_for_magento_2_1.png
1588071361-49,https://magepow.com/magento-2-extensions.html?product_list_limit=30,Magento Product Slider,$29.50,Magento Product Slider extension is a list of products slide out on your wanted page to attract customers or improve your sales strategy,https://magepow.com/magento-product-slider.html,https://magepow.com/pub/media/catalog/product/cache/38b8b45b16b72ff0ad275898599892d3/m/a/magento-product-slider.jpg
1588071361-43,https://magepow.com/magento-2-extensions.html?product_list_limit=30,Magento Sticky Cart,$0.00,"Sticky cart Magento extension (Sticky add to cart Extension) provides to customers a convenient add to cart bar so they can add products to cart, view brief of product detail (image, price, quantity,...) quickly.",https://magepow.com/magento-sticky-cart.html,https://magepow.com/pub/media/catalog/product/cache/38b8b45b16b72ff0ad275898599892d3/s/t/sticky_footer.jpg
1588071361-41,https://magepow.com/magento-2-extensions.html?product_list_limit=30,Magento 2 Speed Optimizer,$49.50,"Magento Speed Optimizer extension help you enhance website speed, reduce bounce rate and drive greater sales",https://magepow.com/magento2-speed-optimizer.html,https://magepow.com/pub/media/catalog/product/cache/38b8b45b16b72ff0ad275898599892d3/m/a/magento_speed_optimizer.png
