﻿url,ids,count
https://amasty.com/shipping-rules-for-magento-2.html,"397,543",2
https://landofcoder.com/faq-extension-for-magento2.html,"708,715",2
https://landofcoder.com/magento-2-advanced-reports.html,"731,733,735",3
https://landofcoder.com/magento-2-blog-extension.html,"702,706,732,739,747",5
https://landofcoder.com/magento-2-cancel-order.html,"666,682",2
https://landofcoder.com/magento-2-customer-attributes.html,"699,742",2
https://landofcoder.com/magento-2-follow-up-email.html,"655,691",2
https://landofcoder.com/magento-2-force-login.html,"664,740",2
https://landofcoder.com/magento-2-form-builder.html,"669,712",2
https://landofcoder.com/magento-2-help-desk-extension.html,"656,703,709",3
https://landofcoder.com/magento-2-hide-price.html,"692,756",2
https://landofcoder.com/magento-2-image-gallery-pro.html,"672,681",2
https://landofcoder.com/magento-2-image-slider.html,"713,718",2
https://landofcoder.com/magento-2-infinite-scroll.html,"719,728",2
https://landofcoder.com/magento-2-marketplace-auction.html,"722,748",2
https://landofcoder.com/magento-2-order-tracking-extension.html,"680,736",2
https://landofcoder.com/magento-2-out-of-stock-notification.html,"654,673,674,755",4
https://landofcoder.com/magento-2-recent-order-notification.html,"683,686",2
https://landofcoder.com/magento-2-reward-points.html,"710,734",2
https://landofcoder.com/magento-2-sales-rep-extension.html,"698,723",2
https://landofcoder.com/magento-2-search.html,"658,744",2
https://landofcoder.com/magento-2-store-locator.html,"685,705,714",3
https://landofcoder.com/testimonial-extension-for-magento2.html,"695,700,750",3
https://www.mageplaza.com/magento-2-affiliate-extension/,"830,899,992,998",4
https://www.mageplaza.com/magento-2-age-verification/,"832,927,985",3
https://www.mageplaza.com/magento-2-ajax-layered-navigation/,"815,824",2
https://www.mageplaza.com/magento-2-automatic-related-products/,"816,981,1018",3
https://www.mageplaza.com/magento-2-better-blog/,"870,977,984",3
https://www.mageplaza.com/magento-2-better-change-qty/,"1009,1053",2
https://www.mageplaza.com/magento-2-better-coupon/,"855,905,1036",3
https://www.mageplaza.com/magento-2-better-maintenance/,"945,974",2
https://www.mageplaza.com/magento-2-better-product-reviews/,"826,925,978",3
https://www.mageplaza.com/magento-2-better-sorting/,"995,1013",2
https://www.mageplaza.com/magento-2-better-tier-price/,"900,928",2
https://www.mageplaza.com/magento-2-catalog-permissions/,"840,889,1038",3
https://www.mageplaza.com/magento-2-countdown-timer/,"903,939,958",3
https://www.mageplaza.com/magento-2-cro/,"912,969",2
https://www.mageplaza.com/magento-2-customer-approval/,"920,964",2
https://www.mageplaza.com/magento-2-daily-deal-extension/,"851,879,1015,1063",4
https://www.mageplaza.com/magento-2-delete-orders/,"1016,1022",2
https://www.mageplaza.com/magento-2-delivery-time-extension/,"814,843,902,983",4
https://www.mageplaza.com/magento-2-extra-fee/,"921,950",2
https://www.mageplaza.com/magento-2-faq-extension/,"938,941,949,961",4
https://www.mageplaza.com/magento-2-free-gifts/,"831,962",2
https://www.mageplaza.com/magento-2-free-shipping-bar/,"821,997,1003",3
https://www.mageplaza.com/magento-2-frequently-bought-together/,"829,862,915,1004",4
https://www.mageplaza.com/magento-2-gdpr-extension/,"1007,1059",2
https://www.mageplaza.com/magento-2-geoip/,"1002,1045",2
https://www.mageplaza.com/magento-2-gift-card-extension/,"835,960,989",3
https://www.mageplaza.com/magento-2-gift-wrap/,"872,887",2
https://www.mageplaza.com/magento-2-google-recaptcha/,"876,1035",2
https://www.mageplaza.com/magento-2-layered-navigation-extension/,"861,896,1005,1012,1020,1025,1049",7
https://www.mageplaza.com/magento-2-lazy-loading/,"809,1026",2
https://www.mageplaza.com/magento-2-milestone/,"947,987",2
https://www.mageplaza.com/magento-2-multiple-coupons/,"894,911,931,1019",4
https://www.mageplaza.com/magento-2-newsletter-popup/,"869,953",2
https://www.mageplaza.com/magento-2-one-step-checkout-extension/,"875,880,897,914,970",5
https://www.mageplaza.com/magento-2-order-attributes/,"836,867",2
https://www.mageplaza.com/magento-2-order-export/,"892,1029",2
https://www.mageplaza.com/magento-2-payment-restriction/,"883,1000",2
https://www.mageplaza.com/magento-2-product-finder/,"812,901",2
https://www.mageplaza.com/magento-2-product-labels/,"936,943,976,996",4
https://www.mageplaza.com/magento-2-product-questions/,"837,933",2
https://www.mageplaza.com/magento-2-promo-banner/,"935,954",2
https://www.mageplaza.com/magento-2-quick-cart/,"868,951",2
https://www.mageplaza.com/magento-2-quick-order/,"924,1055",2
https://www.mageplaza.com/magento-2-quick-view/,"822,834,1061",3
https://www.mageplaza.com/magento-2-reports-extension/,"844,881,934",3
https://www.mageplaza.com/magento-2-required-login/,"849,1030",2
https://www.mageplaza.com/magento-2-review-reminder/,"966,972",2
https://www.mageplaza.com/magento-2-reward-points-extension/,"871,1044",2
https://www.mageplaza.com/magento-2-sage-pay/,"873,965",2
https://www.mageplaza.com/magento-2-sales-pop/,"885,942,1062",3
https://www.mageplaza.com/magento-2-same-order-number/,"913,916",2
https://www.mageplaza.com/magento-2-search-extension/,"888,1032",2
https://www.mageplaza.com/magento-2-securepay/,"838,1048",2
https://www.mageplaza.com/magento-2-security/,"839,999,1028",3
https://www.mageplaza.com/magento-2-shipping-rules/,"907,1011",2
https://www.mageplaza.com/magento-2-shop-by-brand/,"968,1031,1037",3
https://www.mageplaza.com/magento-2-size-chart/,"906,1014,1047",3
https://www.mageplaza.com/magento-2-sms-notification/,"993,1021",2
https://www.mageplaza.com/magento-2-social-login-extension/,"877,1054",2
https://www.mageplaza.com/magento-2-social-share/,"1001,1057",2
https://www.mageplaza.com/magento-2-store-credit/,"828,922,1027,1046",4
https://www.mageplaza.com/magento-2-store-locator-extension/,"886,994",2
https://www.mageplaza.com/magento-2-store-switcher/,"898,1064",2
https://www.mageplaza.com/magento-2-two-factor-authentication/,"842,917",2
https://www.mageplaza.com/magento-2-who-bought-this-also-bought/,"857,930,1017",3
https://www.mageplaza.com/magento-2-who-viewed-this-also-viewed/,"1023,1042",2
https://www.mageplaza.com/magento-2-zoho-crm-integration-extension/,"1010,1060",2
https://www.mageworx.com/customer-prices-suite-magento-2.html,"768,804",2
https://www.mageworx.com/magento-2-custom-order-number.html,"773,778",2
https://www.mageworx.com/magento-2-extra-product-fees.html,"776,784",2
https://www.mageworx.com/magento-2-layered-navigation.html,"761,780,787",3
https://www.mageworx.com/magento-2-orders-grid.html,"774,796",2
https://www.mageworx.com/magento-2-product-attachments.html,"762,786,798",3
https://www.mageworx.com/magento-2-product-countdown-timer.html,"766,806",2
https://www.mageworx.com/magento-2-sales-popup-social-proof.html,"767,793",2
https://www.mageworx.com/magento-2-search-extension.html,"772,783",2
https://www.mageworx.com/magento-2-shipping-cost-calculator.html,"760,765",2
https://www.mageworx.com/magento-2-store-locator-and-pickup.html,"785,795,799",3
https://www.mageworx.com/shop-by-brand-magento-2.html,"763,777,801",3
